solid 
facet normal 0.0007328365 -0 0.9999997
 outer loop
  vertex 56.36142 -163.2 12.21978
  vertex 56.36142 -204 12.21978
  vertex 66.51322 -204 12.21234
 endloop
endfacet
facet normal 0.0007328365 0 0.9999997
 outer loop
  vertex 56.36142 -163.2 12.21978
  vertex 66.51322 -204 12.21234
  vertex 66.51322 -163.2 12.21234
 endloop
endfacet
facet normal -0.78547037 0 -0.6188992
 outer loop
  vertex 1.114224 -163.2 -2.570937
  vertex 1.114224 -204 -2.570937
  vertex 0.792426 -204 -2.16253
 endloop
endfacet
facet normal -0.78547037 -0 -0.6188992
 outer loop
  vertex 1.114224 -163.2 -2.570937
  vertex 0.792426 -204 -2.16253
  vertex 0.792426 -163.2 -2.16253
 endloop
endfacet
facet normal -0.3014062 -0 -0.9534958
 outer loop
  vertex 10.16323 163.20001 -7.245791
  vertex 9.05181 163.20001 -6.894464
  vertex 9.05181 204 -6.894464
 endloop
endfacet
facet normal -0.3014062 0 -0.9534958
 outer loop
  vertex 10.16323 163.20001 -7.245791
  vertex 9.05181 204 -6.894464
  vertex 10.16323 204 -7.245791
 endloop
endfacet
facet normal -0.052196465 0 0.99863684
 outer loop
  vertex 40.54712 163.20001 11.68808
  vertex 44.55112 163.20001 11.89736
  vertex 44.55112 204 11.89736
 endloop
endfacet
facet normal -0.052196465 0 0.99863684
 outer loop
  vertex 40.54712 163.20001 11.68808
  vertex 44.55112 204 11.89736
  vertex 40.54712 204 11.68808
 endloop
endfacet
facet normal -0.14717962 0 0.9891098
 outer loop
  vertex 24.46798 163.20001 10.16383
  vertex 24.46798 204 10.16383
  vertex 21.34662 204 9.699371
 endloop
endfacet
facet normal -0.14717962 0 0.9891098
 outer loop
  vertex 24.46798 163.20001 10.16383
  vertex 21.34662 204 9.699371
  vertex 21.34662 163.20001 9.699371
 endloop
endfacet
facet normal -0.14717963 0 -0.9891098
 outer loop
  vertex 24.46798 -163.2 -10.16383
  vertex 24.46798 -204 -10.16383
  vertex 21.34662 -204 -9.699371
 endloop
endfacet
facet normal -0.14717963 -0 -0.9891098
 outer loop
  vertex 24.46798 -163.2 -10.16383
  vertex 21.34662 -204 -9.699371
  vertex 21.34662 -163.2 -9.699371
 endloop
endfacet
facet normal -0.24445471 0 0.9696607
 outer loop
  vertex 13.53145 -163.2 8.157851
  vertex 12.41006 -163.2 7.875145
  vertex 12.41006 -204 7.875145
 endloop
endfacet
facet normal -0.24445471 0 0.9696607
 outer loop
  vertex 13.53145 -163.2 8.157851
  vertex 12.41006 -204 7.875145
  vertex 13.53145 -204 8.157851
 endloop
endfacet
facet normal -0.733232 0 0.6799785
 outer loop
  vertex 1.114224 163.2 2.570937
  vertex 1.292233 163.2 2.762887
  vertex 1.292233 204 2.762887
 endloop
endfacet
facet normal -0.733232 0 0.6799785
 outer loop
  vertex 1.114224 163.2 2.570937
  vertex 1.292233 204 2.762887
  vertex 1.114224 204 2.570937
 endloop
endfacet
facet normal -0.11154101 0 -0.9937598
 outer loop
  vertex 30.441 -163.2 -10.87839
  vertex 30.441 -204 -10.87839
  vertex 27.01294 -204 -10.49362
 endloop
endfacet
facet normal -0.11154101 -0 -0.9937598
 outer loop
  vertex 30.441 -163.2 -10.87839
  vertex 27.01294 -204 -10.49362
  vertex 27.01294 -163.2 -10.49362
 endloop
endfacet
facet normal -0.12851107 0 -0.99170804
 outer loop
  vertex 27.01294 -163.2 -10.49362
  vertex 27.01294 -204 -10.49362
  vertex 24.46798 -204 -10.16383
 endloop
endfacet
facet normal -0.12851107 -0 -0.99170804
 outer loop
  vertex 27.01294 -163.2 -10.49362
  vertex 24.46798 -204 -10.16383
  vertex 24.46798 -163.2 -10.16383
 endloop
endfacet
facet normal -0.2235461 0 0.97469336
 outer loop
  vertex 13.53145 163.20001 8.157851
  vertex 15.50211 163.2 8.609822
  vertex 15.50211 204 8.609822
 endloop
endfacet
facet normal -0.22354612 0 0.97469336
 outer loop
  vertex 13.53145 163.20001 8.157851
  vertex 15.50211 204 8.609822
  vertex 13.53145 204 8.157851
 endloop
endfacet
facet normal -0.08626522 0 0.99627227
 outer loop
  vertex 32.09028 -163.2 11.04214
  vertex 32.09028 -204 11.04214
  vertex 35.7737 -204 11.36108
 endloop
endfacet
facet normal -0.08626522 0 0.99627227
 outer loop
  vertex 32.09028 -163.2 11.04214
  vertex 35.7737 -204 11.36108
  vertex 35.7737 -163.2 11.36108
 endloop
endfacet
facet normal -0.18020612 0 0.9836288
 outer loop
  vertex 19.96656 -163.2 9.470139
  vertex 17.51315 -163.2 9.02066
  vertex 17.51315 -204 9.02066
 endloop
endfacet
facet normal -0.18020612 0 0.9836288
 outer loop
  vertex 19.96656 -163.2 9.470139
  vertex 17.51315 -204 9.02066
  vertex 19.96656 -204 9.470139
 endloop
endfacet
facet normal 0.0710355 0 -0.9974738
 outer loop
  vertex 103.0405 -163.20001 -10.73212
  vertex 117.8436 -163.2 -9.677911
  vertex 117.8436 -204 -9.677911
 endloop
endfacet
facet normal 0.0710355 0 -0.9974738
 outer loop
  vertex 103.0405 -163.20001 -10.73212
  vertex 117.8436 -204 -9.677911
  vertex 103.0405 -204 -10.73212
 endloop
endfacet
facet normal -0.09879987 0 0.99510735
 outer loop
  vertex 30.441 -163.20001 10.87839
  vertex 30.441 -204 10.87839
  vertex 32.09028 -204 11.04214
 endloop
endfacet
facet normal -0.09879987 0 0.99510735
 outer loop
  vertex 30.441 -163.20001 10.87839
  vertex 32.09028 -204 11.04214
  vertex 32.09028 -163.2 11.04214
 endloop
endfacet
facet normal 0.0007328365 0 -0.9999997
 outer loop
  vertex 56.36142 -163.20001 -12.21978
  vertex 66.51322 -163.2 -12.21234
  vertex 66.51322 -204 -12.21234
 endloop
endfacet
facet normal 0.00073283655 0 -0.9999997
 outer loop
  vertex 56.36142 -163.20001 -12.21978
  vertex 66.51322 -204 -12.21234
  vertex 56.36142 -204 -12.21978
 endloop
endfacet
facet normal -0.015152044 0 0.9998852
 outer loop
  vertex 52.99727 -163.2 12.1688
  vertex 52.99727 -204 12.1688
  vertex 56.36142 -204 12.21978
 endloop
endfacet
facet normal -0.015152044 0 0.9998852
 outer loop
  vertex 52.99727 -163.2 12.1688
  vertex 56.36142 -204 12.21978
  vertex 56.36142 -163.2 12.21978
 endloop
endfacet
facet normal -0.038585994 0 -0.9992553
 outer loop
  vertex 48.70627 -163.2 -12.05781
  vertex 48.70627 -204 -12.05781
  vertex 44.55112 -204 -11.89736
 endloop
endfacet
facet normal -0.038585994 -0 -0.9992553
 outer loop
  vertex 48.70627 -163.2 -12.05781
  vertex 44.55112 -204 -11.89736
  vertex 44.55112 -163.2 -11.89736
 endloop
endfacet
facet normal 0.100803375 0 -0.99490637
 outer loop
  vertex 136.2469 -163.2 -8.097034
  vertex 161.1574 -163.2 -5.573117
  vertex 161.1574 -204 -5.573117
 endloop
endfacet
facet normal 0.100803375 0 -0.99490637
 outer loop
  vertex 136.2469 -163.2 -8.097034
  vertex 161.1574 -204 -5.573117
  vertex 136.2469 -204 -8.097034
 endloop
endfacet
facet normal 0.13064665 -0 0.99142903
 outer loop
  vertex 182.5283 -163.2 3.089106
  vertex 182.5283 -204 3.089106
  vertex 204 -204 0.2596499
 endloop
endfacet
facet normal 0.13064663 0 0.99142903
 outer loop
  vertex 182.5283 -163.2 3.089106
  vertex 204 -204 0.2596499
  vertex 204 -163.20001 0.2596499
 endloop
endfacet
facet normal -0.48916367 0 0.872192
 outer loop
  vertex 3.635563 -163.2 4.555922
  vertex 3.635563 -204 4.555922
  vertex 4.360529 -204 4.962515
 endloop
endfacet
facet normal -0.48916364 0 0.872192
 outer loop
  vertex 3.635563 -163.2 4.555922
  vertex 4.360529 -204 4.962515
  vertex 4.360529 -163.20001 4.962515
 endloop
endfacet
facet normal -0.35903588 -0 -0.9333238
 outer loop
  vertex 6.689208 163.20001 -6.035852
  vertex 6.689208 204 -6.035852
  vertex 7.64796 204 -6.40467
 endloop
endfacet
facet normal -0.35903588 0 -0.9333238
 outer loop
  vertex 6.689208 163.20001 -6.035852
  vertex 7.64796 204 -6.40467
  vertex 7.64796 163.20001 -6.40467
 endloop
endfacet
facet normal -0.2001573 0 0.97976375
 outer loop
  vertex 17.51315 -163.2 9.02066
  vertex 15.50211 -163.20001 8.609822
  vertex 15.50211 -204 8.609822
 endloop
endfacet
facet normal -0.20015731 0 0.97976375
 outer loop
  vertex 17.51315 -163.2 9.02066
  vertex 15.50211 -204 8.609822
  vertex 17.51315 -204 9.02066
 endloop
endfacet
facet normal 0.113248736 0 -0.99356663
 outer loop
  vertex 176.0895 -163.2 -3.871126
  vertex 176.0895 -204 -3.871126
  vertex 161.1574 -204 -5.573117
 endloop
endfacet
facet normal 0.113248736 0 -0.99356663
 outer loop
  vertex 176.0895 -163.2 -3.871126
  vertex 161.1574 -204 -5.573117
  vertex 161.1574 -163.2 -5.573117
 endloop
endfacet
facet normal 0.07776063 -0 0.9969721
 outer loop
  vertex 107.9817 -163.2 10.40418
  vertex 107.9817 -204 10.40418
  vertex 127.5457 -204 8.87825
 endloop
endfacet
facet normal 0.07776063 0 0.9969721
 outer loop
  vertex 107.9817 -163.2 10.40418
  vertex 127.5457 -204 8.87825
  vertex 127.5457 -163.20001 8.87825
 endloop
endfacet
facet normal 0.056978233 0 -0.9983754
 outer loop
  vertex 90.88878 -163.20001 -11.42563
  vertex 103.0405 -163.20001 -10.73212
  vertex 103.0405 -204 -10.73212
 endloop
endfacet
facet normal 0.056978233 0 -0.9983754
 outer loop
  vertex 90.88878 -163.20001 -11.42563
  vertex 103.0405 -204 -10.73212
  vertex 90.88878 -204 -11.42563
 endloop
endfacet
facet normal -0.8951109 -0 -0.44584343
 outer loop
  vertex 0.3056599 163.20001 -1.330055
  vertex 0.3056599 204 -1.330055
  vertex 0.5058168 204 -1.731906
 endloop
endfacet
facet normal -0.8951109 0 -0.44584343
 outer loop
  vertex 0.3056599 163.20001 -1.330055
  vertex 0.5058168 204 -1.731906
  vertex 0.5058168 163.20001 -1.731906
 endloop
endfacet
facet normal -0.83247244 0 0.5540665
 outer loop
  vertex 0.792426 163.20001 2.16253
  vertex 0.792426 204 2.16253
  vertex 0.5058168 204 1.731906
 endloop
endfacet
facet normal -0.83247244 0 0.5540665
 outer loop
  vertex 0.792426 163.20001 2.16253
  vertex 0.5058168 204 1.731906
  vertex 0.5058168 163.20001 1.731906
 endloop
endfacet
facet normal -0.9987363 0 -0.050256804
 outer loop
  vertex 0.01380354 -163.2 -0.274313
  vertex 0.01380354 -204 -0.274313
  vertex 0 -204 -4.52971e-14
 endloop
endfacet
facet normal -0.9987363 1.1159254e-17 -0.05025681
 outer loop
  vertex 0.01380354 -163.2 -0.274313
  vertex 0 -204 -4.52971e-14
  vertex 0 -163.20001 -3.6237682e-14
 endloop
endfacet
facet normal -0.9987363 0 0.05025681
 outer loop
  vertex 0.01380354 163.20001 0.274313
  vertex 0.01380354 204 0.274313
  vertex 0 204 4.52971e-14
 endloop
endfacet
facet normal -0.9987363 -1.1159252e-17 0.050256804
 outer loop
  vertex 0.01380354 163.20001 0.274313
  vertex 0 204 4.52971e-14
  vertex 0 163.2 3.623768e-14
 endloop
endfacet
facet normal -0.3014062 0 0.95349586
 outer loop
  vertex 9.05181 -163.2 6.894464
  vertex 9.05181 -204 6.894464
  vertex 10.16323 -204 7.245791
 endloop
endfacet
facet normal -0.3014062 0 0.95349586
 outer loop
  vertex 9.05181 -163.2 6.894464
  vertex 10.16323 -204 7.245791
  vertex 10.16323 -163.2 7.245791
 endloop
endfacet
facet normal -0.33696792 0 0.9415161
 outer loop
  vertex 7.64796 -163.2 6.40467
  vertex 7.64796 -204 6.40467
  vertex 8.56325 -204 6.732251
 endloop
endfacet
facet normal -0.33696792 0 0.9415161
 outer loop
  vertex 7.64796 -163.2 6.40467
  vertex 8.56325 -204 6.732251
  vertex 8.56325 -163.2 6.732251
 endloop
endfacet
facet normal -0.024310946 -0 -0.9997044
 outer loop
  vertex 48.70627 163.20001 -12.05781
  vertex 48.70627 204 -12.05781
  vertex 54.01796 204 -12.18698
 endloop
endfacet
facet normal -0.024310946 0 -0.9997044
 outer loop
  vertex 48.70627 163.20001 -12.05781
  vertex 54.01796 204 -12.18698
  vertex 54.01796 163.20001 -12.18698
 endloop
endfacet
facet normal -0.025857238 0 0.9996657
 outer loop
  vertex 52.99727 -163.2 12.1688
  vertex 48.70627 -163.2 12.05781
  vertex 48.70627 -204 12.05781
 endloop
endfacet
facet normal -0.025857238 0 0.9996657
 outer loop
  vertex 52.99727 -163.2 12.1688
  vertex 48.70627 -204 12.05781
  vertex 52.99727 -204 12.1688
 endloop
endfacet
facet normal -0.26483923 0 -0.9642926
 outer loop
  vertex 12.41006 -163.2 -7.875145
  vertex 12.41006 -204 -7.875145
  vertex 10.66224 -204 -7.395113
 endloop
endfacet
facet normal -0.26483923 -0 -0.9642926
 outer loop
  vertex 12.41006 -163.2 -7.875145
  vertex 10.66224 -204 -7.395113
  vertex 10.66224 -163.2 -7.395113
 endloop
endfacet
facet normal -0.068344116 0 0.9976618
 outer loop
  vertex 35.7737 -163.2 11.36108
  vertex 35.7737 -204 11.36108
  vertex 40.54712 -204 11.68808
 endloop
endfacet
facet normal -0.068344116 0 0.9976618
 outer loop
  vertex 35.7737 -163.2 11.36108
  vertex 40.54712 -204 11.68808
  vertex 40.54712 -163.2 11.68808
 endloop
endfacet
facet normal -0.31510738 0 0.949056
 outer loop
  vertex 8.56325 -163.2 6.732251
  vertex 8.56325 -204 6.732251
  vertex 9.05181 -204 6.894464
 endloop
endfacet
facet normal -0.31510738 0 0.949056
 outer loop
  vertex 8.56325 -163.2 6.732251
  vertex 9.05181 -204 6.894464
  vertex 9.05181 -163.2 6.894464
 endloop
endfacet
facet normal -0.78547037 0 0.6188992
 outer loop
  vertex 1.114224 163.2 2.570937
  vertex 1.114224 204 2.570937
  vertex 0.792426 204 2.16253
 endloop
endfacet
facet normal -0.78547037 0 0.6188992
 outer loop
  vertex 1.114224 163.2 2.570937
  vertex 0.792426 204 2.16253
  vertex 0.792426 163.20001 2.16253
 endloop
endfacet
facet normal -0.70593274 0 0.7082788
 outer loop
  vertex 1.292233 163.2 2.762887
  vertex 1.509936 163.20001 2.979869
  vertex 1.509936 204 2.979869
 endloop
endfacet
facet normal -0.7059328 0 0.7082788
 outer loop
  vertex 1.292233 163.2 2.762887
  vertex 1.509936 204 2.979869
  vertex 1.292233 204 2.762887
 endloop
endfacet
facet normal -0.16385838 0 0.9864839
 outer loop
  vertex 19.96656 -163.2 9.470139
  vertex 19.96656 -204 9.470139
  vertex 21.34662 -204 9.699371
 endloop
endfacet
facet normal -0.16385838 0 0.9864839
 outer loop
  vertex 19.96656 -163.2 9.470139
  vertex 21.34662 -204 9.699371
  vertex 21.34662 -163.2 9.699371
 endloop
endfacet
facet normal -0.6016855 0 0.79873306
 outer loop
  vertex 2.188113 163.2 3.575724
  vertex 2.457496 163.2 3.77865
  vertex 2.457496 204 3.77865
 endloop
endfacet
facet normal -0.6016855 0 0.79873306
 outer loop
  vertex 2.188113 163.2 3.575724
  vertex 2.457496 204 3.77865
  vertex 2.188113 204 3.575724
 endloop
endfacet
facet normal -0.57434183 0 0.81861556
 outer loop
  vertex 3.046491 163.20001 4.19189
  vertex 3.046491 204 4.19189
  vertex 2.457496 204 3.77865
 endloop
endfacet
facet normal -0.57434183 0 0.81861556
 outer loop
  vertex 3.046491 163.20001 4.19189
  vertex 2.457496 204 3.77865
  vertex 2.457496 163.2 3.77865
 endloop
endfacet
facet normal -0.45147088 0 0.8922858
 outer loop
  vertex 4.360529 163.2 4.962515
  vertex 5.045701 163.2 5.309192
  vertex 5.045701 204 5.309192
 endloop
endfacet
facet normal -0.45147088 0 0.8922858
 outer loop
  vertex 4.360529 163.2 4.962515
  vertex 5.045701 204 5.309192
  vertex 4.360529 204 4.962515
 endloop
endfacet
facet normal -0.62924236 0 -0.77720916
 outer loop
  vertex 2.188113 -163.2 -3.575724
  vertex 2.188113 -204 -3.575724
  vertex 1.962383 -204 -3.392969
 endloop
endfacet
facet normal -0.62924236 -0 -0.77720916
 outer loop
  vertex 2.188113 -163.2 -3.575724
  vertex 1.962383 -204 -3.392969
  vertex 1.962383 -163.2 -3.392969
 endloop
endfacet
facet normal -0.62924236 0 0.77720916
 outer loop
  vertex 1.962383 -163.2 3.392969
  vertex 1.962383 -204 3.392969
  vertex 2.188113 -204 3.575724
 endloop
endfacet
facet normal -0.6292424 0 0.7772091
 outer loop
  vertex 1.962383 -163.2 3.392969
  vertex 2.188113 -204 3.575724
  vertex 2.188113 -163.20001 3.575724
 endloop
endfacet
facet normal -0.9368465 0 0.3497408
 outer loop
  vertex 0.3056599 163.2 1.330055
  vertex 0.3056599 204 1.330055
  vertex 0.1386817 204 0.8827725
 endloop
endfacet
facet normal -0.9368465 0 0.3497408
 outer loop
  vertex 0.3056599 163.2 1.330055
  vertex 0.1386817 204 0.8827725
  vertex 0.1386817 163.2 0.8827725
 endloop
endfacet
facet normal -0.3893839 0 0.92107546
 outer loop
  vertex 5.896528 163.20001 5.700747
  vertex 6.689208 163.20001 6.035852
  vertex 6.689208 204 6.035852
 endloop
endfacet
facet normal -0.3893839 0 0.92107546
 outer loop
  vertex 5.896528 163.20001 5.700747
  vertex 6.689208 204 6.035852
  vertex 5.896528 204 5.700747
 endloop
endfacet
facet normal -0.05219646 0 -0.99863684
 outer loop
  vertex 44.55112 -163.2 -11.89736
  vertex 44.55112 -204 -11.89736
  vertex 40.54712 -204 -11.68808
 endloop
endfacet
facet normal -0.05219646 -0 -0.99863684
 outer loop
  vertex 44.55112 -163.2 -11.89736
  vertex 40.54712 -204 -11.68808
  vertex 40.54712 -163.2 -11.68808
 endloop
endfacet
facet normal -0.8951109 0 0.44584343
 outer loop
  vertex 0.5058168 163.20001 1.731906
  vertex 0.5058168 204 1.731906
  vertex 0.3056599 204 1.330055
 endloop
endfacet
facet normal -0.89511096 0 0.4458434
 outer loop
  vertex 0.5058168 163.20001 1.731906
  vertex 0.3056599 204 1.330055
  vertex 0.3056599 163.2 1.330055
 endloop
endfacet
facet normal 0.12832503 0 -0.9917321
 outer loop
  vertex 204 -163.20001 -0.2596499
  vertex 204 -204 -0.2596499
  vertex 176.0895 -204 -3.871126
 endloop
endfacet
facet normal 0.12832505 0 -0.99173224
 outer loop
  vertex 204 -163.20001 -0.2596499
  vertex 176.0895 -204 -3.871126
  vertex 176.0895 -163.2 -3.871126
 endloop
endfacet
facet normal -0.35903588 0 0.9333238
 outer loop
  vertex 7.64796 163.20001 6.40467
  vertex 7.64796 204 6.40467
  vertex 6.689208 204 6.035852
 endloop
endfacet
facet normal -0.35903588 0 0.9333238
 outer loop
  vertex 7.64796 163.20001 6.40467
  vertex 6.689208 204 6.035852
  vertex 6.689208 163.20001 6.035852
 endloop
endfacet
facet normal 0.019751947 -0 0.9998049
 outer loop
  vertex 66.51322 -163.2 12.21234
  vertex 66.51322 -204 12.21234
  vertex 75.18409 -204 12.04104
 endloop
endfacet
facet normal 0.019751947 0 0.9998049
 outer loop
  vertex 66.51322 -163.2 12.21234
  vertex 75.18409 -204 12.04104
  vertex 75.18409 -163.2 12.04104
 endloop
endfacet
facet normal -0.24445471 0 -0.9696607
 outer loop
  vertex 12.41006 -163.2 -7.875145
  vertex 13.53145 -163.20001 -8.157851
  vertex 13.53145 -204 -8.157851
 endloop
endfacet
facet normal -0.24445471 0 -0.9696607
 outer loop
  vertex 12.41006 -163.2 -7.875145
  vertex 13.53145 -204 -8.157851
  vertex 12.41006 -204 -7.875145
 endloop
endfacet
facet normal -0.20015731 0 -0.97976375
 outer loop
  vertex 15.50211 -163.2 -8.609822
  vertex 17.51315 -163.2 -9.02066
  vertex 17.51315 -204 -9.02066
 endloop
endfacet
facet normal -0.20015731 0 -0.97976375
 outer loop
  vertex 15.50211 -163.2 -8.609822
  vertex 17.51315 -204 -9.02066
  vertex 15.50211 -204 -8.609822
 endloop
endfacet
facet normal -0.26483923 0 0.9642926
 outer loop
  vertex 12.41006 -163.2 7.875145
  vertex 10.66224 -163.2 7.395113
  vertex 10.66224 -204 7.395113
 endloop
endfacet
facet normal -0.26483923 0 0.9642926
 outer loop
  vertex 12.41006 -163.2 7.875145
  vertex 10.66224 -204 7.395113
  vertex 12.41006 -204 7.875145
 endloop
endfacet
facet normal -0.068344116 0 -0.9976618
 outer loop
  vertex 40.54712 -163.2 -11.68808
  vertex 40.54712 -204 -11.68808
  vertex 35.7737 -204 -11.36108
 endloop
endfacet
facet normal -0.068344116 -0 -0.9976618
 outer loop
  vertex 40.54712 -163.2 -11.68808
  vertex 35.7737 -204 -11.36108
  vertex 35.7737 -163.2 -11.36108
 endloop
endfacet
facet normal -0.013994909 0 -0.9999021
 outer loop
  vertex 56.36142 -163.20001 -12.21978
  vertex 56.36142 -204 -12.21978
  vertex 54.01796 -204 -12.18698
 endloop
endfacet
facet normal -0.013994907 -0 -0.999902
 outer loop
  vertex 56.36142 -163.20001 -12.21978
  vertex 54.01796 -204 -12.18698
  vertex 54.01796 -163.2 -12.18698
 endloop
endfacet
facet normal 0 1 0
 outer loop
  vertex 75.18409 204 -12.04104
  vertex 66.51322 204 -12.21234
  vertex 56.36142 204 -12.21978
 endloop
endfacet
facet normal 0 1 0
 outer loop
  vertex 56.36142 204 -12.21978
  vertex 54.01796 204 -12.18698
  vertex 48.70627 204 -12.05781
 endloop
endfacet
facet normal 0 1 0
 outer loop
  vertex 48.70627 204 -12.05781
  vertex 44.55112 204 -11.89736
  vertex 40.54712 204 -11.68808
 endloop
endfacet
facet normal 0 1 0
 outer loop
  vertex 40.54712 204 -11.68808
  vertex 35.7737 204 -11.36108
  vertex 32.09028 204 -11.04214
 endloop
endfacet
facet normal 0 1 0
 outer loop
  vertex 32.09028 204 -11.04214
  vertex 30.441 204 -10.87839
  vertex 27.01294 204 -10.49362
 endloop
endfacet
facet normal 0 1 0
 outer loop
  vertex 27.01294 204 -10.49362
  vertex 24.46798 204 -10.16383
  vertex 21.34662 204 -9.699371
 endloop
endfacet
facet normal 0 1 0
 outer loop
  vertex 21.34662 204 -9.699371
  vertex 19.96656 204 -9.470139
  vertex 17.51315 204 -9.02066
 endloop
endfacet
facet normal 0 1 0
 outer loop
  vertex 17.51315 204 -9.02066
  vertex 15.50211 204 -8.609822
  vertex 13.53145 204 -8.157851
 endloop
endfacet
facet normal 0 1 0
 outer loop
  vertex 13.53145 204 -8.157851
  vertex 12.41006 204 -7.875145
  vertex 10.66224 204 -7.395113
 endloop
endfacet
facet normal 0 1 0
 outer loop
  vertex 10.66224 204 -7.395113
  vertex 10.16323 204 -7.245791
  vertex 9.05181 204 -6.894464
 endloop
endfacet
facet normal 0 1 0
 outer loop
  vertex 9.05181 204 -6.894464
  vertex 8.56325 204 -6.732251
  vertex 7.64796 204 -6.40467
 endloop
endfacet
facet normal 0 1 0
 outer loop
  vertex 7.64796 204 -6.40467
  vertex 6.689208 204 -6.035852
  vertex 5.896528 204 -5.700747
 endloop
endfacet
facet normal 0 1 0
 outer loop
  vertex 5.896528 204 -5.700747
  vertex 5.045701 204 -5.309192
  vertex 4.360529 204 -4.962515
 endloop
endfacet
facet normal 0 1 0
 outer loop
  vertex 4.360529 204 -4.962515
  vertex 3.635563 204 -4.555922
  vertex 3.046491 204 -4.19189
 endloop
endfacet
facet normal 0 1 0
 outer loop
  vertex 3.046491 204 -4.19189
  vertex 2.457496 204 -3.77865
  vertex 2.188113 204 -3.575724
 endloop
endfacet
facet normal 0 1 0
 outer loop
  vertex 2.188113 204 -3.575724
  vertex 1.962383 204 -3.392969
  vertex 1.509936 204 -2.979869
 endloop
endfacet
facet normal 0 1 0
 outer loop
  vertex 1.509936 204 -2.979869
  vertex 1.292233 204 -2.762887
  vertex 1.114224 204 -2.570937
 endloop
endfacet
facet normal 0 1 0
 outer loop
  vertex 1.114224 204 -2.570937
  vertex 0.792426 204 -2.16253
  vertex 0.5058168 204 -1.731906
 endloop
endfacet
facet normal 0 1 0
 outer loop
  vertex 0.5058168 204 -1.731906
  vertex 0.3056599 204 -1.330055
  vertex 0.1386817 204 -0.8827725
 endloop
endfacet
facet normal 0 1 0
 outer loop
  vertex 0.1386817 204 -0.8827725
  vertex 0.04626759 204 -0.4978436
  vertex 0.01380354 204 -0.274313
 endloop
endfacet
facet normal 0 1 0
 outer loop
  vertex 0.01380354 204 -0.274313
  vertex 0 204 4.52971e-14
  vertex 0.01380354 204 0.274313
 endloop
endfacet
facet normal 0 1 0
 outer loop
  vertex 0.01380354 204 0.274313
  vertex 0.04626759 204 0.4978436
  vertex 0.1386817 204 0.8827725
 endloop
endfacet
facet normal 0 1 0
 outer loop
  vertex 0.1386817 204 0.8827725
  vertex 0.3056599 204 1.330055
  vertex 0.5058168 204 1.731906
 endloop
endfacet
facet normal 0 1 0
 outer loop
  vertex 0.5058168 204 1.731906
  vertex 0.792426 204 2.16253
  vertex 1.114224 204 2.570937
 endloop
endfacet
facet normal 0 1 0
 outer loop
  vertex 1.114224 204 2.570937
  vertex 1.292233 204 2.762887
  vertex 1.509936 204 2.979869
 endloop
endfacet
facet normal 0 1 0
 outer loop
  vertex 1.509936 204 2.979869
  vertex 1.962383 204 3.392969
  vertex 2.188113 204 3.575724
 endloop
endfacet
facet normal 0 1 0
 outer loop
  vertex 2.188113 204 3.575724
  vertex 2.457496 204 3.77865
  vertex 3.046491 204 4.19189
 endloop
endfacet
facet normal 0 1 0
 outer loop
  vertex 3.046491 204 4.19189
  vertex 3.635563 204 4.555922
  vertex 4.360529 204 4.962515
 endloop
endfacet
facet normal 0 1 0
 outer loop
  vertex 4.360529 204 4.962515
  vertex 5.045701 204 5.309192
  vertex 5.896528 204 5.700747
 endloop
endfacet
facet normal 0 1 0
 outer loop
  vertex 5.896528 204 5.700747
  vertex 6.689208 204 6.035852
  vertex 7.64796 204 6.40467
 endloop
endfacet
facet normal 0 1 0
 outer loop
  vertex 7.64796 204 6.40467
  vertex 8.56325 204 6.732251
  vertex 9.05181 204 6.894464
 endloop
endfacet
facet normal 0 1 0
 outer loop
  vertex 9.05181 204 6.894464
  vertex 10.16323 204 7.245791
  vertex 10.66224 204 7.395113
 endloop
endfacet
facet normal 0 1 0
 outer loop
  vertex 10.66224 204 7.395113
  vertex 12.41006 204 7.875145
  vertex 13.53145 204 8.157851
 endloop
endfacet
facet normal 0 1 0
 outer loop
  vertex 13.53145 204 8.157851
  vertex 15.50211 204 8.609822
  vertex 17.51315 204 9.02066
 endloop
endfacet
facet normal 0 1 0
 outer loop
  vertex 17.51315 204 9.02066
  vertex 19.96656 204 9.470139
  vertex 21.34662 204 9.699371
 endloop
endfacet
facet normal 0 1 0
 outer loop
  vertex 21.34662 204 9.699371
  vertex 24.46798 204 10.16383
  vertex 27.01294 204 10.49362
 endloop
endfacet
facet normal 0 1 0
 outer loop
  vertex 27.01294 204 10.49362
  vertex 30.441 204 10.87839
  vertex 32.09028 204 11.04214
 endloop
endfacet
facet normal 0 1 0
 outer loop
  vertex 32.09028 204 11.04214
  vertex 35.7737 204 11.36108
  vertex 40.54712 204 11.68808
 endloop
endfacet
facet normal 0 1 0
 outer loop
  vertex 40.54712 204 11.68808
  vertex 44.55112 204 11.89736
  vertex 48.70627 204 12.05781
 endloop
endfacet
facet normal 0 1 0
 outer loop
  vertex 48.70627 204 12.05781
  vertex 52.99727 204 12.1688
  vertex 56.36142 204 12.21978
 endloop
endfacet
facet normal 0 1 0
 outer loop
  vertex 56.36142 204 12.21978
  vertex 66.51322 204 12.21234
  vertex 75.18409 204 12.04104
 endloop
endfacet
facet normal 0 1 0
 outer loop
  vertex 75.18409 204 12.04104
  vertex 90.88878 204 11.42563
  vertex 107.9817 204 10.40418
 endloop
endfacet
facet normal 0 1 0
 outer loop
  vertex 107.9817 204 10.40418
  vertex 127.5457 204 8.87825
  vertex 164.2276 204 5.235105
 endloop
endfacet
facet normal 0 1 0
 outer loop
  vertex 164.2276 204 5.235105
  vertex 182.5283 204 3.089106
  vertex 204 204 0.2596499
 endloop
endfacet
facet normal 0 1 0
 outer loop
  vertex 204 204 0.2596499
  vertex 204 204 -0.2596499
  vertex 176.0895 204 -3.871126
 endloop
endfacet
facet normal 0 1 0
 outer loop
  vertex 176.0895 204 -3.871126
  vertex 161.1574 204 -5.573117
  vertex 136.2469 204 -8.097034
 endloop
endfacet
facet normal 0 1 0
 outer loop
  vertex 136.2469 204 -8.097034
  vertex 117.8436 204 -9.677911
  vertex 103.0405 204 -10.73212
 endloop
endfacet
facet normal 0 1 0
 outer loop
  vertex 103.0405 204 -10.73212
  vertex 90.88878 204 -11.42563
  vertex 75.18409 204 -12.04104
 endloop
endfacet
facet normal -0 1 0
 outer loop
  vertex 75.18409 204 -12.04104
  vertex 56.36142 204 -12.21978
  vertex 48.70627 204 -12.05781
 endloop
endfacet
facet normal 0 1 0
 outer loop
  vertex 48.70627 204 -12.05781
  vertex 40.54712 204 -11.68808
  vertex 32.09028 204 -11.04214
 endloop
endfacet
facet normal 0 1 0
 outer loop
  vertex 32.09028 204 -11.04214
  vertex 27.01294 204 -10.49362
  vertex 21.34662 204 -9.699371
 endloop
endfacet
facet normal 0 1 0
 outer loop
  vertex 21.34662 204 -9.699371
  vertex 17.51315 204 -9.02066
  vertex 13.53145 204 -8.157851
 endloop
endfacet
facet normal 0 1 0
 outer loop
  vertex 13.53145 204 -8.157851
  vertex 10.66224 204 -7.395113
  vertex 9.05181 204 -6.894464
 endloop
endfacet
facet normal 0 1 0
 outer loop
  vertex 9.05181 204 -6.894464
  vertex 7.64796 204 -6.40467
  vertex 5.896528 204 -5.700747
 endloop
endfacet
facet normal 0 1 0
 outer loop
  vertex 5.896528 204 -5.700747
  vertex 4.360529 204 -4.962515
  vertex 3.046491 204 -4.19189
 endloop
endfacet
facet normal 0 1 0
 outer loop
  vertex 3.046491 204 -4.19189
  vertex 2.188113 204 -3.575724
  vertex 1.509936 204 -2.979869
 endloop
endfacet
facet normal 0 1 0
 outer loop
  vertex 1.509936 204 -2.979869
  vertex 1.114224 204 -2.570937
  vertex 0.5058168 204 -1.731906
 endloop
endfacet
facet normal 0 1 0
 outer loop
  vertex 0.5058168 204 -1.731906
  vertex 0.1386817 204 -0.8827725
  vertex 0.01380354 204 -0.274313
 endloop
endfacet
facet normal 0 1 0
 outer loop
  vertex 0.01380354 204 -0.274313
  vertex 0.01380354 204 0.274313
  vertex 0.1386817 204 0.8827725
 endloop
endfacet
facet normal 0 1 0
 outer loop
  vertex 0.1386817 204 0.8827725
  vertex 0.5058168 204 1.731906
  vertex 1.114224 204 2.570937
 endloop
endfacet
facet normal 0 1 0
 outer loop
  vertex 1.114224 204 2.570937
  vertex 1.509936 204 2.979869
  vertex 2.188113 204 3.575724
 endloop
endfacet
facet normal 0 1 0
 outer loop
  vertex 2.188113 204 3.575724
  vertex 3.046491 204 4.19189
  vertex 4.360529 204 4.962515
 endloop
endfacet
facet normal 0 1 0
 outer loop
  vertex 4.360529 204 4.962515
  vertex 5.896528 204 5.700747
  vertex 7.64796 204 6.40467
 endloop
endfacet
facet normal 0 1 0
 outer loop
  vertex 7.64796 204 6.40467
  vertex 9.05181 204 6.894464
  vertex 10.66224 204 7.395113
 endloop
endfacet
facet normal 0 1 0
 outer loop
  vertex 10.66224 204 7.395113
  vertex 13.53145 204 8.157851
  vertex 17.51315 204 9.02066
 endloop
endfacet
facet normal 0 1 0
 outer loop
  vertex 17.51315 204 9.02066
  vertex 21.34662 204 9.699371
  vertex 27.01294 204 10.49362
 endloop
endfacet
facet normal 0 1 0
 outer loop
  vertex 27.01294 204 10.49362
  vertex 32.09028 204 11.04214
  vertex 40.54712 204 11.68808
 endloop
endfacet
facet normal 0 1 0
 outer loop
  vertex 40.54712 204 11.68808
  vertex 48.70627 204 12.05781
  vertex 56.36142 204 12.21978
 endloop
endfacet
facet normal 0 1 0
 outer loop
  vertex 56.36142 204 12.21978
  vertex 75.18409 204 12.04104
  vertex 107.9817 204 10.40418
 endloop
endfacet
facet normal 0 1 0
 outer loop
  vertex 107.9817 204 10.40418
  vertex 164.2276 204 5.235105
  vertex 204 204 0.2596499
 endloop
endfacet
facet normal 0 1 0
 outer loop
  vertex 204 204 0.2596499
  vertex 176.0895 204 -3.871126
  vertex 136.2469 204 -8.097034
 endloop
endfacet
facet normal 0 1 0
 outer loop
  vertex 136.2469 204 -8.097034
  vertex 103.0405 204 -10.73212
  vertex 75.18409 204 -12.04104
 endloop
endfacet
facet normal -0 1 0
 outer loop
  vertex 75.18409 204 -12.04104
  vertex 48.70627 204 -12.05781
  vertex 32.09028 204 -11.04214
 endloop
endfacet
facet normal 0 1 0
 outer loop
  vertex 32.09028 204 -11.04214
  vertex 21.34662 204 -9.699371
  vertex 13.53145 204 -8.157851
 endloop
endfacet
facet normal 0 1 0
 outer loop
  vertex 13.53145 204 -8.157851
  vertex 9.05181 204 -6.894464
  vertex 5.896528 204 -5.700747
 endloop
endfacet
facet normal 0 1 0
 outer loop
  vertex 5.896528 204 -5.700747
  vertex 3.046491 204 -4.19189
  vertex 1.509936 204 -2.979869
 endloop
endfacet
facet normal 0 1 0
 outer loop
  vertex 1.509936 204 -2.979869
  vertex 0.5058168 204 -1.731906
  vertex 0.01380354 204 -0.274313
 endloop
endfacet
facet normal 0 1 0
 outer loop
  vertex 0.01380354 204 -0.274313
  vertex 0.1386817 204 0.8827725
  vertex 1.114224 204 2.570937
 endloop
endfacet
facet normal 0 1 0
 outer loop
  vertex 1.114224 204 2.570937
  vertex 2.188113 204 3.575724
  vertex 4.360529 204 4.962515
 endloop
endfacet
facet normal 0 1 0
 outer loop
  vertex 4.360529 204 4.962515
  vertex 7.64796 204 6.40467
  vertex 10.66224 204 7.395113
 endloop
endfacet
facet normal 0 1 0
 outer loop
  vertex 10.66224 204 7.395113
  vertex 17.51315 204 9.02066
  vertex 27.01294 204 10.49362
 endloop
endfacet
facet normal 0 1 0
 outer loop
  vertex 27.01294 204 10.49362
  vertex 40.54712 204 11.68808
  vertex 56.36142 204 12.21978
 endloop
endfacet
facet normal 0 1 0
 outer loop
  vertex 56.36142 204 12.21978
  vertex 107.9817 204 10.40418
  vertex 204 204 0.2596499
 endloop
endfacet
facet normal 0 1 0
 outer loop
  vertex 204 204 0.2596499
  vertex 136.2469 204 -8.097034
  vertex 75.18409 204 -12.04104
 endloop
endfacet
facet normal 0 1 0
 outer loop
  vertex 75.18409 204 -12.04104
  vertex 32.09028 204 -11.04214
  vertex 13.53145 204 -8.157851
 endloop
endfacet
facet normal 0 1 0
 outer loop
  vertex 13.53145 204 -8.157851
  vertex 5.896528 204 -5.700747
  vertex 1.509936 204 -2.979869
 endloop
endfacet
facet normal 0 1 0
 outer loop
  vertex 1.509936 204 -2.979869
  vertex 0.01380354 204 -0.274313
  vertex 1.114224 204 2.570937
 endloop
endfacet
facet normal 0 1 0
 outer loop
  vertex 1.114224 204 2.570937
  vertex 4.360529 204 4.962515
  vertex 10.66224 204 7.395113
 endloop
endfacet
facet normal 0 1 0
 outer loop
  vertex 10.66224 204 7.395113
  vertex 27.01294 204 10.49362
  vertex 56.36142 204 12.21978
 endloop
endfacet
facet normal 0 1 -0
 outer loop
  vertex 56.36142 204 12.21978
  vertex 204 204 0.2596499
  vertex 75.18409 204 -12.04104
 endloop
endfacet
facet normal 0 1 0
 outer loop
  vertex 75.18409 204 -12.04104
  vertex 13.53145 204 -8.157851
  vertex 1.509936 204 -2.979869
 endloop
endfacet
facet normal 0 1 0
 outer loop
  vertex 1.509936 204 -2.979869
  vertex 1.114224 204 2.570937
  vertex 10.66224 204 7.395113
 endloop
endfacet
facet normal 0 1 0
 outer loop
  vertex 10.66224 204 7.395113
  vertex 56.36142 204 12.21978
  vertex 75.18409 204 -12.04104
 endloop
endfacet
facet normal 0 1 0
 outer loop
  vertex 1.509936 204 -2.979869
  vertex 10.66224 204 7.395113
  vertex 75.18409 204 -12.04104
 endloop
endfacet
facet normal 0.098831005 -0 0.99510425
 outer loop
  vertex 164.2276 -163.2 5.235105
  vertex 127.5457 -163.20001 8.87825
  vertex 127.5457 -204 8.87825
 endloop
endfacet
facet normal 0.09883101 0 0.99510425
 outer loop
  vertex 164.2276 -163.2 5.235105
  vertex 127.5457 -204 8.87825
  vertex 164.2276 -204 5.235105
 endloop
endfacet
facet normal -0.33696792 0 -0.9415161
 outer loop
  vertex 7.64796 -163.2 -6.40467
  vertex 8.56325 -163.2 -6.732251
  vertex 8.56325 -204 -6.732251
 endloop
endfacet
facet normal -0.33696792 0 -0.9415161
 outer loop
  vertex 7.64796 -163.2 -6.40467
  vertex 8.56325 -204 -6.732251
  vertex 7.64796 -204 -6.40467
 endloop
endfacet
facet normal -0.45147088 0 -0.8922858
 outer loop
  vertex 5.045701 -163.2 -5.309192
  vertex 5.045701 -204 -5.309192
  vertex 4.360529 -204 -4.962515
 endloop
endfacet
facet normal -0.45147088 -0 -0.8922858
 outer loop
  vertex 5.045701 -163.2 -5.309192
  vertex 4.360529 -204 -4.962515
  vertex 4.360529 -163.2 -4.962515
 endloop
endfacet
facet normal -0.038585994 0 0.9992553
 outer loop
  vertex 48.70627 -163.2 12.05781
  vertex 44.55112 -163.2 11.89736
  vertex 44.55112 -204 11.89736
 endloop
endfacet
facet normal -0.038585994 0 0.9992553
 outer loop
  vertex 48.70627 -163.2 12.05781
  vertex 44.55112 -204 11.89736
  vertex 48.70627 -204 12.05781
 endloop
endfacet
facet normal 0.08558657 0 -0.9963308
 outer loop
  vertex 117.8436 163.20001 -9.677911
  vertex 117.8436 204 -9.677911
  vertex 136.2469 204 -8.097034
 endloop
endfacet
facet normal 0.08558657 0 -0.9963308
 outer loop
  vertex 117.8436 163.20001 -9.677911
  vertex 136.2469 204 -8.097034
  vertex 136.2469 163.20001 -8.097034
 endloop
endfacet
facet normal -0.6742659 0 0.7384886
 outer loop
  vertex 1.509936 163.20001 2.979869
  vertex 1.962383 163.20001 3.392969
  vertex 1.962383 204 3.392969
 endloop
endfacet
facet normal -0.6742659 0 0.7384886
 outer loop
  vertex 1.509936 163.20001 2.979869
  vertex 1.962383 204 3.392969
  vertex 1.509936 204 2.979869
 endloop
endfacet
facet normal 0.039156385 -0 0.9992331
 outer loop
  vertex 75.18409 -163.2 12.04104
  vertex 75.18409 -204 12.04104
  vertex 90.88878 -204 11.42563
 endloop
endfacet
facet normal 0.039156385 0 0.9992331
 outer loop
  vertex 75.18409 -163.2 12.04104
  vertex 90.88878 -204 11.42563
  vertex 90.88878 -163.2 11.42563
 endloop
endfacet
facet normal 0.11646519 -0 0.9931948
 outer loop
  vertex 164.2276 -163.2 5.235105
  vertex 164.2276 -204 5.235105
  vertex 182.5283 -204 3.089106
 endloop
endfacet
facet normal 0.11646519 0 0.9931948
 outer loop
  vertex 164.2276 -163.2 5.235105
  vertex 182.5283 -204 3.089106
  vertex 182.5283 -163.2 3.089106
 endloop
endfacet
facet normal 1 0 0
 outer loop
  vertex 204 -163.20001 0.2596499
  vertex 204 -204 0.2596499
  vertex 204 -204 -0.2596499
 endloop
endfacet
facet normal 1 0 -0
 outer loop
  vertex 204 -163.20001 0.2596499
  vertex 204 -204 -0.2596499
  vertex 204 -163.20001 -0.2596499
 endloop
endfacet
facet normal -0.57434183 0 -0.81861556
 outer loop
  vertex 3.046491 -163.2 -4.19189
  vertex 3.046491 -204 -4.19189
  vertex 2.457496 -204 -3.77865
 endloop
endfacet
facet normal -0.57434183 -0 -0.81861556
 outer loop
  vertex 3.046491 -163.2 -4.19189
  vertex 2.457496 -204 -3.77865
  vertex 2.457496 -163.2 -3.77865
 endloop
endfacet
facet normal -0.09879987 -0 -0.99510735
 outer loop
  vertex 30.441 163.20001 -10.87839
  vertex 30.441 204 -10.87839
  vertex 32.09028 204 -11.04214
 endloop
endfacet
facet normal -0.09879987 0 -0.99510735
 outer loop
  vertex 30.441 163.20001 -10.87839
  vertex 32.09028 204 -11.04214
  vertex 32.09028 163.20001 -11.04214
 endloop
endfacet
facet normal -0.11154101 0 0.9937598
 outer loop
  vertex 30.441 -163.20001 10.87839
  vertex 27.01294 -163.2 10.49362
  vertex 27.01294 -204 10.49362
 endloop
endfacet
facet normal -0.11154102 0 0.9937598
 outer loop
  vertex 30.441 -163.20001 10.87839
  vertex 27.01294 -204 10.49362
  vertex 30.441 -204 10.87839
 endloop
endfacet
facet normal -0.12851107 0 0.99170804
 outer loop
  vertex 27.01294 163.20001 10.49362
  vertex 27.01294 204 10.49362
  vertex 24.46798 204 10.16383
 endloop
endfacet
facet normal -0.12851107 0 0.99170804
 outer loop
  vertex 27.01294 163.20001 10.49362
  vertex 24.46798 204 10.16383
  vertex 24.46798 163.20001 10.16383
 endloop
endfacet
facet normal -0.16385838 0 -0.9864839
 outer loop
  vertex 19.96656 -163.2 -9.470139
  vertex 21.34662 -163.2 -9.699371
  vertex 21.34662 -204 -9.699371
 endloop
endfacet
facet normal -0.16385838 0 -0.9864839
 outer loop
  vertex 19.96656 -163.2 -9.470139
  vertex 21.34662 -204 -9.699371
  vertex 19.96656 -204 -9.470139
 endloop
endfacet
facet normal -0.18020612 0 -0.9836288
 outer loop
  vertex 19.96656 -163.2 -9.470139
  vertex 19.96656 -204 -9.470139
  vertex 17.51315 -204 -9.02066
 endloop
endfacet
facet normal -0.18020612 -0 -0.9836288
 outer loop
  vertex 19.96656 -163.2 -9.470139
  vertex 17.51315 -204 -9.02066
  vertex 17.51315 -163.2 -9.02066
 endloop
endfacet
facet normal -0.08626522 0 -0.99627227
 outer loop
  vertex 32.09028 -163.2 -11.04214
  vertex 35.7737 -163.2 -11.36108
  vertex 35.7737 -204 -11.36108
 endloop
endfacet
facet normal -0.08626522 0 -0.99627227
 outer loop
  vertex 32.09028 -163.2 -11.04214
  vertex 35.7737 -204 -11.36108
  vertex 32.09028 -204 -11.04214
 endloop
endfacet
facet normal -0.2235461 0 -0.97469336
 outer loop
  vertex 13.53145 -163.20001 -8.157851
  vertex 15.50211 -163.2 -8.609822
  vertex 15.50211 -204 -8.609822
 endloop
endfacet
facet normal -0.22354612 0 -0.97469336
 outer loop
  vertex 13.53145 -163.20001 -8.157851
  vertex 15.50211 -204 -8.609822
  vertex 13.53145 -204 -8.157851
 endloop
endfacet
facet normal 0.059652247 0 0.9982192
 outer loop
  vertex 90.88878 163.20001 11.42563
  vertex 107.9817 163.20001 10.40418
  vertex 107.9817 204 10.40418
 endloop
endfacet
facet normal 0.059652247 0 0.9982192
 outer loop
  vertex 90.88878 163.20001 11.42563
  vertex 107.9817 204 10.40418
  vertex 90.88878 204 11.42563
 endloop
endfacet
facet normal -0.28667676 0 -0.9580274
 outer loop
  vertex 10.66224 -163.2 -7.395113
  vertex 10.66224 -204 -7.395113
  vertex 10.16323 -204 -7.245791
 endloop
endfacet
facet normal -0.28667676 -0 -0.9580274
 outer loop
  vertex 10.66224 -163.2 -7.395113
  vertex 10.16323 -204 -7.245791
  vertex 10.16323 -163.2 -7.245791
 endloop
endfacet
facet normal -0.31510738 0 -0.949056
 outer loop
  vertex 9.05181 -163.2 -6.894464
  vertex 9.05181 -204 -6.894464
  vertex 8.56325 -204 -6.732251
 endloop
endfacet
facet normal -0.31510738 -0 -0.949056
 outer loop
  vertex 9.05181 -163.2 -6.894464
  vertex 8.56325 -204 -6.732251
  vertex 8.56325 -163.2 -6.732251
 endloop
endfacet
facet normal -0.28667676 0 0.95802736
 outer loop
  vertex 10.66224 163.20001 7.395113
  vertex 10.66224 204 7.395113
  vertex 10.16323 204 7.245791
 endloop
endfacet
facet normal -0.28667676 0 0.95802736
 outer loop
  vertex 10.66224 163.20001 7.395113
  vertex 10.16323 204 7.245791
  vertex 10.16323 163.20001 7.245791
 endloop
endfacet
facet normal -0.3893839 0 -0.9210755
 outer loop
  vertex 5.896528 -163.2 -5.700747
  vertex 6.689208 -163.2 -6.035852
  vertex 6.689208 -204 -6.035852
 endloop
endfacet
facet normal -0.3893839 0 -0.9210755
 outer loop
  vertex 5.896528 -163.2 -5.700747
  vertex 6.689208 -204 -6.035852
  vertex 5.896528 -204 -5.700747
 endloop
endfacet
facet normal -0.48916364 -0 -0.872192
 outer loop
  vertex 3.635563 163.20001 -4.555922
  vertex 3.635563 204 -4.555922
  vertex 4.360529 204 -4.962515
 endloop
endfacet
facet normal -0.48916364 0 -0.872192
 outer loop
  vertex 3.635563 163.20001 -4.555922
  vertex 4.360529 204 -4.962515
  vertex 4.360529 163.20001 -4.962515
 endloop
endfacet
facet normal -0.5256953 -0 -0.8506729
 outer loop
  vertex 3.635563 163.20001 -4.555922
  vertex 3.046491 163.20001 -4.19189
  vertex 3.046491 204 -4.19189
 endloop
endfacet
facet normal -0.5256953 0 -0.8506729
 outer loop
  vertex 3.635563 163.20001 -4.555922
  vertex 3.046491 204 -4.19189
  vertex 3.635563 204 -4.555922
 endloop
endfacet
facet normal -0.6016855 0 -0.79873306
 outer loop
  vertex 2.457496 -163.2 -3.77865
  vertex 2.457496 -204 -3.77865
  vertex 2.188113 -204 -3.575724
 endloop
endfacet
facet normal -0.6016855 -0 -0.79873306
 outer loop
  vertex 2.457496 -163.2 -3.77865
  vertex 2.188113 -204 -3.575724
  vertex 2.188113 -163.2 -3.575724
 endloop
endfacet
facet normal -0.4180594 0 -0.90841967
 outer loop
  vertex 5.896528 -163.2 -5.700747
  vertex 5.896528 -204 -5.700747
  vertex 5.045701 -204 -5.309192
 endloop
endfacet
facet normal -0.4180594 -0 -0.90841967
 outer loop
  vertex 5.896528 -163.2 -5.700747
  vertex 5.045701 -204 -5.309192
  vertex 5.045701 -163.2 -5.309192
 endloop
endfacet
facet normal -0.674266 0 -0.7384886
 outer loop
  vertex 1.962383 -163.2 -3.392969
  vertex 1.962383 -204 -3.392969
  vertex 1.509936 -204 -2.979869
 endloop
endfacet
facet normal -0.674266 -0 -0.7384886
 outer loop
  vertex 1.962383 -163.2 -3.392969
  vertex 1.509936 -204 -2.979869
  vertex 1.509936 -163.2 -2.979869
 endloop
endfacet
facet normal -0.7059328 0 -0.7082788
 outer loop
  vertex 1.509936 -163.2 -2.979869
  vertex 1.509936 -204 -2.979869
  vertex 1.292233 -204 -2.762887
 endloop
endfacet
facet normal -0.7059328 -0 -0.7082788
 outer loop
  vertex 1.509936 -163.2 -2.979869
  vertex 1.292233 -204 -2.762887
  vertex 1.292233 -163.2 -2.762887
 endloop
endfacet
facet normal -0.733232 0 -0.6799785
 outer loop
  vertex 1.292233 -163.2 -2.762887
  vertex 1.292233 -204 -2.762887
  vertex 1.114224 -204 -2.570937
 endloop
endfacet
facet normal -0.733232 -0 -0.6799785
 outer loop
  vertex 1.292233 -163.2 -2.762887
  vertex 1.114224 -204 -2.570937
  vertex 1.114224 -163.2 -2.570937
 endloop
endfacet
facet normal 0.039156385 0 -0.9992331
 outer loop
  vertex 90.88878 -163.20001 -11.42563
  vertex 90.88878 -204 -11.42563
  vertex 75.18409 -204 -12.04104
 endloop
endfacet
facet normal 0.039156385 0 -0.9992331
 outer loop
  vertex 90.88878 -163.20001 -11.42563
  vertex 75.18409 -204 -12.04104
  vertex 75.18409 -163.2 -12.04104
 endloop
endfacet
facet normal -0.83247244 0 -0.5540664
 outer loop
  vertex 0.5058168 -163.2 -1.731906
  vertex 0.792426 -163.2 -2.16253
  vertex 0.792426 -204 -2.16253
 endloop
endfacet
facet normal -0.83247244 0 -0.5540664
 outer loop
  vertex 0.5058168 -163.2 -1.731906
  vertex 0.792426 -204 -2.16253
  vertex 0.5058168 -204 -1.731906
 endloop
endfacet
facet normal -0.9368465 0 -0.3497408
 outer loop
  vertex 0.3056599 -163.2 -1.330055
  vertex 0.3056599 -204 -1.330055
  vertex 0.1386817 -204 -0.8827725
 endloop
endfacet
facet normal -0.9368465 -0 -0.3497408
 outer loop
  vertex 0.3056599 -163.2 -1.330055
  vertex 0.1386817 -204 -0.8827725
  vertex 0.1386817 -163.2 -0.8827725
 endloop
endfacet
facet normal -0.97236943 0 -0.23344737
 outer loop
  vertex 0.04626759 -163.2 -0.4978436
  vertex 0.1386817 -163.2 -0.8827725
  vertex 0.1386817 -204 -0.8827725
 endloop
endfacet
facet normal -0.97236943 0 -0.23344737
 outer loop
  vertex 0.04626759 -163.2 -0.4978436
  vertex 0.1386817 -204 -0.8827725
  vertex 0.04626759 -204 -0.4978436
 endloop
endfacet
facet normal -0.98961765 0 -0.14372528
 outer loop
  vertex 0.01380354 -163.2 -0.274313
  vertex 0.04626759 -163.2 -0.4978436
  vertex 0.04626759 -204 -0.4978436
 endloop
endfacet
facet normal -0.98961765 0 -0.14372528
 outer loop
  vertex 0.01380354 -163.2 -0.274313
  vertex 0.04626759 -204 -0.4978436
  vertex 0.01380354 -204 -0.274313
 endloop
endfacet
facet normal -0.5256953 0 0.8506729
 outer loop
  vertex 3.046491 -163.2 4.19189
  vertex 3.046491 -204 4.19189
  vertex 3.635563 -204 4.555922
 endloop
endfacet
facet normal -0.5256953 0 0.8506729
 outer loop
  vertex 3.046491 -163.2 4.19189
  vertex 3.635563 -204 4.555922
  vertex 3.635563 -163.2 4.555922
 endloop
endfacet
facet normal -0.41805938 0 0.90841967
 outer loop
  vertex 5.896528 163.20001 5.700747
  vertex 5.896528 204 5.700747
  vertex 5.045701 204 5.309192
 endloop
endfacet
facet normal -0.4180594 0 0.90841967
 outer loop
  vertex 5.896528 163.20001 5.700747
  vertex 5.045701 204 5.309192
  vertex 5.045701 163.2 5.309192
 endloop
endfacet
facet normal 0.019751947 0 -0.9998049
 outer loop
  vertex 75.18409 -163.2 -12.04104
  vertex 75.18409 -204 -12.04104
  vertex 66.51322 -204 -12.21234
 endloop
endfacet
facet normal 0.019751947 0 -0.9998049
 outer loop
  vertex 75.18409 -163.2 -12.04104
  vertex 66.51322 -204 -12.21234
  vertex 66.51322 -163.2 -12.21234
 endloop
endfacet
facet normal -0.98961765 0 0.14372528
 outer loop
  vertex 0.04626759 163.20001 0.4978436
  vertex 0.04626759 204 0.4978436
  vertex 0.01380354 204 0.274313
 endloop
endfacet
facet normal -0.98961765 0 0.14372528
 outer loop
  vertex 0.04626759 163.20001 0.4978436
  vertex 0.01380354 204 0.274313
  vertex 0.01380354 163.20001 0.274313
 endloop
endfacet
facet normal -0 -1 0
 outer loop
  vertex 54.01796 -204 -12.18698
  vertex 56.36142 -204 -12.21978
  vertex 66.51322 -204 -12.21234
 endloop
endfacet
facet normal 0 -1 0
 outer loop
  vertex 66.51322 -204 -12.21234
  vertex 75.18409 -204 -12.04104
  vertex 90.88878 -204 -11.42563
 endloop
endfacet
facet normal 0 -1 0
 outer loop
  vertex 90.88878 -204 -11.42563
  vertex 103.0405 -204 -10.73212
  vertex 117.8436 -204 -9.677911
 endloop
endfacet
facet normal 0 -1 0
 outer loop
  vertex 117.8436 -204 -9.677911
  vertex 136.2469 -204 -8.097034
  vertex 161.1574 -204 -5.573117
 endloop
endfacet
facet normal 0 -1 0
 outer loop
  vertex 161.1574 -204 -5.573117
  vertex 176.0895 -204 -3.871126
  vertex 204 -204 -0.2596499
 endloop
endfacet
facet normal 0 -1 0
 outer loop
  vertex 204 -204 -0.2596499
  vertex 204 -204 0.2596499
  vertex 182.5283 -204 3.089106
 endloop
endfacet
facet normal 0 -1 0
 outer loop
  vertex 182.5283 -204 3.089106
  vertex 164.2276 -204 5.235105
  vertex 127.5457 -204 8.87825
 endloop
endfacet
facet normal 0 -1 0
 outer loop
  vertex 127.5457 -204 8.87825
  vertex 107.9817 -204 10.40418
  vertex 90.88878 -204 11.42563
 endloop
endfacet
facet normal 0 -1 0
 outer loop
  vertex 90.88878 -204 11.42563
  vertex 75.18409 -204 12.04104
  vertex 66.51322 -204 12.21234
 endloop
endfacet
facet normal 0 -1 0
 outer loop
  vertex 66.51322 -204 12.21234
  vertex 56.36142 -204 12.21978
  vertex 52.99727 -204 12.1688
 endloop
endfacet
facet normal 0 -1 0
 outer loop
  vertex 52.99727 -204 12.1688
  vertex 48.70627 -204 12.05781
  vertex 44.55112 -204 11.89736
 endloop
endfacet
facet normal 0 -1 0
 outer loop
  vertex 44.55112 -204 11.89736
  vertex 40.54712 -204 11.68808
  vertex 35.7737 -204 11.36108
 endloop
endfacet
facet normal 0 -1 0
 outer loop
  vertex 35.7737 -204 11.36108
  vertex 32.09028 -204 11.04214
  vertex 30.441 -204 10.87839
 endloop
endfacet
facet normal 0 -1 0
 outer loop
  vertex 30.441 -204 10.87839
  vertex 27.01294 -204 10.49362
  vertex 24.46798 -204 10.16383
 endloop
endfacet
facet normal 0 -1 0
 outer loop
  vertex 24.46798 -204 10.16383
  vertex 21.34662 -204 9.699371
  vertex 19.96656 -204 9.470139
 endloop
endfacet
facet normal 0 -1 0
 outer loop
  vertex 19.96656 -204 9.470139
  vertex 17.51315 -204 9.02066
  vertex 15.50211 -204 8.609822
 endloop
endfacet
facet normal 0 -1 0
 outer loop
  vertex 15.50211 -204 8.609822
  vertex 13.53145 -204 8.157851
  vertex 12.41006 -204 7.875145
 endloop
endfacet
facet normal 0 -1 0
 outer loop
  vertex 12.41006 -204 7.875145
  vertex 10.66224 -204 7.395113
  vertex 10.16323 -204 7.245791
 endloop
endfacet
facet normal 0 -1 0
 outer loop
  vertex 10.16323 -204 7.245791
  vertex 9.05181 -204 6.894464
  vertex 8.56325 -204 6.732251
 endloop
endfacet
facet normal 0 -1 0
 outer loop
  vertex 8.56325 -204 6.732251
  vertex 7.64796 -204 6.40467
  vertex 6.689208 -204 6.035852
 endloop
endfacet
facet normal 0 -1 0
 outer loop
  vertex 6.689208 -204 6.035852
  vertex 5.896528 -204 5.700747
  vertex 5.045701 -204 5.309192
 endloop
endfacet
facet normal 0 -1 0
 outer loop
  vertex 5.045701 -204 5.309192
  vertex 4.360529 -204 4.962515
  vertex 3.635563 -204 4.555922
 endloop
endfacet
facet normal 0 -1 0
 outer loop
  vertex 3.635563 -204 4.555922
  vertex 3.046491 -204 4.19189
  vertex 2.457496 -204 3.77865
 endloop
endfacet
facet normal 0 -1 0
 outer loop
  vertex 2.457496 -204 3.77865
  vertex 2.188113 -204 3.575724
  vertex 1.962383 -204 3.392969
 endloop
endfacet
facet normal 0 -1 0
 outer loop
  vertex 1.962383 -204 3.392969
  vertex 1.509936 -204 2.979869
  vertex 1.292233 -204 2.762887
 endloop
endfacet
facet normal 0 -1 0
 outer loop
  vertex 1.292233 -204 2.762887
  vertex 1.114224 -204 2.570937
  vertex 0.792426 -204 2.16253
 endloop
endfacet
facet normal 0 -1 0
 outer loop
  vertex 0.792426 -204 2.16253
  vertex 0.5058168 -204 1.731906
  vertex 0.3056599 -204 1.330055
 endloop
endfacet
facet normal 0 -1 0
 outer loop
  vertex 0.3056599 -204 1.330055
  vertex 0.1386817 -204 0.8827725
  vertex 0.04626759 -204 0.4978436
 endloop
endfacet
facet normal 0 -1 0
 outer loop
  vertex 0.04626759 -204 0.4978436
  vertex 0.01380354 -204 0.274313
  vertex 0 -204 -4.52971e-14
 endloop
endfacet
facet normal 0 -1 0
 outer loop
  vertex 0 -204 -4.52971e-14
  vertex 0.01380354 -204 -0.274313
  vertex 0.04626759 -204 -0.4978436
 endloop
endfacet
facet normal 0 -1 0
 outer loop
  vertex 0.04626759 -204 -0.4978436
  vertex 0.1386817 -204 -0.8827725
  vertex 0.3056599 -204 -1.330055
 endloop
endfacet
facet normal 0 -1 0
 outer loop
  vertex 0.3056599 -204 -1.330055
  vertex 0.5058168 -204 -1.731906
  vertex 0.792426 -204 -2.16253
 endloop
endfacet
facet normal 0 -1 0
 outer loop
  vertex 0.792426 -204 -2.16253
  vertex 1.114224 -204 -2.570937
  vertex 1.292233 -204 -2.762887
 endloop
endfacet
facet normal 0 -1 0
 outer loop
  vertex 1.292233 -204 -2.762887
  vertex 1.509936 -204 -2.979869
  vertex 1.962383 -204 -3.392969
 endloop
endfacet
facet normal 0 -1 0
 outer loop
  vertex 1.962383 -204 -3.392969
  vertex 2.188113 -204 -3.575724
  vertex 2.457496 -204 -3.77865
 endloop
endfacet
facet normal 0 -1 0
 outer loop
  vertex 2.457496 -204 -3.77865
  vertex 3.046491 -204 -4.19189
  vertex 3.635563 -204 -4.555922
 endloop
endfacet
facet normal 0 -1 0
 outer loop
  vertex 3.635563 -204 -4.555922
  vertex 4.360529 -204 -4.962515
  vertex 5.045701 -204 -5.309192
 endloop
endfacet
facet normal 0 -1 0
 outer loop
  vertex 5.045701 -204 -5.309192
  vertex 5.896528 -204 -5.700747
  vertex 6.689208 -204 -6.035852
 endloop
endfacet
facet normal 0 -1 0
 outer loop
  vertex 6.689208 -204 -6.035852
  vertex 7.64796 -204 -6.40467
  vertex 8.56325 -204 -6.732251
 endloop
endfacet
facet normal 0 -1 0
 outer loop
  vertex 8.56325 -204 -6.732251
  vertex 9.05181 -204 -6.894464
  vertex 10.16323 -204 -7.245791
 endloop
endfacet
facet normal 0 -1 0
 outer loop
  vertex 10.16323 -204 -7.245791
  vertex 10.66224 -204 -7.395113
  vertex 12.41006 -204 -7.875145
 endloop
endfacet
facet normal 0 -1 0
 outer loop
  vertex 12.41006 -204 -7.875145
  vertex 13.53145 -204 -8.157851
  vertex 15.50211 -204 -8.609822
 endloop
endfacet
facet normal 0 -1 0
 outer loop
  vertex 15.50211 -204 -8.609822
  vertex 17.51315 -204 -9.02066
  vertex 19.96656 -204 -9.470139
 endloop
endfacet
facet normal 0 -1 0
 outer loop
  vertex 19.96656 -204 -9.470139
  vertex 21.34662 -204 -9.699371
  vertex 24.46798 -204 -10.16383
 endloop
endfacet
facet normal 0 -1 0
 outer loop
  vertex 24.46798 -204 -10.16383
  vertex 27.01294 -204 -10.49362
  vertex 30.441 -204 -10.87839
 endloop
endfacet
facet normal 0 -1 0
 outer loop
  vertex 30.441 -204 -10.87839
  vertex 32.09028 -204 -11.04214
  vertex 35.7737 -204 -11.36108
 endloop
endfacet
facet normal 0 -1 0
 outer loop
  vertex 35.7737 -204 -11.36108
  vertex 40.54712 -204 -11.68808
  vertex 44.55112 -204 -11.89736
 endloop
endfacet
facet normal 0 -1 0
 outer loop
  vertex 44.55112 -204 -11.89736
  vertex 48.70627 -204 -12.05781
  vertex 54.01796 -204 -12.18698
 endloop
endfacet
facet normal -0 -1 0
 outer loop
  vertex 54.01796 -204 -12.18698
  vertex 66.51322 -204 -12.21234
  vertex 90.88878 -204 -11.42563
 endloop
endfacet
facet normal 0 -1 0
 outer loop
  vertex 90.88878 -204 -11.42563
  vertex 117.8436 -204 -9.677911
  vertex 161.1574 -204 -5.573117
 endloop
endfacet
facet normal 0 -1 -0
 outer loop
  vertex 161.1574 -204 -5.573117
  vertex 204 -204 -0.2596499
  vertex 182.5283 -204 3.089106
 endloop
endfacet
facet normal 0 -1 0
 outer loop
  vertex 182.5283 -204 3.089106
  vertex 127.5457 -204 8.87825
  vertex 90.88878 -204 11.42563
 endloop
endfacet
facet normal 0 -1 0
 outer loop
  vertex 90.88878 -204 11.42563
  vertex 66.51322 -204 12.21234
  vertex 52.99727 -204 12.1688
 endloop
endfacet
facet normal 0 -1 0
 outer loop
  vertex 52.99727 -204 12.1688
  vertex 44.55112 -204 11.89736
  vertex 35.7737 -204 11.36108
 endloop
endfacet
facet normal 0 -1 0
 outer loop
  vertex 35.7737 -204 11.36108
  vertex 30.441 -204 10.87839
  vertex 24.46798 -204 10.16383
 endloop
endfacet
facet normal 0 -1 0
 outer loop
  vertex 24.46798 -204 10.16383
  vertex 19.96656 -204 9.470139
  vertex 15.50211 -204 8.609822
 endloop
endfacet
facet normal 0 -1 0
 outer loop
  vertex 15.50211 -204 8.609822
  vertex 12.41006 -204 7.875145
  vertex 10.16323 -204 7.245791
 endloop
endfacet
facet normal 0 -1 0
 outer loop
  vertex 10.16323 -204 7.245791
  vertex 8.56325 -204 6.732251
  vertex 6.689208 -204 6.035852
 endloop
endfacet
facet normal 0 -1 0
 outer loop
  vertex 6.689208 -204 6.035852
  vertex 5.045701 -204 5.309192
  vertex 3.635563 -204 4.555922
 endloop
endfacet
facet normal 0 -1 0
 outer loop
  vertex 3.635563 -204 4.555922
  vertex 2.457496 -204 3.77865
  vertex 1.962383 -204 3.392969
 endloop
endfacet
facet normal 0 -1 0
 outer loop
  vertex 1.962383 -204 3.392969
  vertex 1.292233 -204 2.762887
  vertex 0.792426 -204 2.16253
 endloop
endfacet
facet normal 0 -1 0
 outer loop
  vertex 0.792426 -204 2.16253
  vertex 0.3056599 -204 1.330055
  vertex 0.04626759 -204 0.4978436
 endloop
endfacet
facet normal 0 -1 0
 outer loop
  vertex 0.04626759 -204 0.4978436
  vertex 0 -204 -4.52971e-14
  vertex 0.04626759 -204 -0.4978436
 endloop
endfacet
facet normal 0 -1 0
 outer loop
  vertex 0.04626759 -204 -0.4978436
  vertex 0.3056599 -204 -1.330055
  vertex 0.792426 -204 -2.16253
 endloop
endfacet
facet normal 0 -1 0
 outer loop
  vertex 0.792426 -204 -2.16253
  vertex 1.292233 -204 -2.762887
  vertex 1.962383 -204 -3.392969
 endloop
endfacet
facet normal 0 -1 0
 outer loop
  vertex 1.962383 -204 -3.392969
  vertex 2.457496 -204 -3.77865
  vertex 3.635563 -204 -4.555922
 endloop
endfacet
facet normal 0 -1 0
 outer loop
  vertex 3.635563 -204 -4.555922
  vertex 5.045701 -204 -5.309192
  vertex 6.689208 -204 -6.035852
 endloop
endfacet
facet normal 0 -1 0
 outer loop
  vertex 6.689208 -204 -6.035852
  vertex 8.56325 -204 -6.732251
  vertex 10.16323 -204 -7.245791
 endloop
endfacet
facet normal 0 -1 0
 outer loop
  vertex 10.16323 -204 -7.245791
  vertex 12.41006 -204 -7.875145
  vertex 15.50211 -204 -8.609822
 endloop
endfacet
facet normal 0 -1 0
 outer loop
  vertex 15.50211 -204 -8.609822
  vertex 19.96656 -204 -9.470139
  vertex 24.46798 -204 -10.16383
 endloop
endfacet
facet normal 0 -1 0
 outer loop
  vertex 24.46798 -204 -10.16383
  vertex 30.441 -204 -10.87839
  vertex 35.7737 -204 -11.36108
 endloop
endfacet
facet normal 0 -1 0
 outer loop
  vertex 35.7737 -204 -11.36108
  vertex 44.55112 -204 -11.89736
  vertex 54.01796 -204 -12.18698
 endloop
endfacet
facet normal 0 -1 0
 outer loop
  vertex 54.01796 -204 -12.18698
  vertex 90.88878 -204 -11.42563
  vertex 161.1574 -204 -5.573117
 endloop
endfacet
facet normal 0 -1 -0
 outer loop
  vertex 161.1574 -204 -5.573117
  vertex 182.5283 -204 3.089106
  vertex 90.88878 -204 11.42563
 endloop
endfacet
facet normal 0 -1 0
 outer loop
  vertex 90.88878 -204 11.42563
  vertex 52.99727 -204 12.1688
  vertex 35.7737 -204 11.36108
 endloop
endfacet
facet normal 0 -1 0
 outer loop
  vertex 35.7737 -204 11.36108
  vertex 24.46798 -204 10.16383
  vertex 15.50211 -204 8.609822
 endloop
endfacet
facet normal 0 -1 0
 outer loop
  vertex 15.50211 -204 8.609822
  vertex 10.16323 -204 7.245791
  vertex 6.689208 -204 6.035852
 endloop
endfacet
facet normal 0 -1 0
 outer loop
  vertex 6.689208 -204 6.035852
  vertex 3.635563 -204 4.555922
  vertex 1.962383 -204 3.392969
 endloop
endfacet
facet normal 0 -1 0
 outer loop
  vertex 1.962383 -204 3.392969
  vertex 0.792426 -204 2.16253
  vertex 0.04626759 -204 0.4978436
 endloop
endfacet
facet normal 0 -1 0
 outer loop
  vertex 0.04626759 -204 0.4978436
  vertex 0.04626759 -204 -0.4978436
  vertex 0.792426 -204 -2.16253
 endloop
endfacet
facet normal 0 -1 0
 outer loop
  vertex 0.792426 -204 -2.16253
  vertex 1.962383 -204 -3.392969
  vertex 3.635563 -204 -4.555922
 endloop
endfacet
facet normal 0 -1 0
 outer loop
  vertex 3.635563 -204 -4.555922
  vertex 6.689208 -204 -6.035852
  vertex 10.16323 -204 -7.245791
 endloop
endfacet
facet normal 0 -1 0
 outer loop
  vertex 10.16323 -204 -7.245791
  vertex 15.50211 -204 -8.609822
  vertex 24.46798 -204 -10.16383
 endloop
endfacet
facet normal 0 -1 0
 outer loop
  vertex 24.46798 -204 -10.16383
  vertex 35.7737 -204 -11.36108
  vertex 54.01796 -204 -12.18698
 endloop
endfacet
facet normal 0 -1 -0
 outer loop
  vertex 54.01796 -204 -12.18698
  vertex 161.1574 -204 -5.573117
  vertex 90.88878 -204 11.42563
 endloop
endfacet
facet normal 0 -1 0
 outer loop
  vertex 90.88878 -204 11.42563
  vertex 35.7737 -204 11.36108
  vertex 15.50211 -204 8.609822
 endloop
endfacet
facet normal 0 -1 0
 outer loop
  vertex 15.50211 -204 8.609822
  vertex 6.689208 -204 6.035852
  vertex 1.962383 -204 3.392969
 endloop
endfacet
facet normal 0 -1 0
 outer loop
  vertex 1.962383 -204 3.392969
  vertex 0.04626759 -204 0.4978436
  vertex 0.792426 -204 -2.16253
 endloop
endfacet
facet normal 0 -1 0
 outer loop
  vertex 0.792426 -204 -2.16253
  vertex 3.635563 -204 -4.555922
  vertex 10.16323 -204 -7.245791
 endloop
endfacet
facet normal 0 -1 0
 outer loop
  vertex 10.16323 -204 -7.245791
  vertex 24.46798 -204 -10.16383
  vertex 54.01796 -204 -12.18698
 endloop
endfacet
facet normal 0 -1 -0
 outer loop
  vertex 54.01796 -204 -12.18698
  vertex 90.88878 -204 11.42563
  vertex 15.50211 -204 8.609822
 endloop
endfacet
facet normal 0 -1 0
 outer loop
  vertex 15.50211 -204 8.609822
  vertex 1.962383 -204 3.392969
  vertex 0.792426 -204 -2.16253
 endloop
endfacet
facet normal 0 -1 0
 outer loop
  vertex 0.792426 -204 -2.16253
  vertex 10.16323 -204 -7.245791
  vertex 54.01796 -204 -12.18698
 endloop
endfacet
facet normal 0 -1 0
 outer loop
  vertex 15.50211 -204 8.609822
  vertex 0.792426 -204 -2.16253
  vertex 54.01796 -204 -12.18698
 endloop
endfacet
facet normal -0.97236943 0 0.23344737
 outer loop
  vertex 0.1386817 163.2 0.8827725
  vertex 0.1386817 204 0.8827725
  vertex 0.04626759 204 0.4978436
 endloop
endfacet
facet normal -0.97236943 0 0.23344737
 outer loop
  vertex 0.1386817 163.2 0.8827725
  vertex 0.04626759 204 0.4978436
  vertex 0.04626759 163.20001 0.4978436
 endloop
endfacet
facet normal -0.97236943 0 0.23344737
 outer loop
  vertex 0.1386817 -204 0.8827725
  vertex 0.1386817 -163.20001 0.8827725
  vertex 0.04626759 -163.2 0.4978436
 endloop
endfacet
facet normal -0.97236943 0 0.23344737
 outer loop
  vertex 0.1386817 -204 0.8827725
  vertex 0.04626759 -163.2 0.4978436
  vertex 0.04626759 -204 0.4978436
 endloop
endfacet
facet normal -0.97236943 0 0.23344737
 outer loop
  vertex 0.1386817 -163.20001 0.8827725
  vertex 0.1386817 -122.40001 0.8827725
  vertex 0.04626759 -122.399994 0.4978436
 endloop
endfacet
facet normal -0.97236943 0 0.23344737
 outer loop
  vertex 0.1386817 -163.20001 0.8827725
  vertex 0.04626759 -122.399994 0.4978436
  vertex 0.04626759 -163.2 0.4978436
 endloop
endfacet
facet normal -0.97236943 0 0.23344737
 outer loop
  vertex 0.1386817 -122.40001 0.8827725
  vertex 0.1386817 -81.600006 0.8827725
  vertex 0.04626759 -81.59999 0.4978436
 endloop
endfacet
facet normal -0.97236943 0 0.23344737
 outer loop
  vertex 0.1386817 -122.40001 0.8827725
  vertex 0.04626759 -81.59999 0.4978436
  vertex 0.04626759 -122.399994 0.4978436
 endloop
endfacet
facet normal -0.97236943 0 0.23344739
 outer loop
  vertex 0.1386817 -81.600006 0.8827725
  vertex 0.1386817 -40.800007 0.8827725
  vertex 0.04626759 -40.79999 0.4978436
 endloop
endfacet
facet normal -0.97236943 0 0.23344739
 outer loop
  vertex 0.1386817 -81.600006 0.8827725
  vertex 0.04626759 -40.79999 0.4978436
  vertex 0.04626759 -81.59999 0.4978436
 endloop
endfacet
facet normal -0.97236943 0 0.23344739
 outer loop
  vertex 0.1386817 -40.800007 0.8827725
  vertex 0.1386817 -7.6293945e-06 0.8827725
  vertex 0.04626759 7.6293945e-06 0.4978436
 endloop
endfacet
facet normal -0.97236943 0 0.23344739
 outer loop
  vertex 0.1386817 -40.800007 0.8827725
  vertex 0.04626759 7.6293945e-06 0.4978436
  vertex 0.04626759 -40.79999 0.4978436
 endloop
endfacet
facet normal -0.97236943 0 0.23344739
 outer loop
  vertex 0.1386817 -7.6293945e-06 0.8827725
  vertex 0.1386817 40.79999 0.8827725
  vertex 0.04626759 40.800007 0.4978436
 endloop
endfacet
facet normal -0.97236943 0 0.23344739
 outer loop
  vertex 0.1386817 -7.6293945e-06 0.8827725
  vertex 0.04626759 40.800007 0.4978436
  vertex 0.04626759 7.6293945e-06 0.4978436
 endloop
endfacet
facet normal -0.97236943 0 0.23344739
 outer loop
  vertex 0.1386817 40.79999 0.8827725
  vertex 0.1386817 81.59999 0.8827725
  vertex 0.04626759 81.600006 0.4978436
 endloop
endfacet
facet normal -0.97236943 0 0.23344739
 outer loop
  vertex 0.1386817 40.79999 0.8827725
  vertex 0.04626759 81.600006 0.4978436
  vertex 0.04626759 40.800007 0.4978436
 endloop
endfacet
facet normal -0.97236943 0 0.23344737
 outer loop
  vertex 0.1386817 81.59999 0.8827725
  vertex 0.1386817 122.399994 0.8827725
  vertex 0.04626759 122.40001 0.4978436
 endloop
endfacet
facet normal -0.97236943 0 0.23344737
 outer loop
  vertex 0.1386817 81.59999 0.8827725
  vertex 0.04626759 122.40001 0.4978436
  vertex 0.04626759 81.600006 0.4978436
 endloop
endfacet
facet normal -0.97236943 0 0.23344737
 outer loop
  vertex 0.1386817 122.399994 0.8827725
  vertex 0.1386817 163.2 0.8827725
  vertex 0.04626759 163.20001 0.4978436
 endloop
endfacet
facet normal -0.97236943 0 0.23344737
 outer loop
  vertex 0.1386817 122.399994 0.8827725
  vertex 0.04626759 163.20001 0.4978436
  vertex 0.04626759 122.40001 0.4978436
 endloop
endfacet
facet normal -0.98961765 0 0.14372528
 outer loop
  vertex 0.04626759 -204 0.4978436
  vertex 0.04626759 -163.2 0.4978436
  vertex 0.01380354 -163.2 0.274313
 endloop
endfacet
facet normal -0.98961765 0 0.14372528
 outer loop
  vertex 0.04626759 -204 0.4978436
  vertex 0.01380354 -163.2 0.274313
  vertex 0.01380354 -204 0.274313
 endloop
endfacet
facet normal -0.98961765 0 0.14372528
 outer loop
  vertex 0.04626759 -163.2 0.4978436
  vertex 0.04626759 -122.399994 0.4978436
  vertex 0.01380354 -122.399994 0.274313
 endloop
endfacet
facet normal -0.98961765 0 0.14372528
 outer loop
  vertex 0.04626759 -163.2 0.4978436
  vertex 0.01380354 -122.399994 0.274313
  vertex 0.01380354 -163.2 0.274313
 endloop
endfacet
facet normal -0.98961765 0 0.14372528
 outer loop
  vertex 0.04626759 -122.399994 0.4978436
  vertex 0.04626759 -81.59999 0.4978436
  vertex 0.01380354 -81.59999 0.274313
 endloop
endfacet
facet normal -0.98961765 0 0.14372528
 outer loop
  vertex 0.04626759 -122.399994 0.4978436
  vertex 0.01380354 -81.59999 0.274313
  vertex 0.01380354 -122.399994 0.274313
 endloop
endfacet
facet normal -0.98961765 0 0.14372528
 outer loop
  vertex 0.04626759 -81.59999 0.4978436
  vertex 0.04626759 -40.79999 0.4978436
  vertex 0.01380354 -40.79999 0.274313
 endloop
endfacet
facet normal -0.98961765 0 0.14372528
 outer loop
  vertex 0.04626759 -81.59999 0.4978436
  vertex 0.01380354 -40.79999 0.274313
  vertex 0.01380354 -81.59999 0.274313
 endloop
endfacet
facet normal -0.98961765 0 0.14372528
 outer loop
  vertex 0.04626759 -40.79999 0.4978436
  vertex 0.04626759 7.6293945e-06 0.4978436
  vertex 0.01380354 7.6293945e-06 0.274313
 endloop
endfacet
facet normal -0.98961765 0 0.14372528
 outer loop
  vertex 0.04626759 -40.79999 0.4978436
  vertex 0.01380354 7.6293945e-06 0.274313
  vertex 0.01380354 -40.79999 0.274313
 endloop
endfacet
facet normal -0.98961765 0 0.14372528
 outer loop
  vertex 0.04626759 7.6293945e-06 0.4978436
  vertex 0.04626759 40.800007 0.4978436
  vertex 0.01380354 40.800007 0.274313
 endloop
endfacet
facet normal -0.98961765 0 0.14372528
 outer loop
  vertex 0.04626759 7.6293945e-06 0.4978436
  vertex 0.01380354 40.800007 0.274313
  vertex 0.01380354 7.6293945e-06 0.274313
 endloop
endfacet
facet normal -0.98961765 0 0.14372528
 outer loop
  vertex 0.04626759 40.800007 0.4978436
  vertex 0.04626759 81.600006 0.4978436
  vertex 0.01380354 81.600006 0.274313
 endloop
endfacet
facet normal -0.98961765 0 0.14372528
 outer loop
  vertex 0.04626759 40.800007 0.4978436
  vertex 0.01380354 81.600006 0.274313
  vertex 0.01380354 40.800007 0.274313
 endloop
endfacet
facet normal -0.98961765 0 0.14372528
 outer loop
  vertex 0.04626759 81.600006 0.4978436
  vertex 0.04626759 122.40001 0.4978436
  vertex 0.01380354 122.40001 0.274313
 endloop
endfacet
facet normal -0.98961765 0 0.14372528
 outer loop
  vertex 0.04626759 81.600006 0.4978436
  vertex 0.01380354 122.40001 0.274313
  vertex 0.01380354 81.600006 0.274313
 endloop
endfacet
facet normal -0.98961765 0 0.14372528
 outer loop
  vertex 0.04626759 122.40001 0.4978436
  vertex 0.04626759 163.20001 0.4978436
  vertex 0.01380354 163.20001 0.274313
 endloop
endfacet
facet normal -0.98961765 0 0.14372528
 outer loop
  vertex 0.04626759 122.40001 0.4978436
  vertex 0.01380354 163.20001 0.274313
  vertex 0.01380354 122.40001 0.274313
 endloop
endfacet
facet normal 0.019751946 0 -0.9998049
 outer loop
  vertex 75.18409 204 -12.04104
  vertex 75.18409 163.20001 -12.04104
  vertex 66.51322 163.20001 -12.21234
 endloop
endfacet
facet normal 0.019751946 0 -0.9998049
 outer loop
  vertex 75.18409 204 -12.04104
  vertex 66.51322 163.20001 -12.21234
  vertex 66.51322 204 -12.21234
 endloop
endfacet
facet normal 0.019751947 0 -0.9998049
 outer loop
  vertex 75.18409 163.20001 -12.04104
  vertex 75.18409 122.40001 -12.04104
  vertex 66.51322 122.40001 -12.21234
 endloop
endfacet
facet normal 0.019751947 0 -0.9998049
 outer loop
  vertex 75.18409 163.20001 -12.04104
  vertex 66.51322 122.40001 -12.21234
  vertex 66.51322 163.20001 -12.21234
 endloop
endfacet
facet normal 0.019751947 0 -0.9998049
 outer loop
  vertex 75.18409 122.40001 -12.04104
  vertex 75.18409 81.600006 -12.04104
  vertex 66.51322 81.600006 -12.21234
 endloop
endfacet
facet normal 0.019751947 0 -0.9998049
 outer loop
  vertex 75.18409 122.40001 -12.04104
  vertex 66.51322 81.600006 -12.21234
  vertex 66.51322 122.40001 -12.21234
 endloop
endfacet
facet normal 0.019751946 0 -0.9998049
 outer loop
  vertex 75.18409 81.600006 -12.04104
  vertex 75.18409 40.800007 -12.04104
  vertex 66.51322 40.800007 -12.21234
 endloop
endfacet
facet normal 0.019751946 0 -0.9998049
 outer loop
  vertex 75.18409 81.600006 -12.04104
  vertex 66.51322 40.800007 -12.21234
  vertex 66.51322 81.600006 -12.21234
 endloop
endfacet
facet normal 0.019751946 0 -0.9998049
 outer loop
  vertex 75.18409 40.800007 -12.04104
  vertex 75.18409 7.6293945e-06 -12.04104
  vertex 66.51322 7.6293945e-06 -12.21234
 endloop
endfacet
facet normal 0.019751946 0 -0.9998049
 outer loop
  vertex 75.18409 40.800007 -12.04104
  vertex 66.51322 7.6293945e-06 -12.21234
  vertex 66.51322 40.800007 -12.21234
 endloop
endfacet
facet normal 0.019751946 0 -0.9998049
 outer loop
  vertex 75.18409 7.6293945e-06 -12.04104
  vertex 75.18409 -40.79999 -12.04104
  vertex 66.51322 -40.79999 -12.21234
 endloop
endfacet
facet normal 0.019751946 0 -0.9998049
 outer loop
  vertex 75.18409 7.6293945e-06 -12.04104
  vertex 66.51322 -40.79999 -12.21234
  vertex 66.51322 7.6293945e-06 -12.21234
 endloop
endfacet
facet normal 0.019751946 0 -0.9998049
 outer loop
  vertex 75.18409 -40.79999 -12.04104
  vertex 75.18409 -81.59999 -12.04104
  vertex 66.51322 -81.59999 -12.21234
 endloop
endfacet
facet normal 0.019751946 0 -0.9998049
 outer loop
  vertex 75.18409 -40.79999 -12.04104
  vertex 66.51322 -81.59999 -12.21234
  vertex 66.51322 -40.79999 -12.21234
 endloop
endfacet
facet normal 0.019751947 0 -0.9998049
 outer loop
  vertex 75.18409 -81.59999 -12.04104
  vertex 75.18409 -122.399994 -12.04104
  vertex 66.51322 -122.399994 -12.21234
 endloop
endfacet
facet normal 0.019751947 0 -0.9998049
 outer loop
  vertex 75.18409 -81.59999 -12.04104
  vertex 66.51322 -122.399994 -12.21234
  vertex 66.51322 -81.59999 -12.21234
 endloop
endfacet
facet normal 0.019751947 0 -0.9998049
 outer loop
  vertex 75.18409 -122.399994 -12.04104
  vertex 75.18409 -163.2 -12.04104
  vertex 66.51322 -163.2 -12.21234
 endloop
endfacet
facet normal 0.019751947 0 -0.9998049
 outer loop
  vertex 75.18409 -122.399994 -12.04104
  vertex 66.51322 -163.2 -12.21234
  vertex 66.51322 -122.399994 -12.21234
 endloop
endfacet
facet normal -0.4180594 0 0.90841967
 outer loop
  vertex 5.896528 -204 5.700747
  vertex 5.896528 -163.2 5.700747
  vertex 5.045701 -163.20001 5.309192
 endloop
endfacet
facet normal -0.41805938 0 0.90841967
 outer loop
  vertex 5.896528 -204 5.700747
  vertex 5.045701 -163.20001 5.309192
  vertex 5.045701 -204 5.309192
 endloop
endfacet
facet normal -0.4180594 0 0.90841967
 outer loop
  vertex 5.896528 -163.2 5.700747
  vertex 5.896528 -122.399994 5.700747
  vertex 5.045701 -122.40001 5.309192
 endloop
endfacet
facet normal -0.4180594 0 0.90841967
 outer loop
  vertex 5.896528 -163.2 5.700747
  vertex 5.045701 -122.40001 5.309192
  vertex 5.045701 -163.20001 5.309192
 endloop
endfacet
facet normal -0.4180594 0 0.90841967
 outer loop
  vertex 5.896528 -122.399994 5.700747
  vertex 5.896528 -81.59999 5.700747
  vertex 5.045701 -81.600006 5.309192
 endloop
endfacet
facet normal -0.4180594 0 0.90841967
 outer loop
  vertex 5.896528 -122.399994 5.700747
  vertex 5.045701 -81.600006 5.309192
  vertex 5.045701 -122.40001 5.309192
 endloop
endfacet
facet normal -0.4180594 0 0.90841967
 outer loop
  vertex 5.896528 -81.59999 5.700747
  vertex 5.896528 -40.79999 5.700747
  vertex 5.045701 -40.800007 5.309192
 endloop
endfacet
facet normal -0.4180594 0 0.90841967
 outer loop
  vertex 5.896528 -81.59999 5.700747
  vertex 5.045701 -40.800007 5.309192
  vertex 5.045701 -81.600006 5.309192
 endloop
endfacet
facet normal -0.4180594 0 0.90841967
 outer loop
  vertex 5.896528 -40.79999 5.700747
  vertex 5.896528 7.6293945e-06 5.700747
  vertex 5.045701 -7.6293945e-06 5.309192
 endloop
endfacet
facet normal -0.4180594 0 0.90841967
 outer loop
  vertex 5.896528 -40.79999 5.700747
  vertex 5.045701 -7.6293945e-06 5.309192
  vertex 5.045701 -40.800007 5.309192
 endloop
endfacet
facet normal -0.4180594 0 0.90841967
 outer loop
  vertex 5.896528 7.6293945e-06 5.700747
  vertex 5.896528 40.800007 5.700747
  vertex 5.045701 40.79999 5.309192
 endloop
endfacet
facet normal -0.4180594 0 0.90841967
 outer loop
  vertex 5.896528 7.6293945e-06 5.700747
  vertex 5.045701 40.79999 5.309192
  vertex 5.045701 -7.6293945e-06 5.309192
 endloop
endfacet
facet normal -0.4180594 0 0.90841967
 outer loop
  vertex 5.896528 40.800007 5.700747
  vertex 5.896528 81.600006 5.700747
  vertex 5.045701 81.59999 5.309192
 endloop
endfacet
facet normal -0.4180594 0 0.90841967
 outer loop
  vertex 5.896528 40.800007 5.700747
  vertex 5.045701 81.59999 5.309192
  vertex 5.045701 40.79999 5.309192
 endloop
endfacet
facet normal -0.4180594 0 0.90841967
 outer loop
  vertex 5.896528 81.600006 5.700747
  vertex 5.896528 122.40001 5.700747
  vertex 5.045701 122.399994 5.309192
 endloop
endfacet
facet normal -0.4180594 0 0.90841967
 outer loop
  vertex 5.896528 81.600006 5.700747
  vertex 5.045701 122.399994 5.309192
  vertex 5.045701 81.59999 5.309192
 endloop
endfacet
facet normal -0.4180594 0 0.90841967
 outer loop
  vertex 5.896528 122.40001 5.700747
  vertex 5.896528 163.20001 5.700747
  vertex 5.045701 163.2 5.309192
 endloop
endfacet
facet normal -0.4180594 0 0.90841967
 outer loop
  vertex 5.896528 122.40001 5.700747
  vertex 5.045701 163.2 5.309192
  vertex 5.045701 122.399994 5.309192
 endloop
endfacet
facet normal -0.5256953 0 0.8506729
 outer loop
  vertex 3.046491 204 4.19189
  vertex 3.046491 163.20001 4.19189
  vertex 3.635563 163.20001 4.555922
 endloop
endfacet
facet normal -0.5256953 0 0.8506729
 outer loop
  vertex 3.046491 204 4.19189
  vertex 3.635563 163.20001 4.555922
  vertex 3.635563 204 4.555922
 endloop
endfacet
facet normal -0.5256953 0 0.8506729
 outer loop
  vertex 3.046491 163.20001 4.19189
  vertex 3.046491 122.40001 4.19189
  vertex 3.635563 122.40001 4.555922
 endloop
endfacet
facet normal -0.5256953 0 0.8506729
 outer loop
  vertex 3.046491 163.20001 4.19189
  vertex 3.635563 122.40001 4.555922
  vertex 3.635563 163.20001 4.555922
 endloop
endfacet
facet normal -0.5256953 0 0.8506729
 outer loop
  vertex 3.046491 122.40001 4.19189
  vertex 3.046491 81.600006 4.19189
  vertex 3.635563 81.600006 4.555922
 endloop
endfacet
facet normal -0.5256953 0 0.8506729
 outer loop
  vertex 3.046491 122.40001 4.19189
  vertex 3.635563 81.600006 4.555922
  vertex 3.635563 122.40001 4.555922
 endloop
endfacet
facet normal -0.5256953 0 0.8506729
 outer loop
  vertex 3.046491 81.600006 4.19189
  vertex 3.046491 40.800007 4.19189
  vertex 3.635563 40.800007 4.555922
 endloop
endfacet
facet normal -0.5256953 0 0.8506729
 outer loop
  vertex 3.046491 81.600006 4.19189
  vertex 3.635563 40.800007 4.555922
  vertex 3.635563 81.600006 4.555922
 endloop
endfacet
facet normal -0.5256953 0 0.8506729
 outer loop
  vertex 3.046491 40.800007 4.19189
  vertex 3.046491 7.6293945e-06 4.19189
  vertex 3.635563 7.6293945e-06 4.555922
 endloop
endfacet
facet normal -0.5256953 0 0.8506729
 outer loop
  vertex 3.046491 40.800007 4.19189
  vertex 3.635563 7.6293945e-06 4.555922
  vertex 3.635563 40.800007 4.555922
 endloop
endfacet
facet normal -0.5256953 0 0.8506729
 outer loop
  vertex 3.046491 7.6293945e-06 4.19189
  vertex 3.046491 -40.79999 4.19189
  vertex 3.635563 -40.79999 4.555922
 endloop
endfacet
facet normal -0.5256953 0 0.8506729
 outer loop
  vertex 3.046491 7.6293945e-06 4.19189
  vertex 3.635563 -40.79999 4.555922
  vertex 3.635563 7.6293945e-06 4.555922
 endloop
endfacet
facet normal -0.5256953 0 0.8506729
 outer loop
  vertex 3.046491 -40.79999 4.19189
  vertex 3.046491 -81.59999 4.19189
  vertex 3.635563 -81.59999 4.555922
 endloop
endfacet
facet normal -0.5256953 0 0.8506729
 outer loop
  vertex 3.046491 -40.79999 4.19189
  vertex 3.635563 -81.59999 4.555922
  vertex 3.635563 -40.79999 4.555922
 endloop
endfacet
facet normal -0.5256953 0 0.8506729
 outer loop
  vertex 3.046491 -81.59999 4.19189
  vertex 3.046491 -122.399994 4.19189
  vertex 3.635563 -122.399994 4.555922
 endloop
endfacet
facet normal -0.5256953 0 0.8506729
 outer loop
  vertex 3.046491 -81.59999 4.19189
  vertex 3.635563 -122.399994 4.555922
  vertex 3.635563 -81.59999 4.555922
 endloop
endfacet
facet normal -0.5256953 0 0.8506729
 outer loop
  vertex 3.046491 -122.399994 4.19189
  vertex 3.046491 -163.2 4.19189
  vertex 3.635563 -163.2 4.555922
 endloop
endfacet
facet normal -0.5256953 0 0.8506729
 outer loop
  vertex 3.046491 -122.399994 4.19189
  vertex 3.635563 -163.2 4.555922
  vertex 3.635563 -122.399994 4.555922
 endloop
endfacet
facet normal -0.98961765 0 -0.14372528
 outer loop
  vertex 0.01380354 204 -0.274313
  vertex 0.04626759 204 -0.4978436
  vertex 0.04626759 163.20001 -0.4978436
 endloop
endfacet
facet normal -0.98961765 0 -0.14372528
 outer loop
  vertex 0.01380354 204 -0.274313
  vertex 0.04626759 163.20001 -0.4978436
  vertex 0.01380354 163.20001 -0.274313
 endloop
endfacet
facet normal -0.98961765 0 -0.14372528
 outer loop
  vertex 0.01380354 163.20001 -0.274313
  vertex 0.04626759 163.20001 -0.4978436
  vertex 0.04626759 122.40001 -0.4978436
 endloop
endfacet
facet normal -0.98961765 0 -0.14372528
 outer loop
  vertex 0.01380354 163.20001 -0.274313
  vertex 0.04626759 122.40001 -0.4978436
  vertex 0.01380354 122.40001 -0.274313
 endloop
endfacet
facet normal -0.98961765 0 -0.14372528
 outer loop
  vertex 0.01380354 122.40001 -0.274313
  vertex 0.04626759 122.40001 -0.4978436
  vertex 0.04626759 81.600006 -0.4978436
 endloop
endfacet
facet normal -0.98961765 0 -0.14372528
 outer loop
  vertex 0.01380354 122.40001 -0.274313
  vertex 0.04626759 81.600006 -0.4978436
  vertex 0.01380354 81.600006 -0.274313
 endloop
endfacet
facet normal -0.98961765 0 -0.14372528
 outer loop
  vertex 0.01380354 81.600006 -0.274313
  vertex 0.04626759 81.600006 -0.4978436
  vertex 0.04626759 40.800007 -0.4978436
 endloop
endfacet
facet normal -0.98961765 0 -0.14372528
 outer loop
  vertex 0.01380354 81.600006 -0.274313
  vertex 0.04626759 40.800007 -0.4978436
  vertex 0.01380354 40.800007 -0.274313
 endloop
endfacet
facet normal -0.98961765 0 -0.14372528
 outer loop
  vertex 0.01380354 40.800007 -0.274313
  vertex 0.04626759 40.800007 -0.4978436
  vertex 0.04626759 7.6293945e-06 -0.4978436
 endloop
endfacet
facet normal -0.98961765 0 -0.14372528
 outer loop
  vertex 0.01380354 40.800007 -0.274313
  vertex 0.04626759 7.6293945e-06 -0.4978436
  vertex 0.01380354 7.6293945e-06 -0.274313
 endloop
endfacet
facet normal -0.98961765 0 -0.14372528
 outer loop
  vertex 0.01380354 7.6293945e-06 -0.274313
  vertex 0.04626759 7.6293945e-06 -0.4978436
  vertex 0.04626759 -40.79999 -0.4978436
 endloop
endfacet
facet normal -0.98961765 0 -0.14372528
 outer loop
  vertex 0.01380354 7.6293945e-06 -0.274313
  vertex 0.04626759 -40.79999 -0.4978436
  vertex 0.01380354 -40.79999 -0.274313
 endloop
endfacet
facet normal -0.98961765 0 -0.14372528
 outer loop
  vertex 0.01380354 -40.79999 -0.274313
  vertex 0.04626759 -40.79999 -0.4978436
  vertex 0.04626759 -81.59999 -0.4978436
 endloop
endfacet
facet normal -0.98961765 0 -0.14372528
 outer loop
  vertex 0.01380354 -40.79999 -0.274313
  vertex 0.04626759 -81.59999 -0.4978436
  vertex 0.01380354 -81.59999 -0.274313
 endloop
endfacet
facet normal -0.98961765 0 -0.14372528
 outer loop
  vertex 0.01380354 -81.59999 -0.274313
  vertex 0.04626759 -81.59999 -0.4978436
  vertex 0.04626759 -122.399994 -0.4978436
 endloop
endfacet
facet normal -0.98961765 0 -0.14372528
 outer loop
  vertex 0.01380354 -81.59999 -0.274313
  vertex 0.04626759 -122.399994 -0.4978436
  vertex 0.01380354 -122.399994 -0.274313
 endloop
endfacet
facet normal -0.98961765 0 -0.14372528
 outer loop
  vertex 0.01380354 -122.399994 -0.274313
  vertex 0.04626759 -122.399994 -0.4978436
  vertex 0.04626759 -163.2 -0.4978436
 endloop
endfacet
facet normal -0.98961765 0 -0.14372528
 outer loop
  vertex 0.01380354 -122.399994 -0.274313
  vertex 0.04626759 -163.2 -0.4978436
  vertex 0.01380354 -163.2 -0.274313
 endloop
endfacet
facet normal -0.97236943 0 -0.23344737
 outer loop
  vertex 0.04626759 204 -0.4978436
  vertex 0.1386817 204 -0.8827725
  vertex 0.1386817 163.20001 -0.8827725
 endloop
endfacet
facet normal -0.97236943 0 -0.23344737
 outer loop
  vertex 0.04626759 204 -0.4978436
  vertex 0.1386817 163.20001 -0.8827725
  vertex 0.04626759 163.20001 -0.4978436
 endloop
endfacet
facet normal -0.97236943 0 -0.23344737
 outer loop
  vertex 0.04626759 163.20001 -0.4978436
  vertex 0.1386817 163.20001 -0.8827725
  vertex 0.1386817 122.40001 -0.8827725
 endloop
endfacet
facet normal -0.97236943 0 -0.23344737
 outer loop
  vertex 0.04626759 163.20001 -0.4978436
  vertex 0.1386817 122.40001 -0.8827725
  vertex 0.04626759 122.40001 -0.4978436
 endloop
endfacet
facet normal -0.97236943 0 -0.23344737
 outer loop
  vertex 0.04626759 122.40001 -0.4978436
  vertex 0.1386817 122.40001 -0.8827725
  vertex 0.1386817 81.600006 -0.8827725
 endloop
endfacet
facet normal -0.97236943 0 -0.23344737
 outer loop
  vertex 0.04626759 122.40001 -0.4978436
  vertex 0.1386817 81.600006 -0.8827725
  vertex 0.04626759 81.600006 -0.4978436
 endloop
endfacet
facet normal -0.97236943 0 -0.23344739
 outer loop
  vertex 0.04626759 81.600006 -0.4978436
  vertex 0.1386817 81.600006 -0.8827725
  vertex 0.1386817 40.800007 -0.8827725
 endloop
endfacet
facet normal -0.97236943 0 -0.23344739
 outer loop
  vertex 0.04626759 81.600006 -0.4978436
  vertex 0.1386817 40.800007 -0.8827725
  vertex 0.04626759 40.800007 -0.4978436
 endloop
endfacet
facet normal -0.97236943 0 -0.23344739
 outer loop
  vertex 0.04626759 40.800007 -0.4978436
  vertex 0.1386817 40.800007 -0.8827725
  vertex 0.1386817 7.6293945e-06 -0.8827725
 endloop
endfacet
facet normal -0.97236943 0 -0.23344739
 outer loop
  vertex 0.04626759 40.800007 -0.4978436
  vertex 0.1386817 7.6293945e-06 -0.8827725
  vertex 0.04626759 7.6293945e-06 -0.4978436
 endloop
endfacet
facet normal -0.97236943 0 -0.23344739
 outer loop
  vertex 0.04626759 7.6293945e-06 -0.4978436
  vertex 0.1386817 7.6293945e-06 -0.8827725
  vertex 0.1386817 -40.79999 -0.8827725
 endloop
endfacet
facet normal -0.97236943 0 -0.23344739
 outer loop
  vertex 0.04626759 7.6293945e-06 -0.4978436
  vertex 0.1386817 -40.79999 -0.8827725
  vertex 0.04626759 -40.79999 -0.4978436
 endloop
endfacet
facet normal -0.97236943 0 -0.23344739
 outer loop
  vertex 0.04626759 -40.79999 -0.4978436
  vertex 0.1386817 -40.79999 -0.8827725
  vertex 0.1386817 -81.59999 -0.8827725
 endloop
endfacet
facet normal -0.97236943 0 -0.23344739
 outer loop
  vertex 0.04626759 -40.79999 -0.4978436
  vertex 0.1386817 -81.59999 -0.8827725
  vertex 0.04626759 -81.59999 -0.4978436
 endloop
endfacet
facet normal -0.97236943 0 -0.23344737
 outer loop
  vertex 0.04626759 -81.59999 -0.4978436
  vertex 0.1386817 -81.59999 -0.8827725
  vertex 0.1386817 -122.399994 -0.8827725
 endloop
endfacet
facet normal -0.97236943 0 -0.23344737
 outer loop
  vertex 0.04626759 -81.59999 -0.4978436
  vertex 0.1386817 -122.399994 -0.8827725
  vertex 0.04626759 -122.399994 -0.4978436
 endloop
endfacet
facet normal -0.97236943 0 -0.23344737
 outer loop
  vertex 0.04626759 -122.399994 -0.4978436
  vertex 0.1386817 -122.399994 -0.8827725
  vertex 0.1386817 -163.2 -0.8827725
 endloop
endfacet
facet normal -0.97236943 0 -0.23344737
 outer loop
  vertex 0.04626759 -122.399994 -0.4978436
  vertex 0.1386817 -163.2 -0.8827725
  vertex 0.04626759 -163.2 -0.4978436
 endloop
endfacet
facet normal -0.9368465 0 -0.3497408
 outer loop
  vertex 0.3056599 204 -1.330055
  vertex 0.3056599 163.20001 -1.330055
  vertex 0.1386817 163.20001 -0.8827725
 endloop
endfacet
facet normal -0.9368465 -0 -0.3497408
 outer loop
  vertex 0.3056599 204 -1.330055
  vertex 0.1386817 163.20001 -0.8827725
  vertex 0.1386817 204 -0.8827725
 endloop
endfacet
facet normal -0.9368465 0 -0.3497408
 outer loop
  vertex 0.3056599 163.20001 -1.330055
  vertex 0.3056599 122.40001 -1.330055
  vertex 0.1386817 122.40001 -0.8827725
 endloop
endfacet
facet normal -0.9368465 -0 -0.3497408
 outer loop
  vertex 0.3056599 163.20001 -1.330055
  vertex 0.1386817 122.40001 -0.8827725
  vertex 0.1386817 163.20001 -0.8827725
 endloop
endfacet
facet normal -0.9368465 0 -0.3497408
 outer loop
  vertex 0.3056599 122.40001 -1.330055
  vertex 0.3056599 81.600006 -1.330055
  vertex 0.1386817 81.600006 -0.8827725
 endloop
endfacet
facet normal -0.9368465 -0 -0.3497408
 outer loop
  vertex 0.3056599 122.40001 -1.330055
  vertex 0.1386817 81.600006 -0.8827725
  vertex 0.1386817 122.40001 -0.8827725
 endloop
endfacet
facet normal -0.9368465 0 -0.34974083
 outer loop
  vertex 0.3056599 81.600006 -1.330055
  vertex 0.3056599 40.800007 -1.330055
  vertex 0.1386817 40.800007 -0.8827725
 endloop
endfacet
facet normal -0.9368465 -0 -0.34974083
 outer loop
  vertex 0.3056599 81.600006 -1.330055
  vertex 0.1386817 40.800007 -0.8827725
  vertex 0.1386817 81.600006 -0.8827725
 endloop
endfacet
facet normal -0.9368465 0 -0.34974083
 outer loop
  vertex 0.3056599 40.800007 -1.330055
  vertex 0.3056599 7.6293945e-06 -1.330055
  vertex 0.1386817 7.6293945e-06 -0.8827725
 endloop
endfacet
facet normal -0.9368465 -0 -0.34974083
 outer loop
  vertex 0.3056599 40.800007 -1.330055
  vertex 0.1386817 7.6293945e-06 -0.8827725
  vertex 0.1386817 40.800007 -0.8827725
 endloop
endfacet
facet normal -0.9368465 0 -0.34974083
 outer loop
  vertex 0.3056599 7.6293945e-06 -1.330055
  vertex 0.3056599 -40.79999 -1.330055
  vertex 0.1386817 -40.79999 -0.8827725
 endloop
endfacet
facet normal -0.9368465 -0 -0.34974083
 outer loop
  vertex 0.3056599 7.6293945e-06 -1.330055
  vertex 0.1386817 -40.79999 -0.8827725
  vertex 0.1386817 7.6293945e-06 -0.8827725
 endloop
endfacet
facet normal -0.9368465 0 -0.34974083
 outer loop
  vertex 0.3056599 -40.79999 -1.330055
  vertex 0.3056599 -81.59999 -1.330055
  vertex 0.1386817 -81.59999 -0.8827725
 endloop
endfacet
facet normal -0.9368465 -0 -0.34974083
 outer loop
  vertex 0.3056599 -40.79999 -1.330055
  vertex 0.1386817 -81.59999 -0.8827725
  vertex 0.1386817 -40.79999 -0.8827725
 endloop
endfacet
facet normal -0.9368465 0 -0.3497408
 outer loop
  vertex 0.3056599 -81.59999 -1.330055
  vertex 0.3056599 -122.399994 -1.330055
  vertex 0.1386817 -122.399994 -0.8827725
 endloop
endfacet
facet normal -0.9368465 -0 -0.3497408
 outer loop
  vertex 0.3056599 -81.59999 -1.330055
  vertex 0.1386817 -122.399994 -0.8827725
  vertex 0.1386817 -81.59999 -0.8827725
 endloop
endfacet
facet normal -0.9368465 0 -0.3497408
 outer loop
  vertex 0.3056599 -122.399994 -1.330055
  vertex 0.3056599 -163.2 -1.330055
  vertex 0.1386817 -163.2 -0.8827725
 endloop
endfacet
facet normal -0.9368465 -0 -0.3497408
 outer loop
  vertex 0.3056599 -122.399994 -1.330055
  vertex 0.1386817 -163.2 -0.8827725
  vertex 0.1386817 -122.399994 -0.8827725
 endloop
endfacet
facet normal -0.83247244 0 -0.5540665
 outer loop
  vertex 0.5058168 204 -1.731906
  vertex 0.792426 204 -2.16253
  vertex 0.792426 163.20001 -2.16253
 endloop
endfacet
facet normal -0.83247244 0 -0.5540665
 outer loop
  vertex 0.5058168 204 -1.731906
  vertex 0.792426 163.20001 -2.16253
  vertex 0.5058168 163.20001 -1.731906
 endloop
endfacet
facet normal -0.83247244 0 -0.5540664
 outer loop
  vertex 0.5058168 163.20001 -1.731906
  vertex 0.792426 163.20001 -2.16253
  vertex 0.792426 122.40001 -2.16253
 endloop
endfacet
facet normal -0.83247244 0 -0.5540664
 outer loop
  vertex 0.5058168 163.20001 -1.731906
  vertex 0.792426 122.40001 -2.16253
  vertex 0.5058168 122.40001 -1.731906
 endloop
endfacet
facet normal -0.83247244 0 -0.5540664
 outer loop
  vertex 0.5058168 122.40001 -1.731906
  vertex 0.792426 122.40001 -2.16253
  vertex 0.792426 81.600006 -2.16253
 endloop
endfacet
facet normal -0.83247244 0 -0.5540664
 outer loop
  vertex 0.5058168 122.40001 -1.731906
  vertex 0.792426 81.600006 -2.16253
  vertex 0.5058168 81.600006 -1.731906
 endloop
endfacet
facet normal -0.83247244 0 -0.5540664
 outer loop
  vertex 0.5058168 81.600006 -1.731906
  vertex 0.792426 81.600006 -2.16253
  vertex 0.792426 40.800007 -2.16253
 endloop
endfacet
facet normal -0.83247244 0 -0.5540664
 outer loop
  vertex 0.5058168 81.600006 -1.731906
  vertex 0.792426 40.800007 -2.16253
  vertex 0.5058168 40.800007 -1.731906
 endloop
endfacet
facet normal -0.83247244 0 -0.5540664
 outer loop
  vertex 0.5058168 40.800007 -1.731906
  vertex 0.792426 40.800007 -2.16253
  vertex 0.792426 7.6293945e-06 -2.16253
 endloop
endfacet
facet normal -0.83247244 0 -0.5540664
 outer loop
  vertex 0.5058168 40.800007 -1.731906
  vertex 0.792426 7.6293945e-06 -2.16253
  vertex 0.5058168 7.6293945e-06 -1.731906
 endloop
endfacet
facet normal -0.83247244 0 -0.5540664
 outer loop
  vertex 0.5058168 7.6293945e-06 -1.731906
  vertex 0.792426 7.6293945e-06 -2.16253
  vertex 0.792426 -40.79999 -2.16253
 endloop
endfacet
facet normal -0.83247244 0 -0.5540664
 outer loop
  vertex 0.5058168 7.6293945e-06 -1.731906
  vertex 0.792426 -40.79999 -2.16253
  vertex 0.5058168 -40.79999 -1.731906
 endloop
endfacet
facet normal -0.83247244 0 -0.5540664
 outer loop
  vertex 0.5058168 -40.79999 -1.731906
  vertex 0.792426 -40.79999 -2.16253
  vertex 0.792426 -81.59999 -2.16253
 endloop
endfacet
facet normal -0.83247244 0 -0.5540664
 outer loop
  vertex 0.5058168 -40.79999 -1.731906
  vertex 0.792426 -81.59999 -2.16253
  vertex 0.5058168 -81.59999 -1.731906
 endloop
endfacet
facet normal -0.83247244 0 -0.5540664
 outer loop
  vertex 0.5058168 -81.59999 -1.731906
  vertex 0.792426 -81.59999 -2.16253
  vertex 0.792426 -122.399994 -2.16253
 endloop
endfacet
facet normal -0.83247244 0 -0.5540664
 outer loop
  vertex 0.5058168 -81.59999 -1.731906
  vertex 0.792426 -122.399994 -2.16253
  vertex 0.5058168 -122.399994 -1.731906
 endloop
endfacet
facet normal -0.83247244 0 -0.5540664
 outer loop
  vertex 0.5058168 -122.399994 -1.731906
  vertex 0.792426 -122.399994 -2.16253
  vertex 0.792426 -163.2 -2.16253
 endloop
endfacet
facet normal -0.83247244 0 -0.5540664
 outer loop
  vertex 0.5058168 -122.399994 -1.731906
  vertex 0.792426 -163.2 -2.16253
  vertex 0.5058168 -163.2 -1.731906
 endloop
endfacet
facet normal 0.039156385 0 -0.9992331
 outer loop
  vertex 90.88878 204 -11.42563
  vertex 90.88878 163.2 -11.42563
  vertex 75.18409 163.20001 -12.04104
 endloop
endfacet
facet normal 0.039156385 0 -0.9992331
 outer loop
  vertex 90.88878 204 -11.42563
  vertex 75.18409 163.20001 -12.04104
  vertex 75.18409 204 -12.04104
 endloop
endfacet
facet normal 0.039156385 0 -0.9992331
 outer loop
  vertex 90.88878 163.2 -11.42563
  vertex 90.88878 122.399994 -11.42563
  vertex 75.18409 122.40001 -12.04104
 endloop
endfacet
facet normal 0.039156385 0 -0.9992331
 outer loop
  vertex 90.88878 163.2 -11.42563
  vertex 75.18409 122.40001 -12.04104
  vertex 75.18409 163.20001 -12.04104
 endloop
endfacet
facet normal 0.039156385 0 -0.9992331
 outer loop
  vertex 90.88878 122.399994 -11.42563
  vertex 90.88878 81.59999 -11.42563
  vertex 75.18409 81.600006 -12.04104
 endloop
endfacet
facet normal 0.039156385 0 -0.9992331
 outer loop
  vertex 90.88878 122.399994 -11.42563
  vertex 75.18409 81.600006 -12.04104
  vertex 75.18409 122.40001 -12.04104
 endloop
endfacet
facet normal 0.03915639 0 -0.9992331
 outer loop
  vertex 90.88878 81.59999 -11.42563
  vertex 90.88878 40.79999 -11.42563
  vertex 75.18409 40.800007 -12.04104
 endloop
endfacet
facet normal 0.03915639 0 -0.9992331
 outer loop
  vertex 90.88878 81.59999 -11.42563
  vertex 75.18409 40.800007 -12.04104
  vertex 75.18409 81.600006 -12.04104
 endloop
endfacet
facet normal 0.03915639 0 -0.9992331
 outer loop
  vertex 90.88878 40.79999 -11.42563
  vertex 90.88878 -7.6293945e-06 -11.42563
  vertex 75.18409 7.6293945e-06 -12.04104
 endloop
endfacet
facet normal 0.03915639 0 -0.9992331
 outer loop
  vertex 90.88878 40.79999 -11.42563
  vertex 75.18409 7.6293945e-06 -12.04104
  vertex 75.18409 40.800007 -12.04104
 endloop
endfacet
facet normal 0.03915639 0 -0.9992331
 outer loop
  vertex 90.88878 -7.6293945e-06 -11.42563
  vertex 90.88878 -40.800007 -11.42563
  vertex 75.18409 -40.79999 -12.04104
 endloop
endfacet
facet normal 0.03915639 0 -0.9992331
 outer loop
  vertex 90.88878 -7.6293945e-06 -11.42563
  vertex 75.18409 -40.79999 -12.04104
  vertex 75.18409 7.6293945e-06 -12.04104
 endloop
endfacet
facet normal 0.03915639 0 -0.9992331
 outer loop
  vertex 90.88878 -40.800007 -11.42563
  vertex 90.88878 -81.600006 -11.42563
  vertex 75.18409 -81.59999 -12.04104
 endloop
endfacet
facet normal 0.03915639 0 -0.9992331
 outer loop
  vertex 90.88878 -40.800007 -11.42563
  vertex 75.18409 -81.59999 -12.04104
  vertex 75.18409 -40.79999 -12.04104
 endloop
endfacet
facet normal 0.039156385 0 -0.9992331
 outer loop
  vertex 90.88878 -81.600006 -11.42563
  vertex 90.88878 -122.40001 -11.42563
  vertex 75.18409 -122.399994 -12.04104
 endloop
endfacet
facet normal 0.039156385 0 -0.9992331
 outer loop
  vertex 90.88878 -81.600006 -11.42563
  vertex 75.18409 -122.399994 -12.04104
  vertex 75.18409 -81.59999 -12.04104
 endloop
endfacet
facet normal 0.039156385 0 -0.9992331
 outer loop
  vertex 90.88878 -122.40001 -11.42563
  vertex 90.88878 -163.20001 -11.42563
  vertex 75.18409 -163.2 -12.04104
 endloop
endfacet
facet normal 0.039156385 0 -0.9992331
 outer loop
  vertex 90.88878 -122.40001 -11.42563
  vertex 75.18409 -163.2 -12.04104
  vertex 75.18409 -122.399994 -12.04104
 endloop
endfacet
facet normal -0.733232 0 -0.6799785
 outer loop
  vertex 1.292233 204 -2.762887
  vertex 1.292233 163.20001 -2.762887
  vertex 1.114224 163.20001 -2.570937
 endloop
endfacet
facet normal -0.733232 -0 -0.6799785
 outer loop
  vertex 1.292233 204 -2.762887
  vertex 1.114224 163.20001 -2.570937
  vertex 1.114224 204 -2.570937
 endloop
endfacet
facet normal -0.733232 0 -0.6799785
 outer loop
  vertex 1.292233 163.20001 -2.762887
  vertex 1.292233 122.40001 -2.762887
  vertex 1.114224 122.40001 -2.570937
 endloop
endfacet
facet normal -0.733232 -0 -0.6799785
 outer loop
  vertex 1.292233 163.20001 -2.762887
  vertex 1.114224 122.40001 -2.570937
  vertex 1.114224 163.20001 -2.570937
 endloop
endfacet
facet normal -0.733232 0 -0.6799785
 outer loop
  vertex 1.292233 122.40001 -2.762887
  vertex 1.292233 81.600006 -2.762887
  vertex 1.114224 81.600006 -2.570937
 endloop
endfacet
facet normal -0.733232 -0 -0.6799785
 outer loop
  vertex 1.292233 122.40001 -2.762887
  vertex 1.114224 81.600006 -2.570937
  vertex 1.114224 122.40001 -2.570937
 endloop
endfacet
facet normal -0.7332321 0 -0.67997855
 outer loop
  vertex 1.292233 81.600006 -2.762887
  vertex 1.292233 40.800007 -2.762887
  vertex 1.114224 40.800007 -2.570937
 endloop
endfacet
facet normal -0.7332321 -0 -0.67997855
 outer loop
  vertex 1.292233 81.600006 -2.762887
  vertex 1.114224 40.800007 -2.570937
  vertex 1.114224 81.600006 -2.570937
 endloop
endfacet
facet normal -0.7332321 0 -0.67997855
 outer loop
  vertex 1.292233 40.800007 -2.762887
  vertex 1.292233 7.6293945e-06 -2.762887
  vertex 1.114224 7.6293945e-06 -2.570937
 endloop
endfacet
facet normal -0.7332321 -0 -0.67997855
 outer loop
  vertex 1.292233 40.800007 -2.762887
  vertex 1.114224 7.6293945e-06 -2.570937
  vertex 1.114224 40.800007 -2.570937
 endloop
endfacet
facet normal -0.7332321 0 -0.67997855
 outer loop
  vertex 1.292233 7.6293945e-06 -2.762887
  vertex 1.292233 -40.79999 -2.762887
  vertex 1.114224 -40.79999 -2.570937
 endloop
endfacet
facet normal -0.7332321 -0 -0.67997855
 outer loop
  vertex 1.292233 7.6293945e-06 -2.762887
  vertex 1.114224 -40.79999 -2.570937
  vertex 1.114224 7.6293945e-06 -2.570937
 endloop
endfacet
facet normal -0.7332321 0 -0.67997855
 outer loop
  vertex 1.292233 -40.79999 -2.762887
  vertex 1.292233 -81.59999 -2.762887
  vertex 1.114224 -81.59999 -2.570937
 endloop
endfacet
facet normal -0.7332321 -0 -0.67997855
 outer loop
  vertex 1.292233 -40.79999 -2.762887
  vertex 1.114224 -81.59999 -2.570937
  vertex 1.114224 -40.79999 -2.570937
 endloop
endfacet
facet normal -0.733232 0 -0.6799785
 outer loop
  vertex 1.292233 -81.59999 -2.762887
  vertex 1.292233 -122.399994 -2.762887
  vertex 1.114224 -122.399994 -2.570937
 endloop
endfacet
facet normal -0.733232 -0 -0.6799785
 outer loop
  vertex 1.292233 -81.59999 -2.762887
  vertex 1.114224 -122.399994 -2.570937
  vertex 1.114224 -81.59999 -2.570937
 endloop
endfacet
facet normal -0.733232 0 -0.6799785
 outer loop
  vertex 1.292233 -122.399994 -2.762887
  vertex 1.292233 -163.2 -2.762887
  vertex 1.114224 -163.2 -2.570937
 endloop
endfacet
facet normal -0.733232 -0 -0.6799785
 outer loop
  vertex 1.292233 -122.399994 -2.762887
  vertex 1.114224 -163.2 -2.570937
  vertex 1.114224 -122.399994 -2.570937
 endloop
endfacet
facet normal -0.70593274 0 -0.7082788
 outer loop
  vertex 1.509936 204 -2.979869
  vertex 1.509936 163.20001 -2.979869
  vertex 1.292233 163.20001 -2.762887
 endloop
endfacet
facet normal -0.70593274 -0 -0.7082788
 outer loop
  vertex 1.509936 204 -2.979869
  vertex 1.292233 163.20001 -2.762887
  vertex 1.292233 204 -2.762887
 endloop
endfacet
facet normal -0.7059328 0 -0.7082788
 outer loop
  vertex 1.509936 163.20001 -2.979869
  vertex 1.509936 122.40001 -2.979869
  vertex 1.292233 122.40001 -2.762887
 endloop
endfacet
facet normal -0.7059328 -0 -0.7082788
 outer loop
  vertex 1.509936 163.20001 -2.979869
  vertex 1.292233 122.40001 -2.762887
  vertex 1.292233 163.20001 -2.762887
 endloop
endfacet
facet normal -0.7059328 0 -0.7082788
 outer loop
  vertex 1.509936 122.40001 -2.979869
  vertex 1.509936 81.600006 -2.979869
  vertex 1.292233 81.600006 -2.762887
 endloop
endfacet
facet normal -0.7059328 -0 -0.7082788
 outer loop
  vertex 1.509936 122.40001 -2.979869
  vertex 1.292233 81.600006 -2.762887
  vertex 1.292233 122.40001 -2.762887
 endloop
endfacet
facet normal -0.7059328 0 -0.70827883
 outer loop
  vertex 1.509936 81.600006 -2.979869
  vertex 1.509936 40.800007 -2.979869
  vertex 1.292233 40.800007 -2.762887
 endloop
endfacet
facet normal -0.7059328 -0 -0.70827883
 outer loop
  vertex 1.509936 81.600006 -2.979869
  vertex 1.292233 40.800007 -2.762887
  vertex 1.292233 81.600006 -2.762887
 endloop
endfacet
facet normal -0.7059328 0 -0.70827883
 outer loop
  vertex 1.509936 40.800007 -2.979869
  vertex 1.509936 7.6293945e-06 -2.979869
  vertex 1.292233 7.6293945e-06 -2.762887
 endloop
endfacet
facet normal -0.7059328 -0 -0.70827883
 outer loop
  vertex 1.509936 40.800007 -2.979869
  vertex 1.292233 7.6293945e-06 -2.762887
  vertex 1.292233 40.800007 -2.762887
 endloop
endfacet
facet normal -0.7059328 0 -0.70827883
 outer loop
  vertex 1.509936 7.6293945e-06 -2.979869
  vertex 1.509936 -40.79999 -2.979869
  vertex 1.292233 -40.79999 -2.762887
 endloop
endfacet
facet normal -0.7059328 -0 -0.70827883
 outer loop
  vertex 1.509936 7.6293945e-06 -2.979869
  vertex 1.292233 -40.79999 -2.762887
  vertex 1.292233 7.6293945e-06 -2.762887
 endloop
endfacet
facet normal -0.7059328 0 -0.70827883
 outer loop
  vertex 1.509936 -40.79999 -2.979869
  vertex 1.509936 -81.59999 -2.979869
  vertex 1.292233 -81.59999 -2.762887
 endloop
endfacet
facet normal -0.7059328 -0 -0.70827883
 outer loop
  vertex 1.509936 -40.79999 -2.979869
  vertex 1.292233 -81.59999 -2.762887
  vertex 1.292233 -40.79999 -2.762887
 endloop
endfacet
facet normal -0.7059328 0 -0.7082788
 outer loop
  vertex 1.509936 -81.59999 -2.979869
  vertex 1.509936 -122.399994 -2.979869
  vertex 1.292233 -122.399994 -2.762887
 endloop
endfacet
facet normal -0.7059328 -0 -0.7082788
 outer loop
  vertex 1.509936 -81.59999 -2.979869
  vertex 1.292233 -122.399994 -2.762887
  vertex 1.292233 -81.59999 -2.762887
 endloop
endfacet
facet normal -0.7059328 0 -0.7082788
 outer loop
  vertex 1.509936 -122.399994 -2.979869
  vertex 1.509936 -163.2 -2.979869
  vertex 1.292233 -163.2 -2.762887
 endloop
endfacet
facet normal -0.7059328 -0 -0.7082788
 outer loop
  vertex 1.509936 -122.399994 -2.979869
  vertex 1.292233 -163.2 -2.762887
  vertex 1.292233 -122.399994 -2.762887
 endloop
endfacet
facet normal -0.6742659 0 -0.7384886
 outer loop
  vertex 1.962383 204 -3.392969
  vertex 1.962383 163.20001 -3.392969
  vertex 1.509936 163.20001 -2.979869
 endloop
endfacet
facet normal -0.6742659 -0 -0.7384886
 outer loop
  vertex 1.962383 204 -3.392969
  vertex 1.509936 163.20001 -2.979869
  vertex 1.509936 204 -2.979869
 endloop
endfacet
facet normal -0.674266 0 -0.7384886
 outer loop
  vertex 1.962383 163.20001 -3.392969
  vertex 1.962383 122.40001 -3.392969
  vertex 1.509936 122.40001 -2.979869
 endloop
endfacet
facet normal -0.674266 -0 -0.7384886
 outer loop
  vertex 1.962383 163.20001 -3.392969
  vertex 1.509936 122.40001 -2.979869
  vertex 1.509936 163.20001 -2.979869
 endloop
endfacet
facet normal -0.674266 0 -0.7384886
 outer loop
  vertex 1.962383 122.40001 -3.392969
  vertex 1.962383 81.600006 -3.392969
  vertex 1.509936 81.600006 -2.979869
 endloop
endfacet
facet normal -0.674266 -0 -0.7384886
 outer loop
  vertex 1.962383 122.40001 -3.392969
  vertex 1.509936 81.600006 -2.979869
  vertex 1.509936 122.40001 -2.979869
 endloop
endfacet
facet normal -0.67426604 0 -0.7384886
 outer loop
  vertex 1.962383 81.600006 -3.392969
  vertex 1.962383 40.800007 -3.392969
  vertex 1.509936 40.800007 -2.979869
 endloop
endfacet
facet normal -0.67426604 -0 -0.7384886
 outer loop
  vertex 1.962383 81.600006 -3.392969
  vertex 1.509936 40.800007 -2.979869
  vertex 1.509936 81.600006 -2.979869
 endloop
endfacet
facet normal -0.67426604 0 -0.7384886
 outer loop
  vertex 1.962383 40.800007 -3.392969
  vertex 1.962383 7.6293945e-06 -3.392969
  vertex 1.509936 7.6293945e-06 -2.979869
 endloop
endfacet
facet normal -0.67426604 -0 -0.7384886
 outer loop
  vertex 1.962383 40.800007 -3.392969
  vertex 1.509936 7.6293945e-06 -2.979869
  vertex 1.509936 40.800007 -2.979869
 endloop
endfacet
facet normal -0.67426604 0 -0.7384886
 outer loop
  vertex 1.962383 7.6293945e-06 -3.392969
  vertex 1.962383 -40.79999 -3.392969
  vertex 1.509936 -40.79999 -2.979869
 endloop
endfacet
facet normal -0.67426604 -0 -0.7384886
 outer loop
  vertex 1.962383 7.6293945e-06 -3.392969
  vertex 1.509936 -40.79999 -2.979869
  vertex 1.509936 7.6293945e-06 -2.979869
 endloop
endfacet
facet normal -0.67426604 0 -0.7384886
 outer loop
  vertex 1.962383 -40.79999 -3.392969
  vertex 1.962383 -81.59999 -3.392969
  vertex 1.509936 -81.59999 -2.979869
 endloop
endfacet
facet normal -0.67426604 -0 -0.7384886
 outer loop
  vertex 1.962383 -40.79999 -3.392969
  vertex 1.509936 -81.59999 -2.979869
  vertex 1.509936 -40.79999 -2.979869
 endloop
endfacet
facet normal -0.674266 0 -0.7384886
 outer loop
  vertex 1.962383 -81.59999 -3.392969
  vertex 1.962383 -122.399994 -3.392969
  vertex 1.509936 -122.399994 -2.979869
 endloop
endfacet
facet normal -0.674266 -0 -0.7384886
 outer loop
  vertex 1.962383 -81.59999 -3.392969
  vertex 1.509936 -122.399994 -2.979869
  vertex 1.509936 -81.59999 -2.979869
 endloop
endfacet
facet normal -0.674266 0 -0.7384886
 outer loop
  vertex 1.962383 -122.399994 -3.392969
  vertex 1.962383 -163.2 -3.392969
  vertex 1.509936 -163.2 -2.979869
 endloop
endfacet
facet normal -0.674266 -0 -0.7384886
 outer loop
  vertex 1.962383 -122.399994 -3.392969
  vertex 1.509936 -163.2 -2.979869
  vertex 1.509936 -122.399994 -2.979869
 endloop
endfacet
facet normal -0.41805938 0 -0.90841967
 outer loop
  vertex 5.896528 204 -5.700747
  vertex 5.896528 163.20001 -5.700747
  vertex 5.045701 163.20001 -5.309192
 endloop
endfacet
facet normal -0.41805938 -0 -0.90841967
 outer loop
  vertex 5.896528 204 -5.700747
  vertex 5.045701 163.20001 -5.309192
  vertex 5.045701 204 -5.309192
 endloop
endfacet
facet normal -0.4180594 0 -0.90841967
 outer loop
  vertex 5.896528 163.20001 -5.700747
  vertex 5.896528 122.40001 -5.700747
  vertex 5.045701 122.40001 -5.309192
 endloop
endfacet
facet normal -0.4180594 -0 -0.90841967
 outer loop
  vertex 5.896528 163.20001 -5.700747
  vertex 5.045701 122.40001 -5.309192
  vertex 5.045701 163.20001 -5.309192
 endloop
endfacet
facet normal -0.4180594 0 -0.90841967
 outer loop
  vertex 5.896528 122.40001 -5.700747
  vertex 5.896528 81.600006 -5.700747
  vertex 5.045701 81.600006 -5.309192
 endloop
endfacet
facet normal -0.4180594 -0 -0.90841967
 outer loop
  vertex 5.896528 122.40001 -5.700747
  vertex 5.045701 81.600006 -5.309192
  vertex 5.045701 122.40001 -5.309192
 endloop
endfacet
facet normal -0.4180594 0 -0.90841967
 outer loop
  vertex 5.896528 81.600006 -5.700747
  vertex 5.896528 40.800007 -5.700747
  vertex 5.045701 40.800007 -5.309192
 endloop
endfacet
facet normal -0.4180594 -0 -0.90841967
 outer loop
  vertex 5.896528 81.600006 -5.700747
  vertex 5.045701 40.800007 -5.309192
  vertex 5.045701 81.600006 -5.309192
 endloop
endfacet
facet normal -0.4180594 0 -0.90841967
 outer loop
  vertex 5.896528 40.800007 -5.700747
  vertex 5.896528 7.6293945e-06 -5.700747
  vertex 5.045701 7.6293945e-06 -5.309192
 endloop
endfacet
facet normal -0.4180594 -0 -0.90841967
 outer loop
  vertex 5.896528 40.800007 -5.700747
  vertex 5.045701 7.6293945e-06 -5.309192
  vertex 5.045701 40.800007 -5.309192
 endloop
endfacet
facet normal -0.4180594 0 -0.90841967
 outer loop
  vertex 5.896528 7.6293945e-06 -5.700747
  vertex 5.896528 -40.79999 -5.700747
  vertex 5.045701 -40.79999 -5.309192
 endloop
endfacet
facet normal -0.4180594 -0 -0.90841967
 outer loop
  vertex 5.896528 7.6293945e-06 -5.700747
  vertex 5.045701 -40.79999 -5.309192
  vertex 5.045701 7.6293945e-06 -5.309192
 endloop
endfacet
facet normal -0.4180594 0 -0.90841967
 outer loop
  vertex 5.896528 -40.79999 -5.700747
  vertex 5.896528 -81.59999 -5.700747
  vertex 5.045701 -81.59999 -5.309192
 endloop
endfacet
facet normal -0.4180594 -0 -0.90841967
 outer loop
  vertex 5.896528 -40.79999 -5.700747
  vertex 5.045701 -81.59999 -5.309192
  vertex 5.045701 -40.79999 -5.309192
 endloop
endfacet
facet normal -0.4180594 0 -0.90841967
 outer loop
  vertex 5.896528 -81.59999 -5.700747
  vertex 5.896528 -122.399994 -5.700747
  vertex 5.045701 -122.399994 -5.309192
 endloop
endfacet
facet normal -0.4180594 -0 -0.90841967
 outer loop
  vertex 5.896528 -81.59999 -5.700747
  vertex 5.045701 -122.399994 -5.309192
  vertex 5.045701 -81.59999 -5.309192
 endloop
endfacet
facet normal -0.4180594 0 -0.90841967
 outer loop
  vertex 5.896528 -122.399994 -5.700747
  vertex 5.896528 -163.2 -5.700747
  vertex 5.045701 -163.2 -5.309192
 endloop
endfacet
facet normal -0.4180594 -0 -0.90841967
 outer loop
  vertex 5.896528 -122.399994 -5.700747
  vertex 5.045701 -163.2 -5.309192
  vertex 5.045701 -122.399994 -5.309192
 endloop
endfacet
facet normal -0.6016856 0 -0.79873306
 outer loop
  vertex 2.457496 204 -3.77865
  vertex 2.457496 163.20001 -3.77865
  vertex 2.188113 163.20001 -3.575724
 endloop
endfacet
facet normal -0.6016856 -0 -0.79873306
 outer loop
  vertex 2.457496 204 -3.77865
  vertex 2.188113 163.20001 -3.575724
  vertex 2.188113 204 -3.575724
 endloop
endfacet
facet normal -0.6016855 0 -0.79873306
 outer loop
  vertex 2.457496 163.20001 -3.77865
  vertex 2.457496 122.40001 -3.77865
  vertex 2.188113 122.40001 -3.575724
 endloop
endfacet
facet normal -0.6016855 -0 -0.79873306
 outer loop
  vertex 2.457496 163.20001 -3.77865
  vertex 2.188113 122.40001 -3.575724
  vertex 2.188113 163.20001 -3.575724
 endloop
endfacet
facet normal -0.6016855 0 -0.79873306
 outer loop
  vertex 2.457496 122.40001 -3.77865
  vertex 2.457496 81.600006 -3.77865
  vertex 2.188113 81.600006 -3.575724
 endloop
endfacet
facet normal -0.6016855 -0 -0.79873306
 outer loop
  vertex 2.457496 122.40001 -3.77865
  vertex 2.188113 81.600006 -3.575724
  vertex 2.188113 122.40001 -3.575724
 endloop
endfacet
facet normal -0.6016856 0 -0.79873306
 outer loop
  vertex 2.457496 81.600006 -3.77865
  vertex 2.457496 40.800007 -3.77865
  vertex 2.188113 40.800007 -3.575724
 endloop
endfacet
facet normal -0.6016856 -0 -0.79873306
 outer loop
  vertex 2.457496 81.600006 -3.77865
  vertex 2.188113 40.800007 -3.575724
  vertex 2.188113 81.600006 -3.575724
 endloop
endfacet
facet normal -0.6016856 0 -0.79873306
 outer loop
  vertex 2.457496 40.800007 -3.77865
  vertex 2.457496 7.6293945e-06 -3.77865
  vertex 2.188113 7.6293945e-06 -3.575724
 endloop
endfacet
facet normal -0.6016856 -0 -0.79873306
 outer loop
  vertex 2.457496 40.800007 -3.77865
  vertex 2.188113 7.6293945e-06 -3.575724
  vertex 2.188113 40.800007 -3.575724
 endloop
endfacet
facet normal -0.6016856 0 -0.79873306
 outer loop
  vertex 2.457496 7.6293945e-06 -3.77865
  vertex 2.457496 -40.79999 -3.77865
  vertex 2.188113 -40.79999 -3.575724
 endloop
endfacet
facet normal -0.6016856 -0 -0.79873306
 outer loop
  vertex 2.457496 7.6293945e-06 -3.77865
  vertex 2.188113 -40.79999 -3.575724
  vertex 2.188113 7.6293945e-06 -3.575724
 endloop
endfacet
facet normal -0.6016856 0 -0.79873306
 outer loop
  vertex 2.457496 -40.79999 -3.77865
  vertex 2.457496 -81.59999 -3.77865
  vertex 2.188113 -81.59999 -3.575724
 endloop
endfacet
facet normal -0.6016856 -0 -0.79873306
 outer loop
  vertex 2.457496 -40.79999 -3.77865
  vertex 2.188113 -81.59999 -3.575724
  vertex 2.188113 -40.79999 -3.575724
 endloop
endfacet
facet normal -0.6016855 0 -0.79873306
 outer loop
  vertex 2.457496 -81.59999 -3.77865
  vertex 2.457496 -122.399994 -3.77865
  vertex 2.188113 -122.399994 -3.575724
 endloop
endfacet
facet normal -0.6016855 -0 -0.79873306
 outer loop
  vertex 2.457496 -81.59999 -3.77865
  vertex 2.188113 -122.399994 -3.575724
  vertex 2.188113 -81.59999 -3.575724
 endloop
endfacet
facet normal -0.6016855 0 -0.79873306
 outer loop
  vertex 2.457496 -122.399994 -3.77865
  vertex 2.457496 -163.2 -3.77865
  vertex 2.188113 -163.2 -3.575724
 endloop
endfacet
facet normal -0.6016855 -0 -0.79873306
 outer loop
  vertex 2.457496 -122.399994 -3.77865
  vertex 2.188113 -163.2 -3.575724
  vertex 2.188113 -122.399994 -3.575724
 endloop
endfacet
facet normal -0.5256953 -0 -0.8506729
 outer loop
  vertex 3.635563 -204 -4.555922
  vertex 3.046491 -204 -4.19189
  vertex 3.046491 -163.2 -4.19189
 endloop
endfacet
facet normal -0.5256953 0 -0.8506729
 outer loop
  vertex 3.635563 -204 -4.555922
  vertex 3.046491 -163.2 -4.19189
  vertex 3.635563 -163.2 -4.555922
 endloop
endfacet
facet normal -0.5256953 -0 -0.8506729
 outer loop
  vertex 3.635563 -163.2 -4.555922
  vertex 3.046491 -163.2 -4.19189
  vertex 3.046491 -122.399994 -4.19189
 endloop
endfacet
facet normal -0.5256953 0 -0.8506729
 outer loop
  vertex 3.635563 -163.2 -4.555922
  vertex 3.046491 -122.399994 -4.19189
  vertex 3.635563 -122.399994 -4.555922
 endloop
endfacet
facet normal -0.5256953 -0 -0.8506729
 outer loop
  vertex 3.635563 -122.399994 -4.555922
  vertex 3.046491 -122.399994 -4.19189
  vertex 3.046491 -81.59999 -4.19189
 endloop
endfacet
facet normal -0.5256953 0 -0.8506729
 outer loop
  vertex 3.635563 -122.399994 -4.555922
  vertex 3.046491 -81.59999 -4.19189
  vertex 3.635563 -81.59999 -4.555922
 endloop
endfacet
facet normal -0.5256953 -0 -0.8506729
 outer loop
  vertex 3.635563 -81.59999 -4.555922
  vertex 3.046491 -81.59999 -4.19189
  vertex 3.046491 -40.79999 -4.19189
 endloop
endfacet
facet normal -0.5256953 0 -0.8506729
 outer loop
  vertex 3.635563 -81.59999 -4.555922
  vertex 3.046491 -40.79999 -4.19189
  vertex 3.635563 -40.79999 -4.555922
 endloop
endfacet
facet normal -0.5256953 -0 -0.8506729
 outer loop
  vertex 3.635563 -40.79999 -4.555922
  vertex 3.046491 -40.79999 -4.19189
  vertex 3.046491 7.6293945e-06 -4.19189
 endloop
endfacet
facet normal -0.5256953 0 -0.8506729
 outer loop
  vertex 3.635563 -40.79999 -4.555922
  vertex 3.046491 7.6293945e-06 -4.19189
  vertex 3.635563 7.6293945e-06 -4.555922
 endloop
endfacet
facet normal -0.5256953 -0 -0.8506729
 outer loop
  vertex 3.635563 7.6293945e-06 -4.555922
  vertex 3.046491 7.6293945e-06 -4.19189
  vertex 3.046491 40.800007 -4.19189
 endloop
endfacet
facet normal -0.5256953 0 -0.8506729
 outer loop
  vertex 3.635563 7.6293945e-06 -4.555922
  vertex 3.046491 40.800007 -4.19189
  vertex 3.635563 40.800007 -4.555922
 endloop
endfacet
facet normal -0.5256953 -0 -0.8506729
 outer loop
  vertex 3.635563 40.800007 -4.555922
  vertex 3.046491 40.800007 -4.19189
  vertex 3.046491 81.600006 -4.19189
 endloop
endfacet
facet normal -0.5256953 0 -0.8506729
 outer loop
  vertex 3.635563 40.800007 -4.555922
  vertex 3.046491 81.600006 -4.19189
  vertex 3.635563 81.600006 -4.555922
 endloop
endfacet
facet normal -0.5256953 -0 -0.8506729
 outer loop
  vertex 3.635563 81.600006 -4.555922
  vertex 3.046491 81.600006 -4.19189
  vertex 3.046491 122.40001 -4.19189
 endloop
endfacet
facet normal -0.5256953 0 -0.8506729
 outer loop
  vertex 3.635563 81.600006 -4.555922
  vertex 3.046491 122.40001 -4.19189
  vertex 3.635563 122.40001 -4.555922
 endloop
endfacet
facet normal -0.5256953 -0 -0.8506729
 outer loop
  vertex 3.635563 122.40001 -4.555922
  vertex 3.046491 122.40001 -4.19189
  vertex 3.046491 163.20001 -4.19189
 endloop
endfacet
facet normal -0.5256953 0 -0.8506729
 outer loop
  vertex 3.635563 122.40001 -4.555922
  vertex 3.046491 163.20001 -4.19189
  vertex 3.635563 163.20001 -4.555922
 endloop
endfacet
facet normal -0.48916367 -0 -0.872192
 outer loop
  vertex 3.635563 -204 -4.555922
  vertex 3.635563 -163.2 -4.555922
  vertex 4.360529 -163.2 -4.962515
 endloop
endfacet
facet normal -0.48916367 0 -0.872192
 outer loop
  vertex 3.635563 -204 -4.555922
  vertex 4.360529 -163.2 -4.962515
  vertex 4.360529 -204 -4.962515
 endloop
endfacet
facet normal -0.48916367 -0 -0.872192
 outer loop
  vertex 3.635563 -163.2 -4.555922
  vertex 3.635563 -122.399994 -4.555922
  vertex 4.360529 -122.399994 -4.962515
 endloop
endfacet
facet normal -0.48916367 0 -0.872192
 outer loop
  vertex 3.635563 -163.2 -4.555922
  vertex 4.360529 -122.399994 -4.962515
  vertex 4.360529 -163.2 -4.962515
 endloop
endfacet
facet normal -0.48916367 -0 -0.872192
 outer loop
  vertex 3.635563 -122.399994 -4.555922
  vertex 3.635563 -81.59999 -4.555922
  vertex 4.360529 -81.59999 -4.962515
 endloop
endfacet
facet normal -0.48916367 0 -0.872192
 outer loop
  vertex 3.635563 -122.399994 -4.555922
  vertex 4.360529 -81.59999 -4.962515
  vertex 4.360529 -122.399994 -4.962515
 endloop
endfacet
facet normal -0.4891636 -0 -0.87219197
 outer loop
  vertex 3.635563 -81.59999 -4.555922
  vertex 3.635563 -40.79999 -4.555922
  vertex 4.360529 -40.79999 -4.962515
 endloop
endfacet
facet normal -0.4891636 0 -0.87219197
 outer loop
  vertex 3.635563 -81.59999 -4.555922
  vertex 4.360529 -40.79999 -4.962515
  vertex 4.360529 -81.59999 -4.962515
 endloop
endfacet
facet normal -0.4891636 -0 -0.87219197
 outer loop
  vertex 3.635563 -40.79999 -4.555922
  vertex 3.635563 7.6293945e-06 -4.555922
  vertex 4.360529 7.6293945e-06 -4.962515
 endloop
endfacet
facet normal -0.4891636 0 -0.87219197
 outer loop
  vertex 3.635563 -40.79999 -4.555922
  vertex 4.360529 7.6293945e-06 -4.962515
  vertex 4.360529 -40.79999 -4.962515
 endloop
endfacet
facet normal -0.4891636 -0 -0.87219197
 outer loop
  vertex 3.635563 7.6293945e-06 -4.555922
  vertex 3.635563 40.800007 -4.555922
  vertex 4.360529 40.800007 -4.962515
 endloop
endfacet
facet normal -0.4891636 0 -0.87219197
 outer loop
  vertex 3.635563 7.6293945e-06 -4.555922
  vertex 4.360529 40.800007 -4.962515
  vertex 4.360529 7.6293945e-06 -4.962515
 endloop
endfacet
facet normal -0.4891636 -0 -0.87219197
 outer loop
  vertex 3.635563 40.800007 -4.555922
  vertex 3.635563 81.600006 -4.555922
  vertex 4.360529 81.600006 -4.962515
 endloop
endfacet
facet normal -0.4891636 0 -0.87219197
 outer loop
  vertex 3.635563 40.800007 -4.555922
  vertex 4.360529 81.600006 -4.962515
  vertex 4.360529 40.800007 -4.962515
 endloop
endfacet
facet normal -0.48916367 -0 -0.872192
 outer loop
  vertex 3.635563 81.600006 -4.555922
  vertex 3.635563 122.40001 -4.555922
  vertex 4.360529 122.40001 -4.962515
 endloop
endfacet
facet normal -0.48916367 0 -0.872192
 outer loop
  vertex 3.635563 81.600006 -4.555922
  vertex 4.360529 122.40001 -4.962515
  vertex 4.360529 81.600006 -4.962515
 endloop
endfacet
facet normal -0.48916367 -0 -0.872192
 outer loop
  vertex 3.635563 122.40001 -4.555922
  vertex 3.635563 163.20001 -4.555922
  vertex 4.360529 163.20001 -4.962515
 endloop
endfacet
facet normal -0.48916367 0 -0.872192
 outer loop
  vertex 3.635563 122.40001 -4.555922
  vertex 4.360529 163.20001 -4.962515
  vertex 4.360529 122.40001 -4.962515
 endloop
endfacet
facet normal -0.3893839 0 -0.92107546
 outer loop
  vertex 5.896528 204 -5.700747
  vertex 6.689208 204 -6.035852
  vertex 6.689208 163.20001 -6.035852
 endloop
endfacet
facet normal -0.3893839 0 -0.92107546
 outer loop
  vertex 5.896528 204 -5.700747
  vertex 6.689208 163.20001 -6.035852
  vertex 5.896528 163.20001 -5.700747
 endloop
endfacet
facet normal -0.3893839 0 -0.9210755
 outer loop
  vertex 5.896528 163.20001 -5.700747
  vertex 6.689208 163.20001 -6.035852
  vertex 6.689208 122.40001 -6.035852
 endloop
endfacet
facet normal -0.3893839 0 -0.9210755
 outer loop
  vertex 5.896528 163.20001 -5.700747
  vertex 6.689208 122.40001 -6.035852
  vertex 5.896528 122.40001 -5.700747
 endloop
endfacet
facet normal -0.3893839 0 -0.9210755
 outer loop
  vertex 5.896528 122.40001 -5.700747
  vertex 6.689208 122.40001 -6.035852
  vertex 6.689208 81.600006 -6.035852
 endloop
endfacet
facet normal -0.3893839 0 -0.9210755
 outer loop
  vertex 5.896528 122.40001 -5.700747
  vertex 6.689208 81.600006 -6.035852
  vertex 5.896528 81.600006 -5.700747
 endloop
endfacet
facet normal -0.3893839 0 -0.9210755
 outer loop
  vertex 5.896528 81.600006 -5.700747
  vertex 6.689208 81.600006 -6.035852
  vertex 6.689208 40.800007 -6.035852
 endloop
endfacet
facet normal -0.3893839 0 -0.9210755
 outer loop
  vertex 5.896528 81.600006 -5.700747
  vertex 6.689208 40.800007 -6.035852
  vertex 5.896528 40.800007 -5.700747
 endloop
endfacet
facet normal -0.3893839 0 -0.9210755
 outer loop
  vertex 5.896528 40.800007 -5.700747
  vertex 6.689208 40.800007 -6.035852
  vertex 6.689208 7.6293945e-06 -6.035852
 endloop
endfacet
facet normal -0.3893839 0 -0.9210755
 outer loop
  vertex 5.896528 40.800007 -5.700747
  vertex 6.689208 7.6293945e-06 -6.035852
  vertex 5.896528 7.6293945e-06 -5.700747
 endloop
endfacet
facet normal -0.3893839 0 -0.9210755
 outer loop
  vertex 5.896528 7.6293945e-06 -5.700747
  vertex 6.689208 7.6293945e-06 -6.035852
  vertex 6.689208 -40.79999 -6.035852
 endloop
endfacet
facet normal -0.3893839 0 -0.9210755
 outer loop
  vertex 5.896528 7.6293945e-06 -5.700747
  vertex 6.689208 -40.79999 -6.035852
  vertex 5.896528 -40.79999 -5.700747
 endloop
endfacet
facet normal -0.3893839 0 -0.9210755
 outer loop
  vertex 5.896528 -40.79999 -5.700747
  vertex 6.689208 -40.79999 -6.035852
  vertex 6.689208 -81.59999 -6.035852
 endloop
endfacet
facet normal -0.3893839 0 -0.9210755
 outer loop
  vertex 5.896528 -40.79999 -5.700747
  vertex 6.689208 -81.59999 -6.035852
  vertex 5.896528 -81.59999 -5.700747
 endloop
endfacet
facet normal -0.3893839 0 -0.9210755
 outer loop
  vertex 5.896528 -81.59999 -5.700747
  vertex 6.689208 -81.59999 -6.035852
  vertex 6.689208 -122.399994 -6.035852
 endloop
endfacet
facet normal -0.3893839 0 -0.9210755
 outer loop
  vertex 5.896528 -81.59999 -5.700747
  vertex 6.689208 -122.399994 -6.035852
  vertex 5.896528 -122.399994 -5.700747
 endloop
endfacet
facet normal -0.3893839 0 -0.9210755
 outer loop
  vertex 5.896528 -122.399994 -5.700747
  vertex 6.689208 -122.399994 -6.035852
  vertex 6.689208 -163.2 -6.035852
 endloop
endfacet
facet normal -0.3893839 0 -0.9210755
 outer loop
  vertex 5.896528 -122.399994 -5.700747
  vertex 6.689208 -163.2 -6.035852
  vertex 5.896528 -163.2 -5.700747
 endloop
endfacet
facet normal -0.28667676 0 0.9580274
 outer loop
  vertex 10.66224 -204 7.395113
  vertex 10.66224 -163.2 7.395113
  vertex 10.16323 -163.2 7.245791
 endloop
endfacet
facet normal -0.28667676 0 0.9580274
 outer loop
  vertex 10.66224 -204 7.395113
  vertex 10.16323 -163.2 7.245791
  vertex 10.16323 -204 7.245791
 endloop
endfacet
facet normal -0.28667676 0 0.9580274
 outer loop
  vertex 10.66224 -163.2 7.395113
  vertex 10.66224 -122.399994 7.395113
  vertex 10.16323 -122.399994 7.245791
 endloop
endfacet
facet normal -0.28667676 0 0.9580274
 outer loop
  vertex 10.66224 -163.2 7.395113
  vertex 10.16323 -122.399994 7.245791
  vertex 10.16323 -163.2 7.245791
 endloop
endfacet
facet normal -0.28667676 0 0.9580274
 outer loop
  vertex 10.66224 -122.399994 7.395113
  vertex 10.66224 -81.59999 7.395113
  vertex 10.16323 -81.59999 7.245791
 endloop
endfacet
facet normal -0.28667676 0 0.9580274
 outer loop
  vertex 10.66224 -122.399994 7.395113
  vertex 10.16323 -81.59999 7.245791
  vertex 10.16323 -122.399994 7.245791
 endloop
endfacet
facet normal -0.28667673 0 0.9580273
 outer loop
  vertex 10.66224 -81.59999 7.395113
  vertex 10.66224 -40.79999 7.395113
  vertex 10.16323 -40.79999 7.245791
 endloop
endfacet
facet normal -0.28667673 0 0.9580273
 outer loop
  vertex 10.66224 -81.59999 7.395113
  vertex 10.16323 -40.79999 7.245791
  vertex 10.16323 -81.59999 7.245791
 endloop
endfacet
facet normal -0.28667673 0 0.9580273
 outer loop
  vertex 10.66224 -40.79999 7.395113
  vertex 10.66224 7.6293945e-06 7.395113
  vertex 10.16323 7.6293945e-06 7.245791
 endloop
endfacet
facet normal -0.28667673 0 0.9580273
 outer loop
  vertex 10.66224 -40.79999 7.395113
  vertex 10.16323 7.6293945e-06 7.245791
  vertex 10.16323 -40.79999 7.245791
 endloop
endfacet
facet normal -0.28667673 0 0.9580273
 outer loop
  vertex 10.66224 7.6293945e-06 7.395113
  vertex 10.66224 40.800007 7.395113
  vertex 10.16323 40.800007 7.245791
 endloop
endfacet
facet normal -0.28667673 0 0.9580273
 outer loop
  vertex 10.66224 7.6293945e-06 7.395113
  vertex 10.16323 40.800007 7.245791
  vertex 10.16323 7.6293945e-06 7.245791
 endloop
endfacet
facet normal -0.28667673 0 0.9580273
 outer loop
  vertex 10.66224 40.800007 7.395113
  vertex 10.66224 81.600006 7.395113
  vertex 10.16323 81.600006 7.245791
 endloop
endfacet
facet normal -0.28667673 0 0.9580273
 outer loop
  vertex 10.66224 40.800007 7.395113
  vertex 10.16323 81.600006 7.245791
  vertex 10.16323 40.800007 7.245791
 endloop
endfacet
facet normal -0.28667676 0 0.9580274
 outer loop
  vertex 10.66224 81.600006 7.395113
  vertex 10.66224 122.40001 7.395113
  vertex 10.16323 122.40001 7.245791
 endloop
endfacet
facet normal -0.28667676 0 0.9580274
 outer loop
  vertex 10.66224 81.600006 7.395113
  vertex 10.16323 122.40001 7.245791
  vertex 10.16323 81.600006 7.245791
 endloop
endfacet
facet normal -0.28667676 0 0.9580274
 outer loop
  vertex 10.66224 122.40001 7.395113
  vertex 10.66224 163.20001 7.395113
  vertex 10.16323 163.20001 7.245791
 endloop
endfacet
facet normal -0.28667676 0 0.9580274
 outer loop
  vertex 10.66224 122.40001 7.395113
  vertex 10.16323 163.20001 7.245791
  vertex 10.16323 122.40001 7.245791
 endloop
endfacet
facet normal -0.31510738 0 -0.94905597
 outer loop
  vertex 9.05181 204 -6.894464
  vertex 9.05181 163.20001 -6.894464
  vertex 8.56325 163.20001 -6.732251
 endloop
endfacet
facet normal -0.31510738 -0 -0.94905597
 outer loop
  vertex 9.05181 204 -6.894464
  vertex 8.56325 163.20001 -6.732251
  vertex 8.56325 204 -6.732251
 endloop
endfacet
facet normal -0.31510738 0 -0.949056
 outer loop
  vertex 9.05181 163.20001 -6.894464
  vertex 9.05181 122.40001 -6.894464
  vertex 8.56325 122.40001 -6.732251
 endloop
endfacet
facet normal -0.31510738 -0 -0.949056
 outer loop
  vertex 9.05181 163.20001 -6.894464
  vertex 8.56325 122.40001 -6.732251
  vertex 8.56325 163.20001 -6.732251
 endloop
endfacet
facet normal -0.31510738 0 -0.949056
 outer loop
  vertex 9.05181 122.40001 -6.894464
  vertex 9.05181 81.600006 -6.894464
  vertex 8.56325 81.600006 -6.732251
 endloop
endfacet
facet normal -0.31510738 -0 -0.949056
 outer loop
  vertex 9.05181 122.40001 -6.894464
  vertex 8.56325 81.600006 -6.732251
  vertex 8.56325 122.40001 -6.732251
 endloop
endfacet
facet normal -0.3151074 0 -0.949056
 outer loop
  vertex 9.05181 81.600006 -6.894464
  vertex 9.05181 40.800007 -6.894464
  vertex 8.56325 40.800007 -6.732251
 endloop
endfacet
facet normal -0.3151074 -0 -0.949056
 outer loop
  vertex 9.05181 81.600006 -6.894464
  vertex 8.56325 40.800007 -6.732251
  vertex 8.56325 81.600006 -6.732251
 endloop
endfacet
facet normal -0.3151074 0 -0.949056
 outer loop
  vertex 9.05181 40.800007 -6.894464
  vertex 9.05181 7.6293945e-06 -6.894464
  vertex 8.56325 7.6293945e-06 -6.732251
 endloop
endfacet
facet normal -0.3151074 -0 -0.949056
 outer loop
  vertex 9.05181 40.800007 -6.894464
  vertex 8.56325 7.6293945e-06 -6.732251
  vertex 8.56325 40.800007 -6.732251
 endloop
endfacet
facet normal -0.3151074 0 -0.949056
 outer loop
  vertex 9.05181 7.6293945e-06 -6.894464
  vertex 9.05181 -40.79999 -6.894464
  vertex 8.56325 -40.79999 -6.732251
 endloop
endfacet
facet normal -0.3151074 -0 -0.949056
 outer loop
  vertex 9.05181 7.6293945e-06 -6.894464
  vertex 8.56325 -40.79999 -6.732251
  vertex 8.56325 7.6293945e-06 -6.732251
 endloop
endfacet
facet normal -0.3151074 0 -0.949056
 outer loop
  vertex 9.05181 -40.79999 -6.894464
  vertex 9.05181 -81.59999 -6.894464
  vertex 8.56325 -81.59999 -6.732251
 endloop
endfacet
facet normal -0.3151074 -0 -0.949056
 outer loop
  vertex 9.05181 -40.79999 -6.894464
  vertex 8.56325 -81.59999 -6.732251
  vertex 8.56325 -40.79999 -6.732251
 endloop
endfacet
facet normal -0.31510738 0 -0.949056
 outer loop
  vertex 9.05181 -81.59999 -6.894464
  vertex 9.05181 -122.399994 -6.894464
  vertex 8.56325 -122.399994 -6.732251
 endloop
endfacet
facet normal -0.31510738 -0 -0.949056
 outer loop
  vertex 9.05181 -81.59999 -6.894464
  vertex 8.56325 -122.399994 -6.732251
  vertex 8.56325 -81.59999 -6.732251
 endloop
endfacet
facet normal -0.31510738 0 -0.949056
 outer loop
  vertex 9.05181 -122.399994 -6.894464
  vertex 9.05181 -163.2 -6.894464
  vertex 8.56325 -163.2 -6.732251
 endloop
endfacet
facet normal -0.31510738 -0 -0.949056
 outer loop
  vertex 9.05181 -122.399994 -6.894464
  vertex 8.56325 -163.2 -6.732251
  vertex 8.56325 -122.399994 -6.732251
 endloop
endfacet
facet normal -0.28667676 0 -0.95802736
 outer loop
  vertex 10.66224 204 -7.395113
  vertex 10.66224 163.20001 -7.395113
  vertex 10.16323 163.20001 -7.245791
 endloop
endfacet
facet normal -0.28667676 -0 -0.95802736
 outer loop
  vertex 10.66224 204 -7.395113
  vertex 10.16323 163.20001 -7.245791
  vertex 10.16323 204 -7.245791
 endloop
endfacet
facet normal -0.28667676 0 -0.9580274
 outer loop
  vertex 10.66224 163.20001 -7.395113
  vertex 10.66224 122.40001 -7.395113
  vertex 10.16323 122.40001 -7.245791
 endloop
endfacet
facet normal -0.28667676 -0 -0.9580274
 outer loop
  vertex 10.66224 163.20001 -7.395113
  vertex 10.16323 122.40001 -7.245791
  vertex 10.16323 163.20001 -7.245791
 endloop
endfacet
facet normal -0.28667676 0 -0.9580274
 outer loop
  vertex 10.66224 122.40001 -7.395113
  vertex 10.66224 81.600006 -7.395113
  vertex 10.16323 81.600006 -7.245791
 endloop
endfacet
facet normal -0.28667676 -0 -0.9580274
 outer loop
  vertex 10.66224 122.40001 -7.395113
  vertex 10.16323 81.600006 -7.245791
  vertex 10.16323 122.40001 -7.245791
 endloop
endfacet
facet normal -0.28667673 0 -0.9580273
 outer loop
  vertex 10.66224 81.600006 -7.395113
  vertex 10.66224 40.800007 -7.395113
  vertex 10.16323 40.800007 -7.245791
 endloop
endfacet
facet normal -0.28667673 -0 -0.9580273
 outer loop
  vertex 10.66224 81.600006 -7.395113
  vertex 10.16323 40.800007 -7.245791
  vertex 10.16323 81.600006 -7.245791
 endloop
endfacet
facet normal -0.28667673 0 -0.9580273
 outer loop
  vertex 10.66224 40.800007 -7.395113
  vertex 10.66224 7.6293945e-06 -7.395113
  vertex 10.16323 7.6293945e-06 -7.245791
 endloop
endfacet
facet normal -0.28667673 -0 -0.9580273
 outer loop
  vertex 10.66224 40.800007 -7.395113
  vertex 10.16323 7.6293945e-06 -7.245791
  vertex 10.16323 40.800007 -7.245791
 endloop
endfacet
facet normal -0.28667673 0 -0.9580273
 outer loop
  vertex 10.66224 7.6293945e-06 -7.395113
  vertex 10.66224 -40.79999 -7.395113
  vertex 10.16323 -40.79999 -7.245791
 endloop
endfacet
facet normal -0.28667673 -0 -0.9580273
 outer loop
  vertex 10.66224 7.6293945e-06 -7.395113
  vertex 10.16323 -40.79999 -7.245791
  vertex 10.16323 7.6293945e-06 -7.245791
 endloop
endfacet
facet normal -0.28667673 0 -0.9580273
 outer loop
  vertex 10.66224 -40.79999 -7.395113
  vertex 10.66224 -81.59999 -7.395113
  vertex 10.16323 -81.59999 -7.245791
 endloop
endfacet
facet normal -0.28667673 -0 -0.9580273
 outer loop
  vertex 10.66224 -40.79999 -7.395113
  vertex 10.16323 -81.59999 -7.245791
  vertex 10.16323 -40.79999 -7.245791
 endloop
endfacet
facet normal -0.28667676 0 -0.9580274
 outer loop
  vertex 10.66224 -81.59999 -7.395113
  vertex 10.66224 -122.399994 -7.395113
  vertex 10.16323 -122.399994 -7.245791
 endloop
endfacet
facet normal -0.28667676 -0 -0.9580274
 outer loop
  vertex 10.66224 -81.59999 -7.395113
  vertex 10.16323 -122.399994 -7.245791
  vertex 10.16323 -81.59999 -7.245791
 endloop
endfacet
facet normal -0.28667676 0 -0.9580274
 outer loop
  vertex 10.66224 -122.399994 -7.395113
  vertex 10.66224 -163.2 -7.395113
  vertex 10.16323 -163.2 -7.245791
 endloop
endfacet
facet normal -0.28667676 -0 -0.9580274
 outer loop
  vertex 10.66224 -122.399994 -7.395113
  vertex 10.16323 -163.2 -7.245791
  vertex 10.16323 -122.399994 -7.245791
 endloop
endfacet
facet normal 0.059652247 0 0.9982192
 outer loop
  vertex 90.88878 -204 11.42563
  vertex 107.9817 -204 10.40418
  vertex 107.9817 -163.2 10.40418
 endloop
endfacet
facet normal 0.059652247 0 0.9982192
 outer loop
  vertex 90.88878 -204 11.42563
  vertex 107.9817 -163.2 10.40418
  vertex 90.88878 -163.2 11.42563
 endloop
endfacet
facet normal 0.059652247 0 0.9982192
 outer loop
  vertex 90.88878 -163.2 11.42563
  vertex 107.9817 -163.2 10.40418
  vertex 107.9817 -122.399994 10.40418
 endloop
endfacet
facet normal 0.059652247 0 0.9982192
 outer loop
  vertex 90.88878 -163.2 11.42563
  vertex 107.9817 -122.399994 10.40418
  vertex 90.88878 -122.399994 11.42563
 endloop
endfacet
facet normal 0.059652247 0 0.9982192
 outer loop
  vertex 90.88878 -122.399994 11.42563
  vertex 107.9817 -122.399994 10.40418
  vertex 107.9817 -81.59999 10.40418
 endloop
endfacet
facet normal 0.059652247 0 0.9982192
 outer loop
  vertex 90.88878 -122.399994 11.42563
  vertex 107.9817 -81.59999 10.40418
  vertex 90.88878 -81.59999 11.42563
 endloop
endfacet
facet normal 0.059652247 0 0.9982192
 outer loop
  vertex 90.88878 -81.59999 11.42563
  vertex 107.9817 -81.59999 10.40418
  vertex 107.9817 -40.79999 10.40418
 endloop
endfacet
facet normal 0.059652247 0 0.9982192
 outer loop
  vertex 90.88878 -81.59999 11.42563
  vertex 107.9817 -40.79999 10.40418
  vertex 90.88878 -40.79999 11.42563
 endloop
endfacet
facet normal 0.059652247 0 0.9982192
 outer loop
  vertex 90.88878 -40.79999 11.42563
  vertex 107.9817 -40.79999 10.40418
  vertex 107.9817 7.6293945e-06 10.40418
 endloop
endfacet
facet normal 0.059652247 0 0.9982192
 outer loop
  vertex 90.88878 -40.79999 11.42563
  vertex 107.9817 7.6293945e-06 10.40418
  vertex 90.88878 7.6293945e-06 11.42563
 endloop
endfacet
facet normal 0.059652247 0 0.9982192
 outer loop
  vertex 90.88878 7.6293945e-06 11.42563
  vertex 107.9817 7.6293945e-06 10.40418
  vertex 107.9817 40.800007 10.40418
 endloop
endfacet
facet normal 0.059652247 0 0.9982192
 outer loop
  vertex 90.88878 7.6293945e-06 11.42563
  vertex 107.9817 40.800007 10.40418
  vertex 90.88878 40.800007 11.42563
 endloop
endfacet
facet normal 0.059652247 0 0.9982192
 outer loop
  vertex 90.88878 40.800007 11.42563
  vertex 107.9817 40.800007 10.40418
  vertex 107.9817 81.600006 10.40418
 endloop
endfacet
facet normal 0.059652247 0 0.9982192
 outer loop
  vertex 90.88878 40.800007 11.42563
  vertex 107.9817 81.600006 10.40418
  vertex 90.88878 81.600006 11.42563
 endloop
endfacet
facet normal 0.059652247 0 0.9982192
 outer loop
  vertex 90.88878 81.600006 11.42563
  vertex 107.9817 81.600006 10.40418
  vertex 107.9817 122.40001 10.40418
 endloop
endfacet
facet normal 0.059652247 0 0.9982192
 outer loop
  vertex 90.88878 81.600006 11.42563
  vertex 107.9817 122.40001 10.40418
  vertex 90.88878 122.40001 11.42563
 endloop
endfacet
facet normal 0.059652247 0 0.9982192
 outer loop
  vertex 90.88878 122.40001 11.42563
  vertex 107.9817 122.40001 10.40418
  vertex 107.9817 163.20001 10.40418
 endloop
endfacet
facet normal 0.059652247 0 0.9982192
 outer loop
  vertex 90.88878 122.40001 11.42563
  vertex 107.9817 163.20001 10.40418
  vertex 90.88878 163.20001 11.42563
 endloop
endfacet
facet normal -0.22354612 0 -0.97469336
 outer loop
  vertex 13.53145 204 -8.157851
  vertex 15.50211 204 -8.609822
  vertex 15.50211 163.20001 -8.609822
 endloop
endfacet
facet normal -0.22354613 0 -0.97469336
 outer loop
  vertex 13.53145 204 -8.157851
  vertex 15.50211 163.20001 -8.609822
  vertex 13.53145 163.2 -8.157851
 endloop
endfacet
facet normal -0.2235461 0 -0.97469336
 outer loop
  vertex 13.53145 163.2 -8.157851
  vertex 15.50211 163.20001 -8.609822
  vertex 15.50211 122.40001 -8.609822
 endloop
endfacet
facet normal -0.22354613 0 -0.97469336
 outer loop
  vertex 13.53145 163.2 -8.157851
  vertex 15.50211 122.40001 -8.609822
  vertex 13.53145 122.399994 -8.157851
 endloop
endfacet
facet normal -0.2235461 0 -0.97469336
 outer loop
  vertex 13.53145 122.399994 -8.157851
  vertex 15.50211 122.40001 -8.609822
  vertex 15.50211 81.600006 -8.609822
 endloop
endfacet
facet normal -0.22354613 0 -0.97469336
 outer loop
  vertex 13.53145 122.399994 -8.157851
  vertex 15.50211 81.600006 -8.609822
  vertex 13.53145 81.59999 -8.157851
 endloop
endfacet
facet normal -0.2235461 0 -0.97469336
 outer loop
  vertex 13.53145 81.59999 -8.157851
  vertex 15.50211 81.600006 -8.609822
  vertex 15.50211 40.800007 -8.609822
 endloop
endfacet
facet normal -0.22354613 0 -0.97469336
 outer loop
  vertex 13.53145 81.59999 -8.157851
  vertex 15.50211 40.800007 -8.609822
  vertex 13.53145 40.79999 -8.157851
 endloop
endfacet
facet normal -0.2235461 0 -0.97469336
 outer loop
  vertex 13.53145 40.79999 -8.157851
  vertex 15.50211 40.800007 -8.609822
  vertex 15.50211 7.6293945e-06 -8.609822
 endloop
endfacet
facet normal -0.22354613 0 -0.97469336
 outer loop
  vertex 13.53145 40.79999 -8.157851
  vertex 15.50211 7.6293945e-06 -8.609822
  vertex 13.53145 -7.6293945e-06 -8.157851
 endloop
endfacet
facet normal -0.2235461 0 -0.97469336
 outer loop
  vertex 13.53145 -7.6293945e-06 -8.157851
  vertex 15.50211 7.6293945e-06 -8.609822
  vertex 15.50211 -40.79999 -8.609822
 endloop
endfacet
facet normal -0.22354613 0 -0.97469336
 outer loop
  vertex 13.53145 -7.6293945e-06 -8.157851
  vertex 15.50211 -40.79999 -8.609822
  vertex 13.53145 -40.800007 -8.157851
 endloop
endfacet
facet normal -0.2235461 0 -0.97469336
 outer loop
  vertex 13.53145 -40.800007 -8.157851
  vertex 15.50211 -40.79999 -8.609822
  vertex 15.50211 -81.59999 -8.609822
 endloop
endfacet
facet normal -0.22354613 0 -0.97469336
 outer loop
  vertex 13.53145 -40.800007 -8.157851
  vertex 15.50211 -81.59999 -8.609822
  vertex 13.53145 -81.600006 -8.157851
 endloop
endfacet
facet normal -0.2235461 0 -0.97469336
 outer loop
  vertex 13.53145 -81.600006 -8.157851
  vertex 15.50211 -81.59999 -8.609822
  vertex 15.50211 -122.399994 -8.609822
 endloop
endfacet
facet normal -0.22354613 0 -0.97469336
 outer loop
  vertex 13.53145 -81.600006 -8.157851
  vertex 15.50211 -122.399994 -8.609822
  vertex 13.53145 -122.40001 -8.157851
 endloop
endfacet
facet normal -0.2235461 0 -0.97469336
 outer loop
  vertex 13.53145 -122.40001 -8.157851
  vertex 15.50211 -122.399994 -8.609822
  vertex 15.50211 -163.2 -8.609822
 endloop
endfacet
facet normal -0.22354613 0 -0.97469336
 outer loop
  vertex 13.53145 -122.40001 -8.157851
  vertex 15.50211 -163.2 -8.609822
  vertex 13.53145 -163.20001 -8.157851
 endloop
endfacet
facet normal -0.08626523 0 -0.99627227
 outer loop
  vertex 32.09028 204 -11.04214
  vertex 35.7737 204 -11.36108
  vertex 35.7737 163.20001 -11.36108
 endloop
endfacet
facet normal -0.08626523 0 -0.99627227
 outer loop
  vertex 32.09028 204 -11.04214
  vertex 35.7737 163.20001 -11.36108
  vertex 32.09028 163.20001 -11.04214
 endloop
endfacet
facet normal -0.08626522 0 -0.99627227
 outer loop
  vertex 32.09028 163.20001 -11.04214
  vertex 35.7737 163.20001 -11.36108
  vertex 35.7737 122.40001 -11.36108
 endloop
endfacet
facet normal -0.08626522 0 -0.99627227
 outer loop
  vertex 32.09028 163.20001 -11.04214
  vertex 35.7737 122.40001 -11.36108
  vertex 32.09028 122.40001 -11.04214
 endloop
endfacet
facet normal -0.08626522 0 -0.99627227
 outer loop
  vertex 32.09028 122.40001 -11.04214
  vertex 35.7737 122.40001 -11.36108
  vertex 35.7737 81.600006 -11.36108
 endloop
endfacet
facet normal -0.08626522 0 -0.99627227
 outer loop
  vertex 32.09028 122.40001 -11.04214
  vertex 35.7737 81.600006 -11.36108
  vertex 32.09028 81.600006 -11.04214
 endloop
endfacet
facet normal -0.08626522 0 -0.99627227
 outer loop
  vertex 32.09028 81.600006 -11.04214
  vertex 35.7737 81.600006 -11.36108
  vertex 35.7737 40.800007 -11.36108
 endloop
endfacet
facet normal -0.08626522 0 -0.99627227
 outer loop
  vertex 32.09028 81.600006 -11.04214
  vertex 35.7737 40.800007 -11.36108
  vertex 32.09028 40.800007 -11.04214
 endloop
endfacet
facet normal -0.08626522 0 -0.99627227
 outer loop
  vertex 32.09028 40.800007 -11.04214
  vertex 35.7737 40.800007 -11.36108
  vertex 35.7737 7.6293945e-06 -11.36108
 endloop
endfacet
facet normal -0.08626522 0 -0.99627227
 outer loop
  vertex 32.09028 40.800007 -11.04214
  vertex 35.7737 7.6293945e-06 -11.36108
  vertex 32.09028 7.6293945e-06 -11.04214
 endloop
endfacet
facet normal -0.08626522 0 -0.99627227
 outer loop
  vertex 32.09028 7.6293945e-06 -11.04214
  vertex 35.7737 7.6293945e-06 -11.36108
  vertex 35.7737 -40.79999 -11.36108
 endloop
endfacet
facet normal -0.08626522 0 -0.99627227
 outer loop
  vertex 32.09028 7.6293945e-06 -11.04214
  vertex 35.7737 -40.79999 -11.36108
  vertex 32.09028 -40.79999 -11.04214
 endloop
endfacet
facet normal -0.08626522 0 -0.99627227
 outer loop
  vertex 32.09028 -40.79999 -11.04214
  vertex 35.7737 -40.79999 -11.36108
  vertex 35.7737 -81.59999 -11.36108
 endloop
endfacet
facet normal -0.08626522 0 -0.99627227
 outer loop
  vertex 32.09028 -40.79999 -11.04214
  vertex 35.7737 -81.59999 -11.36108
  vertex 32.09028 -81.59999 -11.04214
 endloop
endfacet
facet normal -0.08626522 0 -0.99627227
 outer loop
  vertex 32.09028 -81.59999 -11.04214
  vertex 35.7737 -81.59999 -11.36108
  vertex 35.7737 -122.399994 -11.36108
 endloop
endfacet
facet normal -0.08626522 0 -0.99627227
 outer loop
  vertex 32.09028 -81.59999 -11.04214
  vertex 35.7737 -122.399994 -11.36108
  vertex 32.09028 -122.399994 -11.04214
 endloop
endfacet
facet normal -0.08626522 0 -0.99627227
 outer loop
  vertex 32.09028 -122.399994 -11.04214
  vertex 35.7737 -122.399994 -11.36108
  vertex 35.7737 -163.2 -11.36108
 endloop
endfacet
facet normal -0.08626522 0 -0.99627227
 outer loop
  vertex 32.09028 -122.399994 -11.04214
  vertex 35.7737 -163.2 -11.36108
  vertex 32.09028 -163.2 -11.04214
 endloop
endfacet
facet normal -0.18020612 0 -0.98362887
 outer loop
  vertex 19.96656 204 -9.470139
  vertex 19.96656 163.20001 -9.470139
  vertex 17.51315 163.20001 -9.02066
 endloop
endfacet
facet normal -0.18020612 -0 -0.98362887
 outer loop
  vertex 19.96656 204 -9.470139
  vertex 17.51315 163.20001 -9.02066
  vertex 17.51315 204 -9.02066
 endloop
endfacet
facet normal -0.18020612 0 -0.9836288
 outer loop
  vertex 19.96656 163.20001 -9.470139
  vertex 19.96656 122.40001 -9.470139
  vertex 17.51315 122.40001 -9.02066
 endloop
endfacet
facet normal -0.18020612 -0 -0.9836288
 outer loop
  vertex 19.96656 163.20001 -9.470139
  vertex 17.51315 122.40001 -9.02066
  vertex 17.51315 163.20001 -9.02066
 endloop
endfacet
facet normal -0.18020612 0 -0.9836288
 outer loop
  vertex 19.96656 122.40001 -9.470139
  vertex 19.96656 81.600006 -9.470139
  vertex 17.51315 81.600006 -9.02066
 endloop
endfacet
facet normal -0.18020612 -0 -0.9836288
 outer loop
  vertex 19.96656 122.40001 -9.470139
  vertex 17.51315 81.600006 -9.02066
  vertex 17.51315 122.40001 -9.02066
 endloop
endfacet
facet normal -0.1802061 0 -0.9836288
 outer loop
  vertex 19.96656 81.600006 -9.470139
  vertex 19.96656 40.800007 -9.470139
  vertex 17.51315 40.800007 -9.02066
 endloop
endfacet
facet normal -0.1802061 -0 -0.9836288
 outer loop
  vertex 19.96656 81.600006 -9.470139
  vertex 17.51315 40.800007 -9.02066
  vertex 17.51315 81.600006 -9.02066
 endloop
endfacet
facet normal -0.1802061 0 -0.9836288
 outer loop
  vertex 19.96656 40.800007 -9.470139
  vertex 19.96656 7.6293945e-06 -9.470139
  vertex 17.51315 7.6293945e-06 -9.02066
 endloop
endfacet
facet normal -0.1802061 -0 -0.9836288
 outer loop
  vertex 19.96656 40.800007 -9.470139
  vertex 17.51315 7.6293945e-06 -9.02066
  vertex 17.51315 40.800007 -9.02066
 endloop
endfacet
facet normal -0.1802061 0 -0.9836288
 outer loop
  vertex 19.96656 7.6293945e-06 -9.470139
  vertex 19.96656 -40.79999 -9.470139
  vertex 17.51315 -40.79999 -9.02066
 endloop
endfacet
facet normal -0.1802061 -0 -0.9836288
 outer loop
  vertex 19.96656 7.6293945e-06 -9.470139
  vertex 17.51315 -40.79999 -9.02066
  vertex 17.51315 7.6293945e-06 -9.02066
 endloop
endfacet
facet normal -0.1802061 0 -0.9836288
 outer loop
  vertex 19.96656 -40.79999 -9.470139
  vertex 19.96656 -81.59999 -9.470139
  vertex 17.51315 -81.59999 -9.02066
 endloop
endfacet
facet normal -0.1802061 -0 -0.9836288
 outer loop
  vertex 19.96656 -40.79999 -9.470139
  vertex 17.51315 -81.59999 -9.02066
  vertex 17.51315 -40.79999 -9.02066
 endloop
endfacet
facet normal -0.18020612 0 -0.9836288
 outer loop
  vertex 19.96656 -81.59999 -9.470139
  vertex 19.96656 -122.399994 -9.470139
  vertex 17.51315 -122.399994 -9.02066
 endloop
endfacet
facet normal -0.18020612 -0 -0.9836288
 outer loop
  vertex 19.96656 -81.59999 -9.470139
  vertex 17.51315 -122.399994 -9.02066
  vertex 17.51315 -81.59999 -9.02066
 endloop
endfacet
facet normal -0.18020612 0 -0.9836288
 outer loop
  vertex 19.96656 -122.399994 -9.470139
  vertex 19.96656 -163.2 -9.470139
  vertex 17.51315 -163.2 -9.02066
 endloop
endfacet
facet normal -0.18020612 -0 -0.9836288
 outer loop
  vertex 19.96656 -122.399994 -9.470139
  vertex 17.51315 -163.2 -9.02066
  vertex 17.51315 -122.399994 -9.02066
 endloop
endfacet
facet normal -0.16385838 0 -0.9864839
 outer loop
  vertex 19.96656 204 -9.470139
  vertex 21.34662 204 -9.699371
  vertex 21.34662 163.20001 -9.699371
 endloop
endfacet
facet normal -0.16385838 0 -0.9864839
 outer loop
  vertex 19.96656 204 -9.470139
  vertex 21.34662 163.20001 -9.699371
  vertex 19.96656 163.20001 -9.470139
 endloop
endfacet
facet normal -0.16385838 0 -0.9864839
 outer loop
  vertex 19.96656 163.20001 -9.470139
  vertex 21.34662 163.20001 -9.699371
  vertex 21.34662 122.40001 -9.699371
 endloop
endfacet
facet normal -0.16385838 0 -0.9864839
 outer loop
  vertex 19.96656 163.20001 -9.470139
  vertex 21.34662 122.40001 -9.699371
  vertex 19.96656 122.40001 -9.470139
 endloop
endfacet
facet normal -0.16385838 0 -0.9864839
 outer loop
  vertex 19.96656 122.40001 -9.470139
  vertex 21.34662 122.40001 -9.699371
  vertex 21.34662 81.600006 -9.699371
 endloop
endfacet
facet normal -0.16385838 0 -0.9864839
 outer loop
  vertex 19.96656 122.40001 -9.470139
  vertex 21.34662 81.600006 -9.699371
  vertex 19.96656 81.600006 -9.470139
 endloop
endfacet
facet normal -0.1638584 0 -0.9864839
 outer loop
  vertex 19.96656 81.600006 -9.470139
  vertex 21.34662 81.600006 -9.699371
  vertex 21.34662 40.800007 -9.699371
 endloop
endfacet
facet normal -0.1638584 0 -0.9864839
 outer loop
  vertex 19.96656 81.600006 -9.470139
  vertex 21.34662 40.800007 -9.699371
  vertex 19.96656 40.800007 -9.470139
 endloop
endfacet
facet normal -0.1638584 0 -0.9864839
 outer loop
  vertex 19.96656 40.800007 -9.470139
  vertex 21.34662 40.800007 -9.699371
  vertex 21.34662 7.6293945e-06 -9.699371
 endloop
endfacet
facet normal -0.1638584 0 -0.9864839
 outer loop
  vertex 19.96656 40.800007 -9.470139
  vertex 21.34662 7.6293945e-06 -9.699371
  vertex 19.96656 7.6293945e-06 -9.470139
 endloop
endfacet
facet normal -0.1638584 0 -0.9864839
 outer loop
  vertex 19.96656 7.6293945e-06 -9.470139
  vertex 21.34662 7.6293945e-06 -9.699371
  vertex 21.34662 -40.79999 -9.699371
 endloop
endfacet
facet normal -0.1638584 0 -0.9864839
 outer loop
  vertex 19.96656 7.6293945e-06 -9.470139
  vertex 21.34662 -40.79999 -9.699371
  vertex 19.96656 -40.79999 -9.470139
 endloop
endfacet
facet normal -0.1638584 0 -0.9864839
 outer loop
  vertex 19.96656 -40.79999 -9.470139
  vertex 21.34662 -40.79999 -9.699371
  vertex 21.34662 -81.59999 -9.699371
 endloop
endfacet
facet normal -0.1638584 0 -0.9864839
 outer loop
  vertex 19.96656 -40.79999 -9.470139
  vertex 21.34662 -81.59999 -9.699371
  vertex 19.96656 -81.59999 -9.470139
 endloop
endfacet
facet normal -0.16385838 0 -0.9864839
 outer loop
  vertex 19.96656 -81.59999 -9.470139
  vertex 21.34662 -81.59999 -9.699371
  vertex 21.34662 -122.399994 -9.699371
 endloop
endfacet
facet normal -0.16385838 0 -0.9864839
 outer loop
  vertex 19.96656 -81.59999 -9.470139
  vertex 21.34662 -122.399994 -9.699371
  vertex 19.96656 -122.399994 -9.470139
 endloop
endfacet
facet normal -0.16385838 0 -0.9864839
 outer loop
  vertex 19.96656 -122.399994 -9.470139
  vertex 21.34662 -122.399994 -9.699371
  vertex 21.34662 -163.2 -9.699371
 endloop
endfacet
facet normal -0.16385838 0 -0.9864839
 outer loop
  vertex 19.96656 -122.399994 -9.470139
  vertex 21.34662 -163.2 -9.699371
  vertex 19.96656 -163.2 -9.470139
 endloop
endfacet
facet normal -0.12851107 0 0.99170804
 outer loop
  vertex 27.01294 -204 10.49362
  vertex 27.01294 -163.2 10.49362
  vertex 24.46798 -163.2 10.16383
 endloop
endfacet
facet normal -0.12851107 0 0.99170804
 outer loop
  vertex 27.01294 -204 10.49362
  vertex 24.46798 -163.2 10.16383
  vertex 24.46798 -204 10.16383
 endloop
endfacet
facet normal -0.12851107 0 0.99170804
 outer loop
  vertex 27.01294 -163.2 10.49362
  vertex 27.01294 -122.399994 10.49362
  vertex 24.46798 -122.399994 10.16383
 endloop
endfacet
facet normal -0.12851107 0 0.99170804
 outer loop
  vertex 27.01294 -163.2 10.49362
  vertex 24.46798 -122.399994 10.16383
  vertex 24.46798 -163.2 10.16383
 endloop
endfacet
facet normal -0.12851107 0 0.99170804
 outer loop
  vertex 27.01294 -122.399994 10.49362
  vertex 27.01294 -81.59999 10.49362
  vertex 24.46798 -81.59999 10.16383
 endloop
endfacet
facet normal -0.12851107 0 0.99170804
 outer loop
  vertex 27.01294 -122.399994 10.49362
  vertex 24.46798 -81.59999 10.16383
  vertex 24.46798 -122.399994 10.16383
 endloop
endfacet
facet normal -0.12851107 0 0.99170804
 outer loop
  vertex 27.01294 -81.59999 10.49362
  vertex 27.01294 -40.79999 10.49362
  vertex 24.46798 -40.79999 10.16383
 endloop
endfacet
facet normal -0.12851107 0 0.99170804
 outer loop
  vertex 27.01294 -81.59999 10.49362
  vertex 24.46798 -40.79999 10.16383
  vertex 24.46798 -81.59999 10.16383
 endloop
endfacet
facet normal -0.12851107 0 0.99170804
 outer loop
  vertex 27.01294 -40.79999 10.49362
  vertex 27.01294 7.6293945e-06 10.49362
  vertex 24.46798 7.6293945e-06 10.16383
 endloop
endfacet
facet normal -0.12851107 0 0.99170804
 outer loop
  vertex 27.01294 -40.79999 10.49362
  vertex 24.46798 7.6293945e-06 10.16383
  vertex 24.46798 -40.79999 10.16383
 endloop
endfacet
facet normal -0.12851107 0 0.99170804
 outer loop
  vertex 27.01294 7.6293945e-06 10.49362
  vertex 27.01294 40.800007 10.49362
  vertex 24.46798 40.800007 10.16383
 endloop
endfacet
facet normal -0.12851107 0 0.99170804
 outer loop
  vertex 27.01294 7.6293945e-06 10.49362
  vertex 24.46798 40.800007 10.16383
  vertex 24.46798 7.6293945e-06 10.16383
 endloop
endfacet
facet normal -0.12851107 0 0.99170804
 outer loop
  vertex 27.01294 40.800007 10.49362
  vertex 27.01294 81.600006 10.49362
  vertex 24.46798 81.600006 10.16383
 endloop
endfacet
facet normal -0.12851107 0 0.99170804
 outer loop
  vertex 27.01294 40.800007 10.49362
  vertex 24.46798 81.600006 10.16383
  vertex 24.46798 40.800007 10.16383
 endloop
endfacet
facet normal -0.12851107 0 0.99170804
 outer loop
  vertex 27.01294 81.600006 10.49362
  vertex 27.01294 122.40001 10.49362
  vertex 24.46798 122.40001 10.16383
 endloop
endfacet
facet normal -0.12851107 0 0.99170804
 outer loop
  vertex 27.01294 81.600006 10.49362
  vertex 24.46798 122.40001 10.16383
  vertex 24.46798 81.600006 10.16383
 endloop
endfacet
facet normal -0.12851107 0 0.99170804
 outer loop
  vertex 27.01294 122.40001 10.49362
  vertex 27.01294 163.20001 10.49362
  vertex 24.46798 163.20001 10.16383
 endloop
endfacet
facet normal -0.12851107 0 0.99170804
 outer loop
  vertex 27.01294 122.40001 10.49362
  vertex 24.46798 163.20001 10.16383
  vertex 24.46798 122.40001 10.16383
 endloop
endfacet
facet normal -0.11154102 0 0.9937598
 outer loop
  vertex 30.441 204 10.87839
  vertex 27.01294 204 10.49362
  vertex 27.01294 163.20001 10.49362
 endloop
endfacet
facet normal -0.111541025 0 0.9937598
 outer loop
  vertex 30.441 204 10.87839
  vertex 27.01294 163.20001 10.49362
  vertex 30.441 163.2 10.87839
 endloop
endfacet
facet normal -0.11154101 0 0.9937598
 outer loop
  vertex 30.441 163.2 10.87839
  vertex 27.01294 163.20001 10.49362
  vertex 27.01294 122.40001 10.49362
 endloop
endfacet
facet normal -0.111541025 0 0.9937598
 outer loop
  vertex 30.441 163.2 10.87839
  vertex 27.01294 122.40001 10.49362
  vertex 30.441 122.399994 10.87839
 endloop
endfacet
facet normal -0.11154101 0 0.9937598
 outer loop
  vertex 30.441 122.399994 10.87839
  vertex 27.01294 122.40001 10.49362
  vertex 27.01294 81.600006 10.49362
 endloop
endfacet
facet normal -0.111541025 0 0.9937598
 outer loop
  vertex 30.441 122.399994 10.87839
  vertex 27.01294 81.600006 10.49362
  vertex 30.441 81.59999 10.87839
 endloop
endfacet
facet normal -0.11154101 0 0.9937598
 outer loop
  vertex 30.441 81.59999 10.87839
  vertex 27.01294 81.600006 10.49362
  vertex 27.01294 40.800007 10.49362
 endloop
endfacet
facet normal -0.11154101 0 0.9937598
 outer loop
  vertex 30.441 81.59999 10.87839
  vertex 27.01294 40.800007 10.49362
  vertex 30.441 40.79999 10.87839
 endloop
endfacet
facet normal -0.11154101 0 0.9937598
 outer loop
  vertex 30.441 40.79999 10.87839
  vertex 27.01294 40.800007 10.49362
  vertex 27.01294 7.6293945e-06 10.49362
 endloop
endfacet
facet normal -0.11154101 0 0.9937598
 outer loop
  vertex 30.441 40.79999 10.87839
  vertex 27.01294 7.6293945e-06 10.49362
  vertex 30.441 -7.6293945e-06 10.87839
 endloop
endfacet
facet normal -0.11154101 0 0.9937598
 outer loop
  vertex 30.441 -7.6293945e-06 10.87839
  vertex 27.01294 7.6293945e-06 10.49362
  vertex 27.01294 -40.79999 10.49362
 endloop
endfacet
facet normal -0.11154101 0 0.9937598
 outer loop
  vertex 30.441 -7.6293945e-06 10.87839
  vertex 27.01294 -40.79999 10.49362
  vertex 30.441 -40.800007 10.87839
 endloop
endfacet
facet normal -0.11154101 0 0.9937598
 outer loop
  vertex 30.441 -40.800007 10.87839
  vertex 27.01294 -40.79999 10.49362
  vertex 27.01294 -81.59999 10.49362
 endloop
endfacet
facet normal -0.11154101 0 0.9937598
 outer loop
  vertex 30.441 -40.800007 10.87839
  vertex 27.01294 -81.59999 10.49362
  vertex 30.441 -81.600006 10.87839
 endloop
endfacet
facet normal -0.11154101 0 0.9937598
 outer loop
  vertex 30.441 -81.600006 10.87839
  vertex 27.01294 -81.59999 10.49362
  vertex 27.01294 -122.399994 10.49362
 endloop
endfacet
facet normal -0.111541025 0 0.9937598
 outer loop
  vertex 30.441 -81.600006 10.87839
  vertex 27.01294 -122.399994 10.49362
  vertex 30.441 -122.40001 10.87839
 endloop
endfacet
facet normal -0.11154101 0 0.9937598
 outer loop
  vertex 30.441 -122.40001 10.87839
  vertex 27.01294 -122.399994 10.49362
  vertex 27.01294 -163.2 10.49362
 endloop
endfacet
facet normal -0.111541025 0 0.9937598
 outer loop
  vertex 30.441 -122.40001 10.87839
  vertex 27.01294 -163.2 10.49362
  vertex 30.441 -163.20001 10.87839
 endloop
endfacet
facet normal -0.09879987 -0 -0.99510735
 outer loop
  vertex 30.441 -204 -10.87839
  vertex 30.441 -163.2 -10.87839
  vertex 32.09028 -163.2 -11.04214
 endloop
endfacet
facet normal -0.09879987 0 -0.99510735
 outer loop
  vertex 30.441 -204 -10.87839
  vertex 32.09028 -163.2 -11.04214
  vertex 32.09028 -204 -11.04214
 endloop
endfacet
facet normal -0.09879987 -0 -0.99510735
 outer loop
  vertex 30.441 -163.2 -10.87839
  vertex 30.441 -122.399994 -10.87839
  vertex 32.09028 -122.399994 -11.04214
 endloop
endfacet
facet normal -0.09879987 0 -0.99510735
 outer loop
  vertex 30.441 -163.2 -10.87839
  vertex 32.09028 -122.399994 -11.04214
  vertex 32.09028 -163.2 -11.04214
 endloop
endfacet
facet normal -0.09879987 -0 -0.99510735
 outer loop
  vertex 30.441 -122.399994 -10.87839
  vertex 30.441 -81.59999 -10.87839
  vertex 32.09028 -81.59999 -11.04214
 endloop
endfacet
facet normal -0.09879987 0 -0.99510735
 outer loop
  vertex 30.441 -122.399994 -10.87839
  vertex 32.09028 -81.59999 -11.04214
  vertex 32.09028 -122.399994 -11.04214
 endloop
endfacet
facet normal -0.09879988 -0 -0.99510735
 outer loop
  vertex 30.441 -81.59999 -10.87839
  vertex 30.441 -40.79999 -10.87839
  vertex 32.09028 -40.79999 -11.04214
 endloop
endfacet
facet normal -0.09879988 0 -0.99510735
 outer loop
  vertex 30.441 -81.59999 -10.87839
  vertex 32.09028 -40.79999 -11.04214
  vertex 32.09028 -81.59999 -11.04214
 endloop
endfacet
facet normal -0.09879988 -0 -0.99510735
 outer loop
  vertex 30.441 -40.79999 -10.87839
  vertex 30.441 7.6293945e-06 -10.87839
  vertex 32.09028 7.6293945e-06 -11.04214
 endloop
endfacet
facet normal -0.09879988 0 -0.99510735
 outer loop
  vertex 30.441 -40.79999 -10.87839
  vertex 32.09028 7.6293945e-06 -11.04214
  vertex 32.09028 -40.79999 -11.04214
 endloop
endfacet
facet normal -0.09879988 -0 -0.99510735
 outer loop
  vertex 30.441 7.6293945e-06 -10.87839
  vertex 30.441 40.800007 -10.87839
  vertex 32.09028 40.800007 -11.04214
 endloop
endfacet
facet normal -0.09879988 0 -0.99510735
 outer loop
  vertex 30.441 7.6293945e-06 -10.87839
  vertex 32.09028 40.800007 -11.04214
  vertex 32.09028 7.6293945e-06 -11.04214
 endloop
endfacet
facet normal -0.09879988 -0 -0.99510735
 outer loop
  vertex 30.441 40.800007 -10.87839
  vertex 30.441 81.600006 -10.87839
  vertex 32.09028 81.600006 -11.04214
 endloop
endfacet
facet normal -0.09879988 0 -0.99510735
 outer loop
  vertex 30.441 40.800007 -10.87839
  vertex 32.09028 81.600006 -11.04214
  vertex 32.09028 40.800007 -11.04214
 endloop
endfacet
facet normal -0.09879987 -0 -0.99510735
 outer loop
  vertex 30.441 81.600006 -10.87839
  vertex 30.441 122.40001 -10.87839
  vertex 32.09028 122.40001 -11.04214
 endloop
endfacet
facet normal -0.09879987 0 -0.99510735
 outer loop
  vertex 30.441 81.600006 -10.87839
  vertex 32.09028 122.40001 -11.04214
  vertex 32.09028 81.600006 -11.04214
 endloop
endfacet
facet normal -0.09879987 -0 -0.99510735
 outer loop
  vertex 30.441 122.40001 -10.87839
  vertex 30.441 163.20001 -10.87839
  vertex 32.09028 163.20001 -11.04214
 endloop
endfacet
facet normal -0.09879987 0 -0.99510735
 outer loop
  vertex 30.441 122.40001 -10.87839
  vertex 32.09028 163.20001 -11.04214
  vertex 32.09028 122.40001 -11.04214
 endloop
endfacet
facet normal -0.57434183 0 -0.81861556
 outer loop
  vertex 3.046491 204 -4.19189
  vertex 3.046491 163.20001 -4.19189
  vertex 2.457496 163.20001 -3.77865
 endloop
endfacet
facet normal -0.57434183 -0 -0.81861556
 outer loop
  vertex 3.046491 204 -4.19189
  vertex 2.457496 163.20001 -3.77865
  vertex 2.457496 204 -3.77865
 endloop
endfacet
facet normal -0.57434183 0 -0.81861556
 outer loop
  vertex 3.046491 163.20001 -4.19189
  vertex 3.046491 122.40001 -4.19189
  vertex 2.457496 122.40001 -3.77865
 endloop
endfacet
facet normal -0.57434183 -0 -0.81861556
 outer loop
  vertex 3.046491 163.20001 -4.19189
  vertex 2.457496 122.40001 -3.77865
  vertex 2.457496 163.20001 -3.77865
 endloop
endfacet
facet normal -0.57434183 0 -0.81861556
 outer loop
  vertex 3.046491 122.40001 -4.19189
  vertex 3.046491 81.600006 -4.19189
  vertex 2.457496 81.600006 -3.77865
 endloop
endfacet
facet normal -0.57434183 -0 -0.81861556
 outer loop
  vertex 3.046491 122.40001 -4.19189
  vertex 2.457496 81.600006 -3.77865
  vertex 2.457496 122.40001 -3.77865
 endloop
endfacet
facet normal -0.57434183 0 -0.81861556
 outer loop
  vertex 3.046491 81.600006 -4.19189
  vertex 3.046491 40.800007 -4.19189
  vertex 2.457496 40.800007 -3.77865
 endloop
endfacet
facet normal -0.57434183 -0 -0.81861556
 outer loop
  vertex 3.046491 81.600006 -4.19189
  vertex 2.457496 40.800007 -3.77865
  vertex 2.457496 81.600006 -3.77865
 endloop
endfacet
facet normal -0.57434183 0 -0.81861556
 outer loop
  vertex 3.046491 40.800007 -4.19189
  vertex 3.046491 7.6293945e-06 -4.19189
  vertex 2.457496 7.6293945e-06 -3.77865
 endloop
endfacet
facet normal -0.57434183 -0 -0.81861556
 outer loop
  vertex 3.046491 40.800007 -4.19189
  vertex 2.457496 7.6293945e-06 -3.77865
  vertex 2.457496 40.800007 -3.77865
 endloop
endfacet
facet normal -0.57434183 0 -0.81861556
 outer loop
  vertex 3.046491 7.6293945e-06 -4.19189
  vertex 3.046491 -40.79999 -4.19189
  vertex 2.457496 -40.79999 -3.77865
 endloop
endfacet
facet normal -0.57434183 -0 -0.81861556
 outer loop
  vertex 3.046491 7.6293945e-06 -4.19189
  vertex 2.457496 -40.79999 -3.77865
  vertex 2.457496 7.6293945e-06 -3.77865
 endloop
endfacet
facet normal -0.57434183 0 -0.81861556
 outer loop
  vertex 3.046491 -40.79999 -4.19189
  vertex 3.046491 -81.59999 -4.19189
  vertex 2.457496 -81.59999 -3.77865
 endloop
endfacet
facet normal -0.57434183 -0 -0.81861556
 outer loop
  vertex 3.046491 -40.79999 -4.19189
  vertex 2.457496 -81.59999 -3.77865
  vertex 2.457496 -40.79999 -3.77865
 endloop
endfacet
facet normal -0.57434183 0 -0.81861556
 outer loop
  vertex 3.046491 -81.59999 -4.19189
  vertex 3.046491 -122.399994 -4.19189
  vertex 2.457496 -122.399994 -3.77865
 endloop
endfacet
facet normal -0.57434183 -0 -0.81861556
 outer loop
  vertex 3.046491 -81.59999 -4.19189
  vertex 2.457496 -122.399994 -3.77865
  vertex 2.457496 -81.59999 -3.77865
 endloop
endfacet
facet normal -0.57434183 0 -0.81861556
 outer loop
  vertex 3.046491 -122.399994 -4.19189
  vertex 3.046491 -163.2 -4.19189
  vertex 2.457496 -163.2 -3.77865
 endloop
endfacet
facet normal -0.57434183 -0 -0.81861556
 outer loop
  vertex 3.046491 -122.399994 -4.19189
  vertex 2.457496 -163.2 -3.77865
  vertex 2.457496 -122.399994 -3.77865
 endloop
endfacet
facet normal 1 0 0
 outer loop
  vertex 204 204 0.2596499
  vertex 204 163.2 0.2596499
  vertex 204 163.2 -0.2596499
 endloop
endfacet
facet normal 1 0 -0
 outer loop
  vertex 204 204 0.2596499
  vertex 204 163.2 -0.2596499
  vertex 204 204 -0.2596499
 endloop
endfacet
facet normal 1 0 0
 outer loop
  vertex 204 163.2 0.2596499
  vertex 204 122.399994 0.2596499
  vertex 204 122.399994 -0.2596499
 endloop
endfacet
facet normal 1 0 -0
 outer loop
  vertex 204 163.2 0.2596499
  vertex 204 122.399994 -0.2596499
  vertex 204 163.2 -0.2596499
 endloop
endfacet
facet normal 1 0 0
 outer loop
  vertex 204 122.399994 0.2596499
  vertex 204 81.59999 0.2596499
  vertex 204 81.59999 -0.2596499
 endloop
endfacet
facet normal 1 0 -0
 outer loop
  vertex 204 122.399994 0.2596499
  vertex 204 81.59999 -0.2596499
  vertex 204 122.399994 -0.2596499
 endloop
endfacet
facet normal 1 0 0
 outer loop
  vertex 204 81.59999 0.2596499
  vertex 204 40.79999 0.2596499
  vertex 204 40.79999 -0.2596499
 endloop
endfacet
facet normal 1 0 -0
 outer loop
  vertex 204 81.59999 0.2596499
  vertex 204 40.79999 -0.2596499
  vertex 204 81.59999 -0.2596499
 endloop
endfacet
facet normal 1 0 0
 outer loop
  vertex 204 40.79999 0.2596499
  vertex 204 -7.6293945e-06 0.2596499
  vertex 204 -7.6293945e-06 -0.2596499
 endloop
endfacet
facet normal 1 0 -0
 outer loop
  vertex 204 40.79999 0.2596499
  vertex 204 -7.6293945e-06 -0.2596499
  vertex 204 40.79999 -0.2596499
 endloop
endfacet
facet normal 1 0 0
 outer loop
  vertex 204 -7.6293945e-06 0.2596499
  vertex 204 -40.800007 0.2596499
  vertex 204 -40.800007 -0.2596499
 endloop
endfacet
facet normal 1 0 -0
 outer loop
  vertex 204 -7.6293945e-06 0.2596499
  vertex 204 -40.800007 -0.2596499
  vertex 204 -7.6293945e-06 -0.2596499
 endloop
endfacet
facet normal 1 0 0
 outer loop
  vertex 204 -40.800007 0.2596499
  vertex 204 -81.600006 0.2596499
  vertex 204 -81.600006 -0.2596499
 endloop
endfacet
facet normal 1 0 -0
 outer loop
  vertex 204 -40.800007 0.2596499
  vertex 204 -81.600006 -0.2596499
  vertex 204 -40.800007 -0.2596499
 endloop
endfacet
facet normal 1 0 0
 outer loop
  vertex 204 -81.600006 0.2596499
  vertex 204 -122.40001 0.2596499
  vertex 204 -122.40001 -0.2596499
 endloop
endfacet
facet normal 1 0 -0
 outer loop
  vertex 204 -81.600006 0.2596499
  vertex 204 -122.40001 -0.2596499
  vertex 204 -81.600006 -0.2596499
 endloop
endfacet
facet normal 1 0 0
 outer loop
  vertex 204 -122.40001 0.2596499
  vertex 204 -163.20001 0.2596499
  vertex 204 -163.20001 -0.2596499
 endloop
endfacet
facet normal 1 0 -0
 outer loop
  vertex 204 -122.40001 0.2596499
  vertex 204 -163.20001 -0.2596499
  vertex 204 -122.40001 -0.2596499
 endloop
endfacet
facet normal 0.11646518 -0 0.99319476
 outer loop
  vertex 164.2276 204 5.235105
  vertex 164.2276 163.20001 5.235105
  vertex 182.5283 163.20001 3.089106
 endloop
endfacet
facet normal 0.11646518 0 0.99319476
 outer loop
  vertex 164.2276 204 5.235105
  vertex 182.5283 163.20001 3.089106
  vertex 182.5283 204 3.089106
 endloop
endfacet
facet normal 0.11646519 -0 0.9931948
 outer loop
  vertex 164.2276 163.20001 5.235105
  vertex 164.2276 122.40001 5.235105
  vertex 182.5283 122.40001 3.089106
 endloop
endfacet
facet normal 0.11646519 0 0.9931948
 outer loop
  vertex 164.2276 163.20001 5.235105
  vertex 182.5283 122.40001 3.089106
  vertex 182.5283 163.20001 3.089106
 endloop
endfacet
facet normal 0.11646519 -0 0.9931948
 outer loop
  vertex 164.2276 122.40001 5.235105
  vertex 164.2276 81.600006 5.235105
  vertex 182.5283 81.600006 3.089106
 endloop
endfacet
facet normal 0.11646519 0 0.9931948
 outer loop
  vertex 164.2276 122.40001 5.235105
  vertex 182.5283 81.600006 3.089106
  vertex 182.5283 122.40001 3.089106
 endloop
endfacet
facet normal 0.11646517 -0 0.99319476
 outer loop
  vertex 164.2276 81.600006 5.235105
  vertex 164.2276 40.800007 5.235105
  vertex 182.5283 40.800007 3.089106
 endloop
endfacet
facet normal 0.11646517 0 0.99319476
 outer loop
  vertex 164.2276 81.600006 5.235105
  vertex 182.5283 40.800007 3.089106
  vertex 182.5283 81.600006 3.089106
 endloop
endfacet
facet normal 0.11646517 -0 0.99319476
 outer loop
  vertex 164.2276 40.800007 5.235105
  vertex 164.2276 7.6293945e-06 5.235105
  vertex 182.5283 7.6293945e-06 3.089106
 endloop
endfacet
facet normal 0.11646517 0 0.99319476
 outer loop
  vertex 164.2276 40.800007 5.235105
  vertex 182.5283 7.6293945e-06 3.089106
  vertex 182.5283 40.800007 3.089106
 endloop
endfacet
facet normal 0.11646517 -0 0.99319476
 outer loop
  vertex 164.2276 7.6293945e-06 5.235105
  vertex 164.2276 -40.79999 5.235105
  vertex 182.5283 -40.79999 3.089106
 endloop
endfacet
facet normal 0.11646517 0 0.99319476
 outer loop
  vertex 164.2276 7.6293945e-06 5.235105
  vertex 182.5283 -40.79999 3.089106
  vertex 182.5283 7.6293945e-06 3.089106
 endloop
endfacet
facet normal 0.11646517 -0 0.99319476
 outer loop
  vertex 164.2276 -40.79999 5.235105
  vertex 164.2276 -81.59999 5.235105
  vertex 182.5283 -81.59999 3.089106
 endloop
endfacet
facet normal 0.11646517 0 0.99319476
 outer loop
  vertex 164.2276 -40.79999 5.235105
  vertex 182.5283 -81.59999 3.089106
  vertex 182.5283 -40.79999 3.089106
 endloop
endfacet
facet normal 0.11646519 -0 0.9931948
 outer loop
  vertex 164.2276 -81.59999 5.235105
  vertex 164.2276 -122.399994 5.235105
  vertex 182.5283 -122.399994 3.089106
 endloop
endfacet
facet normal 0.11646519 0 0.9931948
 outer loop
  vertex 164.2276 -81.59999 5.235105
  vertex 182.5283 -122.399994 3.089106
  vertex 182.5283 -81.59999 3.089106
 endloop
endfacet
facet normal 0.11646519 -0 0.9931948
 outer loop
  vertex 164.2276 -122.399994 5.235105
  vertex 164.2276 -163.2 5.235105
  vertex 182.5283 -163.2 3.089106
 endloop
endfacet
facet normal 0.11646519 0 0.9931948
 outer loop
  vertex 164.2276 -122.399994 5.235105
  vertex 182.5283 -163.2 3.089106
  vertex 182.5283 -122.399994 3.089106
 endloop
endfacet
facet normal 0.039156385 -0 0.9992331
 outer loop
  vertex 75.18409 204 12.04104
  vertex 75.18409 163.20001 12.04104
  vertex 90.88878 163.20001 11.42563
 endloop
endfacet
facet normal 0.039156385 0 0.9992331
 outer loop
  vertex 75.18409 204 12.04104
  vertex 90.88878 163.20001 11.42563
  vertex 90.88878 204 11.42563
 endloop
endfacet
facet normal 0.039156385 -0 0.9992331
 outer loop
  vertex 75.18409 163.20001 12.04104
  vertex 75.18409 122.40001 12.04104
  vertex 90.88878 122.40001 11.42563
 endloop
endfacet
facet normal 0.039156385 0 0.9992331
 outer loop
  vertex 75.18409 163.20001 12.04104
  vertex 90.88878 122.40001 11.42563
  vertex 90.88878 163.20001 11.42563
 endloop
endfacet
facet normal 0.039156385 -0 0.9992331
 outer loop
  vertex 75.18409 122.40001 12.04104
  vertex 75.18409 81.600006 12.04104
  vertex 90.88878 81.600006 11.42563
 endloop
endfacet
facet normal 0.039156385 0 0.9992331
 outer loop
  vertex 75.18409 122.40001 12.04104
  vertex 90.88878 81.600006 11.42563
  vertex 90.88878 122.40001 11.42563
 endloop
endfacet
facet normal 0.03915639 -0 0.9992331
 outer loop
  vertex 75.18409 81.600006 12.04104
  vertex 75.18409 40.800007 12.04104
  vertex 90.88878 40.800007 11.42563
 endloop
endfacet
facet normal 0.03915639 0 0.9992331
 outer loop
  vertex 75.18409 81.600006 12.04104
  vertex 90.88878 40.800007 11.42563
  vertex 90.88878 81.600006 11.42563
 endloop
endfacet
facet normal 0.03915639 -0 0.9992331
 outer loop
  vertex 75.18409 40.800007 12.04104
  vertex 75.18409 7.6293945e-06 12.04104
  vertex 90.88878 7.6293945e-06 11.42563
 endloop
endfacet
facet normal 0.03915639 0 0.9992331
 outer loop
  vertex 75.18409 40.800007 12.04104
  vertex 90.88878 7.6293945e-06 11.42563
  vertex 90.88878 40.800007 11.42563
 endloop
endfacet
facet normal 0.03915639 -0 0.9992331
 outer loop
  vertex 75.18409 7.6293945e-06 12.04104
  vertex 75.18409 -40.79999 12.04104
  vertex 90.88878 -40.79999 11.42563
 endloop
endfacet
facet normal 0.03915639 0 0.9992331
 outer loop
  vertex 75.18409 7.6293945e-06 12.04104
  vertex 90.88878 -40.79999 11.42563
  vertex 90.88878 7.6293945e-06 11.42563
 endloop
endfacet
facet normal 0.03915639 -0 0.9992331
 outer loop
  vertex 75.18409 -40.79999 12.04104
  vertex 75.18409 -81.59999 12.04104
  vertex 90.88878 -81.59999 11.42563
 endloop
endfacet
facet normal 0.03915639 0 0.9992331
 outer loop
  vertex 75.18409 -40.79999 12.04104
  vertex 90.88878 -81.59999 11.42563
  vertex 90.88878 -40.79999 11.42563
 endloop
endfacet
facet normal 0.039156385 -0 0.9992331
 outer loop
  vertex 75.18409 -81.59999 12.04104
  vertex 75.18409 -122.399994 12.04104
  vertex 90.88878 -122.399994 11.42563
 endloop
endfacet
facet normal 0.039156385 0 0.9992331
 outer loop
  vertex 75.18409 -81.59999 12.04104
  vertex 90.88878 -122.399994 11.42563
  vertex 90.88878 -81.59999 11.42563
 endloop
endfacet
facet normal 0.039156385 -0 0.9992331
 outer loop
  vertex 75.18409 -122.399994 12.04104
  vertex 75.18409 -163.2 12.04104
  vertex 90.88878 -163.2 11.42563
 endloop
endfacet
facet normal 0.039156385 0 0.9992331
 outer loop
  vertex 75.18409 -122.399994 12.04104
  vertex 90.88878 -163.2 11.42563
  vertex 90.88878 -122.399994 11.42563
 endloop
endfacet
facet normal -0.674266 0 0.7384886
 outer loop
  vertex 1.509936 -204 2.979869
  vertex 1.962383 -204 3.392969
  vertex 1.962383 -163.2 3.392969
 endloop
endfacet
facet normal -0.674266 0 0.7384886
 outer loop
  vertex 1.509936 -204 2.979869
  vertex 1.962383 -163.2 3.392969
  vertex 1.509936 -163.2 2.979869
 endloop
endfacet
facet normal -0.674266 0 0.7384886
 outer loop
  vertex 1.509936 -163.2 2.979869
  vertex 1.962383 -163.2 3.392969
  vertex 1.962383 -122.399994 3.392969
 endloop
endfacet
facet normal -0.674266 0 0.7384886
 outer loop
  vertex 1.509936 -163.2 2.979869
  vertex 1.962383 -122.399994 3.392969
  vertex 1.509936 -122.399994 2.979869
 endloop
endfacet
facet normal -0.674266 0 0.7384886
 outer loop
  vertex 1.509936 -122.399994 2.979869
  vertex 1.962383 -122.399994 3.392969
  vertex 1.962383 -81.59999 3.392969
 endloop
endfacet
facet normal -0.674266 0 0.7384886
 outer loop
  vertex 1.509936 -122.399994 2.979869
  vertex 1.962383 -81.59999 3.392969
  vertex 1.509936 -81.59999 2.979869
 endloop
endfacet
facet normal -0.67426604 0 0.7384886
 outer loop
  vertex 1.509936 -81.59999 2.979869
  vertex 1.962383 -81.59999 3.392969
  vertex 1.962383 -40.79999 3.392969
 endloop
endfacet
facet normal -0.67426604 0 0.7384886
 outer loop
  vertex 1.509936 -81.59999 2.979869
  vertex 1.962383 -40.79999 3.392969
  vertex 1.509936 -40.79999 2.979869
 endloop
endfacet
facet normal -0.67426604 0 0.7384886
 outer loop
  vertex 1.509936 -40.79999 2.979869
  vertex 1.962383 -40.79999 3.392969
  vertex 1.962383 7.6293945e-06 3.392969
 endloop
endfacet
facet normal -0.67426604 0 0.7384886
 outer loop
  vertex 1.509936 -40.79999 2.979869
  vertex 1.962383 7.6293945e-06 3.392969
  vertex 1.509936 7.6293945e-06 2.979869
 endloop
endfacet
facet normal -0.67426604 0 0.7384886
 outer loop
  vertex 1.509936 7.6293945e-06 2.979869
  vertex 1.962383 7.6293945e-06 3.392969
  vertex 1.962383 40.800007 3.392969
 endloop
endfacet
facet normal -0.67426604 0 0.7384886
 outer loop
  vertex 1.509936 7.6293945e-06 2.979869
  vertex 1.962383 40.800007 3.392969
  vertex 1.509936 40.800007 2.979869
 endloop
endfacet
facet normal -0.67426604 0 0.7384886
 outer loop
  vertex 1.509936 40.800007 2.979869
  vertex 1.962383 40.800007 3.392969
  vertex 1.962383 81.600006 3.392969
 endloop
endfacet
facet normal -0.67426604 0 0.7384886
 outer loop
  vertex 1.509936 40.800007 2.979869
  vertex 1.962383 81.600006 3.392969
  vertex 1.509936 81.600006 2.979869
 endloop
endfacet
facet normal -0.674266 0 0.7384886
 outer loop
  vertex 1.509936 81.600006 2.979869
  vertex 1.962383 81.600006 3.392969
  vertex 1.962383 122.40001 3.392969
 endloop
endfacet
facet normal -0.674266 0 0.7384886
 outer loop
  vertex 1.509936 81.600006 2.979869
  vertex 1.962383 122.40001 3.392969
  vertex 1.509936 122.40001 2.979869
 endloop
endfacet
facet normal -0.674266 0 0.7384886
 outer loop
  vertex 1.509936 122.40001 2.979869
  vertex 1.962383 122.40001 3.392969
  vertex 1.962383 163.20001 3.392969
 endloop
endfacet
facet normal -0.674266 0 0.7384886
 outer loop
  vertex 1.509936 122.40001 2.979869
  vertex 1.962383 163.20001 3.392969
  vertex 1.509936 163.20001 2.979869
 endloop
endfacet
facet normal 0.08558657 0 -0.9963307
 outer loop
  vertex 117.8436 -204 -9.677911
  vertex 117.8436 -163.2 -9.677911
  vertex 136.2469 -163.2 -8.097034
 endloop
endfacet
facet normal 0.08558657 0 -0.9963307
 outer loop
  vertex 117.8436 -204 -9.677911
  vertex 136.2469 -163.2 -8.097034
  vertex 136.2469 -204 -8.097034
 endloop
endfacet
facet normal 0.08558657 0 -0.9963307
 outer loop
  vertex 117.8436 -163.2 -9.677911
  vertex 117.8436 -122.399994 -9.677911
  vertex 136.2469 -122.399994 -8.097034
 endloop
endfacet
facet normal 0.08558657 0 -0.9963307
 outer loop
  vertex 117.8436 -163.2 -9.677911
  vertex 136.2469 -122.399994 -8.097034
  vertex 136.2469 -163.2 -8.097034
 endloop
endfacet
facet normal 0.08558657 0 -0.9963307
 outer loop
  vertex 117.8436 -122.399994 -9.677911
  vertex 117.8436 -81.59999 -9.677911
  vertex 136.2469 -81.59999 -8.097034
 endloop
endfacet
facet normal 0.08558657 0 -0.9963307
 outer loop
  vertex 117.8436 -122.399994 -9.677911
  vertex 136.2469 -81.59999 -8.097034
  vertex 136.2469 -122.399994 -8.097034
 endloop
endfacet
facet normal 0.08558656 0 -0.9963307
 outer loop
  vertex 117.8436 -81.59999 -9.677911
  vertex 117.8436 -40.79999 -9.677911
  vertex 136.2469 -40.79999 -8.097034
 endloop
endfacet
facet normal 0.08558656 0 -0.9963307
 outer loop
  vertex 117.8436 -81.59999 -9.677911
  vertex 136.2469 -40.79999 -8.097034
  vertex 136.2469 -81.59999 -8.097034
 endloop
endfacet
facet normal 0.08558656 0 -0.9963307
 outer loop
  vertex 117.8436 -40.79999 -9.677911
  vertex 117.8436 7.6293945e-06 -9.677911
  vertex 136.2469 7.6293945e-06 -8.097034
 endloop
endfacet
facet normal 0.08558656 0 -0.9963307
 outer loop
  vertex 117.8436 -40.79999 -9.677911
  vertex 136.2469 7.6293945e-06 -8.097034
  vertex 136.2469 -40.79999 -8.097034
 endloop
endfacet
facet normal 0.08558656 0 -0.9963307
 outer loop
  vertex 117.8436 7.6293945e-06 -9.677911
  vertex 117.8436 40.800007 -9.677911
  vertex 136.2469 40.800007 -8.097034
 endloop
endfacet
facet normal 0.08558656 0 -0.9963307
 outer loop
  vertex 117.8436 7.6293945e-06 -9.677911
  vertex 136.2469 40.800007 -8.097034
  vertex 136.2469 7.6293945e-06 -8.097034
 endloop
endfacet
facet normal 0.08558656 0 -0.9963307
 outer loop
  vertex 117.8436 40.800007 -9.677911
  vertex 117.8436 81.600006 -9.677911
  vertex 136.2469 81.600006 -8.097034
 endloop
endfacet
facet normal 0.08558656 0 -0.9963307
 outer loop
  vertex 117.8436 40.800007 -9.677911
  vertex 136.2469 81.600006 -8.097034
  vertex 136.2469 40.800007 -8.097034
 endloop
endfacet
facet normal 0.08558657 0 -0.9963307
 outer loop
  vertex 117.8436 81.600006 -9.677911
  vertex 117.8436 122.40001 -9.677911
  vertex 136.2469 122.40001 -8.097034
 endloop
endfacet
facet normal 0.08558657 0 -0.9963307
 outer loop
  vertex 117.8436 81.600006 -9.677911
  vertex 136.2469 122.40001 -8.097034
  vertex 136.2469 81.600006 -8.097034
 endloop
endfacet
facet normal 0.08558657 0 -0.9963307
 outer loop
  vertex 117.8436 122.40001 -9.677911
  vertex 117.8436 163.20001 -9.677911
  vertex 136.2469 163.20001 -8.097034
 endloop
endfacet
facet normal 0.08558657 0 -0.9963307
 outer loop
  vertex 117.8436 122.40001 -9.677911
  vertex 136.2469 163.20001 -8.097034
  vertex 136.2469 122.40001 -8.097034
 endloop
endfacet
facet normal -0.038585994 0 0.9992553
 outer loop
  vertex 48.70627 204 12.05781
  vertex 44.55112 204 11.89736
  vertex 44.55112 163.20001 11.89736
 endloop
endfacet
facet normal -0.038585994 0 0.9992553
 outer loop
  vertex 48.70627 204 12.05781
  vertex 44.55112 163.20001 11.89736
  vertex 48.70627 163.20001 12.05781
 endloop
endfacet
facet normal -0.038585994 0 0.9992553
 outer loop
  vertex 48.70627 163.20001 12.05781
  vertex 44.55112 163.20001 11.89736
  vertex 44.55112 122.40001 11.89736
 endloop
endfacet
facet normal -0.038585994 0 0.9992553
 outer loop
  vertex 48.70627 163.20001 12.05781
  vertex 44.55112 122.40001 11.89736
  vertex 48.70627 122.40001 12.05781
 endloop
endfacet
facet normal -0.038585994 0 0.9992553
 outer loop
  vertex 48.70627 122.40001 12.05781
  vertex 44.55112 122.40001 11.89736
  vertex 44.55112 81.600006 11.89736
 endloop
endfacet
facet normal -0.038585994 0 0.9992553
 outer loop
  vertex 48.70627 122.40001 12.05781
  vertex 44.55112 81.600006 11.89736
  vertex 48.70627 81.600006 12.05781
 endloop
endfacet
facet normal -0.038585994 0 0.9992553
 outer loop
  vertex 48.70627 81.600006 12.05781
  vertex 44.55112 81.600006 11.89736
  vertex 44.55112 40.800007 11.89736
 endloop
endfacet
facet normal -0.038585994 0 0.9992553
 outer loop
  vertex 48.70627 81.600006 12.05781
  vertex 44.55112 40.800007 11.89736
  vertex 48.70627 40.800007 12.05781
 endloop
endfacet
facet normal -0.038585994 0 0.9992553
 outer loop
  vertex 48.70627 40.800007 12.05781
  vertex 44.55112 40.800007 11.89736
  vertex 44.55112 7.6293945e-06 11.89736
 endloop
endfacet
facet normal -0.038585994 0 0.9992553
 outer loop
  vertex 48.70627 40.800007 12.05781
  vertex 44.55112 7.6293945e-06 11.89736
  vertex 48.70627 7.6293945e-06 12.05781
 endloop
endfacet
facet normal -0.038585994 0 0.9992553
 outer loop
  vertex 48.70627 7.6293945e-06 12.05781
  vertex 44.55112 7.6293945e-06 11.89736
  vertex 44.55112 -40.79999 11.89736
 endloop
endfacet
facet normal -0.038585994 0 0.9992553
 outer loop
  vertex 48.70627 7.6293945e-06 12.05781
  vertex 44.55112 -40.79999 11.89736
  vertex 48.70627 -40.79999 12.05781
 endloop
endfacet
facet normal -0.038585994 0 0.9992553
 outer loop
  vertex 48.70627 -40.79999 12.05781
  vertex 44.55112 -40.79999 11.89736
  vertex 44.55112 -81.59999 11.89736
 endloop
endfacet
facet normal -0.038585994 0 0.9992553
 outer loop
  vertex 48.70627 -40.79999 12.05781
  vertex 44.55112 -81.59999 11.89736
  vertex 48.70627 -81.59999 12.05781
 endloop
endfacet
facet normal -0.038585994 0 0.9992553
 outer loop
  vertex 48.70627 -81.59999 12.05781
  vertex 44.55112 -81.59999 11.89736
  vertex 44.55112 -122.399994 11.89736
 endloop
endfacet
facet normal -0.038585994 0 0.9992553
 outer loop
  vertex 48.70627 -81.59999 12.05781
  vertex 44.55112 -122.399994 11.89736
  vertex 48.70627 -122.399994 12.05781
 endloop
endfacet
facet normal -0.038585994 0 0.9992553
 outer loop
  vertex 48.70627 -122.399994 12.05781
  vertex 44.55112 -122.399994 11.89736
  vertex 44.55112 -163.2 11.89736
 endloop
endfacet
facet normal -0.038585994 0 0.9992553
 outer loop
  vertex 48.70627 -122.399994 12.05781
  vertex 44.55112 -163.2 11.89736
  vertex 48.70627 -163.2 12.05781
 endloop
endfacet
facet normal -0.45147088 0 -0.8922858
 outer loop
  vertex 5.045701 204 -5.309192
  vertex 5.045701 163.20001 -5.309192
  vertex 4.360529 163.20001 -4.962515
 endloop
endfacet
facet normal -0.45147088 -0 -0.8922858
 outer loop
  vertex 5.045701 204 -5.309192
  vertex 4.360529 163.20001 -4.962515
  vertex 4.360529 204 -4.962515
 endloop
endfacet
facet normal -0.45147088 0 -0.8922858
 outer loop
  vertex 5.045701 163.20001 -5.309192
  vertex 5.045701 122.40001 -5.309192
  vertex 4.360529 122.40001 -4.962515
 endloop
endfacet
facet normal -0.45147088 -0 -0.8922858
 outer loop
  vertex 5.045701 163.20001 -5.309192
  vertex 4.360529 122.40001 -4.962515
  vertex 4.360529 163.20001 -4.962515
 endloop
endfacet
facet normal -0.45147088 0 -0.8922858
 outer loop
  vertex 5.045701 122.40001 -5.309192
  vertex 5.045701 81.600006 -5.309192
  vertex 4.360529 81.600006 -4.962515
 endloop
endfacet
facet normal -0.45147088 -0 -0.8922858
 outer loop
  vertex 5.045701 122.40001 -5.309192
  vertex 4.360529 81.600006 -4.962515
  vertex 4.360529 122.40001 -4.962515
 endloop
endfacet
facet normal -0.45147088 0 -0.8922858
 outer loop
  vertex 5.045701 81.600006 -5.309192
  vertex 5.045701 40.800007 -5.309192
  vertex 4.360529 40.800007 -4.962515
 endloop
endfacet
facet normal -0.45147088 -0 -0.8922858
 outer loop
  vertex 5.045701 81.600006 -5.309192
  vertex 4.360529 40.800007 -4.962515
  vertex 4.360529 81.600006 -4.962515
 endloop
endfacet
facet normal -0.45147088 0 -0.8922858
 outer loop
  vertex 5.045701 40.800007 -5.309192
  vertex 5.045701 7.6293945e-06 -5.309192
  vertex 4.360529 7.6293945e-06 -4.962515
 endloop
endfacet
facet normal -0.45147088 -0 -0.8922858
 outer loop
  vertex 5.045701 40.800007 -5.309192
  vertex 4.360529 7.6293945e-06 -4.962515
  vertex 4.360529 40.800007 -4.962515
 endloop
endfacet
facet normal -0.45147088 0 -0.8922858
 outer loop
  vertex 5.045701 7.6293945e-06 -5.309192
  vertex 5.045701 -40.79999 -5.309192
  vertex 4.360529 -40.79999 -4.962515
 endloop
endfacet
facet normal -0.45147088 -0 -0.8922858
 outer loop
  vertex 5.045701 7.6293945e-06 -5.309192
  vertex 4.360529 -40.79999 -4.962515
  vertex 4.360529 7.6293945e-06 -4.962515
 endloop
endfacet
facet normal -0.45147088 0 -0.8922858
 outer loop
  vertex 5.045701 -40.79999 -5.309192
  vertex 5.045701 -81.59999 -5.309192
  vertex 4.360529 -81.59999 -4.962515
 endloop
endfacet
facet normal -0.45147088 -0 -0.8922858
 outer loop
  vertex 5.045701 -40.79999 -5.309192
  vertex 4.360529 -81.59999 -4.962515
  vertex 4.360529 -40.79999 -4.962515
 endloop
endfacet
facet normal -0.45147088 0 -0.8922858
 outer loop
  vertex 5.045701 -81.59999 -5.309192
  vertex 5.045701 -122.399994 -5.309192
  vertex 4.360529 -122.399994 -4.962515
 endloop
endfacet
facet normal -0.45147088 -0 -0.8922858
 outer loop
  vertex 5.045701 -81.59999 -5.309192
  vertex 4.360529 -122.399994 -4.962515
  vertex 4.360529 -81.59999 -4.962515
 endloop
endfacet
facet normal -0.45147088 0 -0.8922858
 outer loop
  vertex 5.045701 -122.399994 -5.309192
  vertex 5.045701 -163.2 -5.309192
  vertex 4.360529 -163.2 -4.962515
 endloop
endfacet
facet normal -0.45147088 -0 -0.8922858
 outer loop
  vertex 5.045701 -122.399994 -5.309192
  vertex 4.360529 -163.2 -4.962515
  vertex 4.360529 -122.399994 -4.962515
 endloop
endfacet
facet normal -0.33696795 0 -0.94151616
 outer loop
  vertex 7.64796 204 -6.40467
  vertex 8.56325 204 -6.732251
  vertex 8.56325 163.20001 -6.732251
 endloop
endfacet
facet normal -0.33696795 0 -0.94151616
 outer loop
  vertex 7.64796 204 -6.40467
  vertex 8.56325 163.20001 -6.732251
  vertex 7.64796 163.20001 -6.40467
 endloop
endfacet
facet normal -0.33696792 0 -0.9415161
 outer loop
  vertex 7.64796 163.20001 -6.40467
  vertex 8.56325 163.20001 -6.732251
  vertex 8.56325 122.40001 -6.732251
 endloop
endfacet
facet normal -0.33696792 0 -0.9415161
 outer loop
  vertex 7.64796 163.20001 -6.40467
  vertex 8.56325 122.40001 -6.732251
  vertex 7.64796 122.40001 -6.40467
 endloop
endfacet
facet normal -0.33696792 0 -0.9415161
 outer loop
  vertex 7.64796 122.40001 -6.40467
  vertex 8.56325 122.40001 -6.732251
  vertex 8.56325 81.600006 -6.732251
 endloop
endfacet
facet normal -0.33696792 0 -0.9415161
 outer loop
  vertex 7.64796 122.40001 -6.40467
  vertex 8.56325 81.600006 -6.732251
  vertex 7.64796 81.600006 -6.40467
 endloop
endfacet
facet normal -0.33696792 0 -0.9415161
 outer loop
  vertex 7.64796 81.600006 -6.40467
  vertex 8.56325 81.600006 -6.732251
  vertex 8.56325 40.800007 -6.732251
 endloop
endfacet
facet normal -0.33696792 0 -0.9415161
 outer loop
  vertex 7.64796 81.600006 -6.40467
  vertex 8.56325 40.800007 -6.732251
  vertex 7.64796 40.800007 -6.40467
 endloop
endfacet
facet normal -0.33696792 0 -0.9415161
 outer loop
  vertex 7.64796 40.800007 -6.40467
  vertex 8.56325 40.800007 -6.732251
  vertex 8.56325 7.6293945e-06 -6.732251
 endloop
endfacet
facet normal -0.33696792 0 -0.9415161
 outer loop
  vertex 7.64796 40.800007 -6.40467
  vertex 8.56325 7.6293945e-06 -6.732251
  vertex 7.64796 7.6293945e-06 -6.40467
 endloop
endfacet
facet normal -0.33696792 0 -0.9415161
 outer loop
  vertex 7.64796 7.6293945e-06 -6.40467
  vertex 8.56325 7.6293945e-06 -6.732251
  vertex 8.56325 -40.79999 -6.732251
 endloop
endfacet
facet normal -0.33696792 0 -0.9415161
 outer loop
  vertex 7.64796 7.6293945e-06 -6.40467
  vertex 8.56325 -40.79999 -6.732251
  vertex 7.64796 -40.79999 -6.40467
 endloop
endfacet
facet normal -0.33696792 0 -0.9415161
 outer loop
  vertex 7.64796 -40.79999 -6.40467
  vertex 8.56325 -40.79999 -6.732251
  vertex 8.56325 -81.59999 -6.732251
 endloop
endfacet
facet normal -0.33696792 0 -0.9415161
 outer loop
  vertex 7.64796 -40.79999 -6.40467
  vertex 8.56325 -81.59999 -6.732251
  vertex 7.64796 -81.59999 -6.40467
 endloop
endfacet
facet normal -0.33696792 0 -0.9415161
 outer loop
  vertex 7.64796 -81.59999 -6.40467
  vertex 8.56325 -81.59999 -6.732251
  vertex 8.56325 -122.399994 -6.732251
 endloop
endfacet
facet normal -0.33696792 0 -0.9415161
 outer loop
  vertex 7.64796 -81.59999 -6.40467
  vertex 8.56325 -122.399994 -6.732251
  vertex 7.64796 -122.399994 -6.40467
 endloop
endfacet
facet normal -0.33696792 0 -0.9415161
 outer loop
  vertex 7.64796 -122.399994 -6.40467
  vertex 8.56325 -122.399994 -6.732251
  vertex 8.56325 -163.2 -6.732251
 endloop
endfacet
facet normal -0.33696792 0 -0.9415161
 outer loop
  vertex 7.64796 -122.399994 -6.40467
  vertex 8.56325 -163.2 -6.732251
  vertex 7.64796 -163.2 -6.40467
 endloop
endfacet
facet normal 0.09883101 -0 0.99510425
 outer loop
  vertex 164.2276 204 5.235105
  vertex 127.5457 204 8.87825
  vertex 127.5457 163.2 8.87825
 endloop
endfacet
facet normal 0.09883101 0 0.99510425
 outer loop
  vertex 164.2276 204 5.235105
  vertex 127.5457 163.2 8.87825
  vertex 164.2276 163.20001 5.235105
 endloop
endfacet
facet normal 0.09883101 -0 0.99510425
 outer loop
  vertex 164.2276 163.20001 5.235105
  vertex 127.5457 163.2 8.87825
  vertex 127.5457 122.399994 8.87825
 endloop
endfacet
facet normal 0.098831005 0 0.99510425
 outer loop
  vertex 164.2276 163.20001 5.235105
  vertex 127.5457 122.399994 8.87825
  vertex 164.2276 122.40001 5.235105
 endloop
endfacet
facet normal 0.09883101 -0 0.99510425
 outer loop
  vertex 164.2276 122.40001 5.235105
  vertex 127.5457 122.399994 8.87825
  vertex 127.5457 81.59999 8.87825
 endloop
endfacet
facet normal 0.098831005 0 0.99510425
 outer loop
  vertex 164.2276 122.40001 5.235105
  vertex 127.5457 81.59999 8.87825
  vertex 164.2276 81.600006 5.235105
 endloop
endfacet
facet normal 0.09883101 -0 0.99510425
 outer loop
  vertex 164.2276 81.600006 5.235105
  vertex 127.5457 81.59999 8.87825
  vertex 127.5457 40.79999 8.87825
 endloop
endfacet
facet normal 0.098831 0 0.99510425
 outer loop
  vertex 164.2276 81.600006 5.235105
  vertex 127.5457 40.79999 8.87825
  vertex 164.2276 40.800007 5.235105
 endloop
endfacet
facet normal 0.09883101 -0 0.99510425
 outer loop
  vertex 164.2276 40.800007 5.235105
  vertex 127.5457 40.79999 8.87825
  vertex 127.5457 -7.6293945e-06 8.87825
 endloop
endfacet
facet normal 0.098831 0 0.99510425
 outer loop
  vertex 164.2276 40.800007 5.235105
  vertex 127.5457 -7.6293945e-06 8.87825
  vertex 164.2276 7.6293945e-06 5.235105
 endloop
endfacet
facet normal 0.09883101 -0 0.99510425
 outer loop
  vertex 164.2276 7.6293945e-06 5.235105
  vertex 127.5457 -7.6293945e-06 8.87825
  vertex 127.5457 -40.800007 8.87825
 endloop
endfacet
facet normal 0.098831 0 0.99510425
 outer loop
  vertex 164.2276 7.6293945e-06 5.235105
  vertex 127.5457 -40.800007 8.87825
  vertex 164.2276 -40.79999 5.235105
 endloop
endfacet
facet normal 0.09883101 -0 0.99510425
 outer loop
  vertex 164.2276 -40.79999 5.235105
  vertex 127.5457 -40.800007 8.87825
  vertex 127.5457 -81.600006 8.87825
 endloop
endfacet
facet normal 0.098831 0 0.99510425
 outer loop
  vertex 164.2276 -40.79999 5.235105
  vertex 127.5457 -81.600006 8.87825
  vertex 164.2276 -81.59999 5.235105
 endloop
endfacet
facet normal 0.09883101 -0 0.99510425
 outer loop
  vertex 164.2276 -81.59999 5.235105
  vertex 127.5457 -81.600006 8.87825
  vertex 127.5457 -122.40001 8.87825
 endloop
endfacet
facet normal 0.098831005 0 0.99510425
 outer loop
  vertex 164.2276 -81.59999 5.235105
  vertex 127.5457 -122.40001 8.87825
  vertex 164.2276 -122.399994 5.235105
 endloop
endfacet
facet normal 0.09883101 -0 0.99510425
 outer loop
  vertex 164.2276 -122.399994 5.235105
  vertex 127.5457 -122.40001 8.87825
  vertex 127.5457 -163.20001 8.87825
 endloop
endfacet
facet normal 0.098831005 0 0.99510425
 outer loop
  vertex 164.2276 -122.399994 5.235105
  vertex 127.5457 -163.20001 8.87825
  vertex 164.2276 -163.2 5.235105
 endloop
endfacet
facet normal -0.013994907 0 -0.999902
 outer loop
  vertex 56.36142 204 -12.21978
  vertex 56.36142 163.2 -12.21978
  vertex 54.01796 163.20001 -12.18698
 endloop
endfacet
facet normal -0.013994909 -0 -0.9999021
 outer loop
  vertex 56.36142 204 -12.21978
  vertex 54.01796 163.20001 -12.18698
  vertex 54.01796 204 -12.18698
 endloop
endfacet
facet normal -0.013994907 0 -0.999902
 outer loop
  vertex 56.36142 163.2 -12.21978
  vertex 56.36142 122.399994 -12.21978
  vertex 54.01796 122.40001 -12.18698
 endloop
endfacet
facet normal -0.013994907 -0 -0.999902
 outer loop
  vertex 56.36142 163.2 -12.21978
  vertex 54.01796 122.40001 -12.18698
  vertex 54.01796 163.20001 -12.18698
 endloop
endfacet
facet normal -0.013994907 0 -0.999902
 outer loop
  vertex 56.36142 122.399994 -12.21978
  vertex 56.36142 81.59999 -12.21978
  vertex 54.01796 81.600006 -12.18698
 endloop
endfacet
facet normal -0.013994907 -0 -0.999902
 outer loop
  vertex 56.36142 122.399994 -12.21978
  vertex 54.01796 81.600006 -12.18698
  vertex 54.01796 122.40001 -12.18698
 endloop
endfacet
facet normal -0.013994908 0 -0.999902
 outer loop
  vertex 56.36142 81.59999 -12.21978
  vertex 56.36142 40.79999 -12.21978
  vertex 54.01796 40.800007 -12.18698
 endloop
endfacet
facet normal -0.013994908 -0 -0.999902
 outer loop
  vertex 56.36142 81.59999 -12.21978
  vertex 54.01796 40.800007 -12.18698
  vertex 54.01796 81.600006 -12.18698
 endloop
endfacet
facet normal -0.013994908 0 -0.999902
 outer loop
  vertex 56.36142 40.79999 -12.21978
  vertex 56.36142 -7.6293945e-06 -12.21978
  vertex 54.01796 7.6293945e-06 -12.18698
 endloop
endfacet
facet normal -0.013994908 -0 -0.999902
 outer loop
  vertex 56.36142 40.79999 -12.21978
  vertex 54.01796 7.6293945e-06 -12.18698
  vertex 54.01796 40.800007 -12.18698
 endloop
endfacet
facet normal -0.013994908 0 -0.999902
 outer loop
  vertex 56.36142 -7.6293945e-06 -12.21978
  vertex 56.36142 -40.800007 -12.21978
  vertex 54.01796 -40.79999 -12.18698
 endloop
endfacet
facet normal -0.013994908 -0 -0.999902
 outer loop
  vertex 56.36142 -7.6293945e-06 -12.21978
  vertex 54.01796 -40.79999 -12.18698
  vertex 54.01796 7.6293945e-06 -12.18698
 endloop
endfacet
facet normal -0.013994908 0 -0.999902
 outer loop
  vertex 56.36142 -40.800007 -12.21978
  vertex 56.36142 -81.600006 -12.21978
  vertex 54.01796 -81.59999 -12.18698
 endloop
endfacet
facet normal -0.013994908 -0 -0.999902
 outer loop
  vertex 56.36142 -40.800007 -12.21978
  vertex 54.01796 -81.59999 -12.18698
  vertex 54.01796 -40.79999 -12.18698
 endloop
endfacet
facet normal -0.013994907 0 -0.999902
 outer loop
  vertex 56.36142 -81.600006 -12.21978
  vertex 56.36142 -122.40001 -12.21978
  vertex 54.01796 -122.399994 -12.18698
 endloop
endfacet
facet normal -0.013994907 -0 -0.999902
 outer loop
  vertex 56.36142 -81.600006 -12.21978
  vertex 54.01796 -122.399994 -12.18698
  vertex 54.01796 -81.59999 -12.18698
 endloop
endfacet
facet normal -0.013994907 0 -0.999902
 outer loop
  vertex 56.36142 -122.40001 -12.21978
  vertex 56.36142 -163.20001 -12.21978
  vertex 54.01796 -163.2 -12.18698
 endloop
endfacet
facet normal -0.013994907 -0 -0.999902
 outer loop
  vertex 56.36142 -122.40001 -12.21978
  vertex 54.01796 -163.2 -12.18698
  vertex 54.01796 -122.399994 -12.18698
 endloop
endfacet
facet normal -0.06834412 0 -0.9976618
 outer loop
  vertex 40.54712 204 -11.68808
  vertex 40.54712 163.20001 -11.68808
  vertex 35.7737 163.20001 -11.36108
 endloop
endfacet
facet normal -0.06834412 -0 -0.9976618
 outer loop
  vertex 40.54712 204 -11.68808
  vertex 35.7737 163.20001 -11.36108
  vertex 35.7737 204 -11.36108
 endloop
endfacet
facet normal -0.068344116 0 -0.9976618
 outer loop
  vertex 40.54712 163.20001 -11.68808
  vertex 40.54712 122.40001 -11.68808
  vertex 35.7737 122.40001 -11.36108
 endloop
endfacet
facet normal -0.068344116 -0 -0.9976618
 outer loop
  vertex 40.54712 163.20001 -11.68808
  vertex 35.7737 122.40001 -11.36108
  vertex 35.7737 163.20001 -11.36108
 endloop
endfacet
facet normal -0.068344116 0 -0.9976618
 outer loop
  vertex 40.54712 122.40001 -11.68808
  vertex 40.54712 81.600006 -11.68808
  vertex 35.7737 81.600006 -11.36108
 endloop
endfacet
facet normal -0.068344116 -0 -0.9976618
 outer loop
  vertex 40.54712 122.40001 -11.68808
  vertex 35.7737 81.600006 -11.36108
  vertex 35.7737 122.40001 -11.36108
 endloop
endfacet
facet normal -0.06834412 0 -0.9976618
 outer loop
  vertex 40.54712 81.600006 -11.68808
  vertex 40.54712 40.800007 -11.68808
  vertex 35.7737 40.800007 -11.36108
 endloop
endfacet
facet normal -0.06834412 -0 -0.9976618
 outer loop
  vertex 40.54712 81.600006 -11.68808
  vertex 35.7737 40.800007 -11.36108
  vertex 35.7737 81.600006 -11.36108
 endloop
endfacet
facet normal -0.06834412 0 -0.9976618
 outer loop
  vertex 40.54712 40.800007 -11.68808
  vertex 40.54712 7.6293945e-06 -11.68808
  vertex 35.7737 7.6293945e-06 -11.36108
 endloop
endfacet
facet normal -0.06834412 -0 -0.9976618
 outer loop
  vertex 40.54712 40.800007 -11.68808
  vertex 35.7737 7.6293945e-06 -11.36108
  vertex 35.7737 40.800007 -11.36108
 endloop
endfacet
facet normal -0.06834412 0 -0.9976618
 outer loop
  vertex 40.54712 7.6293945e-06 -11.68808
  vertex 40.54712 -40.79999 -11.68808
  vertex 35.7737 -40.79999 -11.36108
 endloop
endfacet
facet normal -0.06834412 -0 -0.9976618
 outer loop
  vertex 40.54712 7.6293945e-06 -11.68808
  vertex 35.7737 -40.79999 -11.36108
  vertex 35.7737 7.6293945e-06 -11.36108
 endloop
endfacet
facet normal -0.06834412 0 -0.9976618
 outer loop
  vertex 40.54712 -40.79999 -11.68808
  vertex 40.54712 -81.59999 -11.68808
  vertex 35.7737 -81.59999 -11.36108
 endloop
endfacet
facet normal -0.06834412 -0 -0.9976618
 outer loop
  vertex 40.54712 -40.79999 -11.68808
  vertex 35.7737 -81.59999 -11.36108
  vertex 35.7737 -40.79999 -11.36108
 endloop
endfacet
facet normal -0.068344116 0 -0.9976618
 outer loop
  vertex 40.54712 -81.59999 -11.68808
  vertex 40.54712 -122.399994 -11.68808
  vertex 35.7737 -122.399994 -11.36108
 endloop
endfacet
facet normal -0.068344116 -0 -0.9976618
 outer loop
  vertex 40.54712 -81.59999 -11.68808
  vertex 35.7737 -122.399994 -11.36108
  vertex 35.7737 -81.59999 -11.36108
 endloop
endfacet
facet normal -0.068344116 0 -0.9976618
 outer loop
  vertex 40.54712 -122.399994 -11.68808
  vertex 40.54712 -163.2 -11.68808
  vertex 35.7737 -163.2 -11.36108
 endloop
endfacet
facet normal -0.068344116 -0 -0.9976618
 outer loop
  vertex 40.54712 -122.399994 -11.68808
  vertex 35.7737 -163.2 -11.36108
  vertex 35.7737 -122.399994 -11.36108
 endloop
endfacet
facet normal -0.26483923 0 0.9642925
 outer loop
  vertex 12.41006 204 7.875145
  vertex 10.66224 204 7.395113
  vertex 10.66224 163.20001 7.395113
 endloop
endfacet
facet normal -0.26483923 0 0.9642925
 outer loop
  vertex 12.41006 204 7.875145
  vertex 10.66224 163.20001 7.395113
  vertex 12.41006 163.20001 7.875145
 endloop
endfacet
facet normal -0.26483923 0 0.9642926
 outer loop
  vertex 12.41006 163.20001 7.875145
  vertex 10.66224 163.20001 7.395113
  vertex 10.66224 122.40001 7.395113
 endloop
endfacet
facet normal -0.26483923 0 0.9642926
 outer loop
  vertex 12.41006 163.20001 7.875145
  vertex 10.66224 122.40001 7.395113
  vertex 12.41006 122.40001 7.875145
 endloop
endfacet
facet normal -0.26483923 0 0.9642926
 outer loop
  vertex 12.41006 122.40001 7.875145
  vertex 10.66224 122.40001 7.395113
  vertex 10.66224 81.600006 7.395113
 endloop
endfacet
facet normal -0.26483923 0 0.9642926
 outer loop
  vertex 12.41006 122.40001 7.875145
  vertex 10.66224 81.600006 7.395113
  vertex 12.41006 81.600006 7.875145
 endloop
endfacet
facet normal -0.26483923 0 0.9642926
 outer loop
  vertex 12.41006 81.600006 7.875145
  vertex 10.66224 81.600006 7.395113
  vertex 10.66224 40.800007 7.395113
 endloop
endfacet
facet normal -0.26483923 0 0.9642926
 outer loop
  vertex 12.41006 81.600006 7.875145
  vertex 10.66224 40.800007 7.395113
  vertex 12.41006 40.800007 7.875145
 endloop
endfacet
facet normal -0.26483923 0 0.9642926
 outer loop
  vertex 12.41006 40.800007 7.875145
  vertex 10.66224 40.800007 7.395113
  vertex 10.66224 7.6293945e-06 7.395113
 endloop
endfacet
facet normal -0.26483923 0 0.9642926
 outer loop
  vertex 12.41006 40.800007 7.875145
  vertex 10.66224 7.6293945e-06 7.395113
  vertex 12.41006 7.6293945e-06 7.875145
 endloop
endfacet
facet normal -0.26483923 0 0.9642926
 outer loop
  vertex 12.41006 7.6293945e-06 7.875145
  vertex 10.66224 7.6293945e-06 7.395113
  vertex 10.66224 -40.79999 7.395113
 endloop
endfacet
facet normal -0.26483923 0 0.9642926
 outer loop
  vertex 12.41006 7.6293945e-06 7.875145
  vertex 10.66224 -40.79999 7.395113
  vertex 12.41006 -40.79999 7.875145
 endloop
endfacet
facet normal -0.26483923 0 0.9642926
 outer loop
  vertex 12.41006 -40.79999 7.875145
  vertex 10.66224 -40.79999 7.395113
  vertex 10.66224 -81.59999 7.395113
 endloop
endfacet
facet normal -0.26483923 0 0.9642926
 outer loop
  vertex 12.41006 -40.79999 7.875145
  vertex 10.66224 -81.59999 7.395113
  vertex 12.41006 -81.59999 7.875145
 endloop
endfacet
facet normal -0.26483923 0 0.9642926
 outer loop
  vertex 12.41006 -81.59999 7.875145
  vertex 10.66224 -81.59999 7.395113
  vertex 10.66224 -122.399994 7.395113
 endloop
endfacet
facet normal -0.26483923 0 0.9642926
 outer loop
  vertex 12.41006 -81.59999 7.875145
  vertex 10.66224 -122.399994 7.395113
  vertex 12.41006 -122.399994 7.875145
 endloop
endfacet
facet normal -0.26483923 0 0.9642926
 outer loop
  vertex 12.41006 -122.399994 7.875145
  vertex 10.66224 -122.399994 7.395113
  vertex 10.66224 -163.2 7.395113
 endloop
endfacet
facet normal -0.26483923 0 0.9642926
 outer loop
  vertex 12.41006 -122.399994 7.875145
  vertex 10.66224 -163.2 7.395113
  vertex 12.41006 -163.2 7.875145
 endloop
endfacet
facet normal -0.2001573 0 -0.97976375
 outer loop
  vertex 15.50211 204 -8.609822
  vertex 17.51315 204 -9.02066
  vertex 17.51315 163.20001 -9.02066
 endloop
endfacet
facet normal -0.2001573 0 -0.97976375
 outer loop
  vertex 15.50211 204 -8.609822
  vertex 17.51315 163.20001 -9.02066
  vertex 15.50211 163.20001 -8.609822
 endloop
endfacet
facet normal -0.20015731 0 -0.97976375
 outer loop
  vertex 15.50211 163.20001 -8.609822
  vertex 17.51315 163.20001 -9.02066
  vertex 17.51315 122.40001 -9.02066
 endloop
endfacet
facet normal -0.20015731 0 -0.97976375
 outer loop
  vertex 15.50211 163.20001 -8.609822
  vertex 17.51315 122.40001 -9.02066
  vertex 15.50211 122.40001 -8.609822
 endloop
endfacet
facet normal -0.20015731 0 -0.97976375
 outer loop
  vertex 15.50211 122.40001 -8.609822
  vertex 17.51315 122.40001 -9.02066
  vertex 17.51315 81.600006 -9.02066
 endloop
endfacet
facet normal -0.20015731 0 -0.97976375
 outer loop
  vertex 15.50211 122.40001 -8.609822
  vertex 17.51315 81.600006 -9.02066
  vertex 15.50211 81.600006 -8.609822
 endloop
endfacet
facet normal -0.2001573 0 -0.97976375
 outer loop
  vertex 15.50211 81.600006 -8.609822
  vertex 17.51315 81.600006 -9.02066
  vertex 17.51315 40.800007 -9.02066
 endloop
endfacet
facet normal -0.2001573 0 -0.97976375
 outer loop
  vertex 15.50211 81.600006 -8.609822
  vertex 17.51315 40.800007 -9.02066
  vertex 15.50211 40.800007 -8.609822
 endloop
endfacet
facet normal -0.2001573 0 -0.97976375
 outer loop
  vertex 15.50211 40.800007 -8.609822
  vertex 17.51315 40.800007 -9.02066
  vertex 17.51315 7.6293945e-06 -9.02066
 endloop
endfacet
facet normal -0.2001573 0 -0.97976375
 outer loop
  vertex 15.50211 40.800007 -8.609822
  vertex 17.51315 7.6293945e-06 -9.02066
  vertex 15.50211 7.6293945e-06 -8.609822
 endloop
endfacet
facet normal -0.2001573 0 -0.97976375
 outer loop
  vertex 15.50211 7.6293945e-06 -8.609822
  vertex 17.51315 7.6293945e-06 -9.02066
  vertex 17.51315 -40.79999 -9.02066
 endloop
endfacet
facet normal -0.2001573 0 -0.97976375
 outer loop
  vertex 15.50211 7.6293945e-06 -8.609822
  vertex 17.51315 -40.79999 -9.02066
  vertex 15.50211 -40.79999 -8.609822
 endloop
endfacet
facet normal -0.2001573 0 -0.97976375
 outer loop
  vertex 15.50211 -40.79999 -8.609822
  vertex 17.51315 -40.79999 -9.02066
  vertex 17.51315 -81.59999 -9.02066
 endloop
endfacet
facet normal -0.2001573 0 -0.97976375
 outer loop
  vertex 15.50211 -40.79999 -8.609822
  vertex 17.51315 -81.59999 -9.02066
  vertex 15.50211 -81.59999 -8.609822
 endloop
endfacet
facet normal -0.20015731 0 -0.97976375
 outer loop
  vertex 15.50211 -81.59999 -8.609822
  vertex 17.51315 -81.59999 -9.02066
  vertex 17.51315 -122.399994 -9.02066
 endloop
endfacet
facet normal -0.20015731 0 -0.97976375
 outer loop
  vertex 15.50211 -81.59999 -8.609822
  vertex 17.51315 -122.399994 -9.02066
  vertex 15.50211 -122.399994 -8.609822
 endloop
endfacet
facet normal -0.20015731 0 -0.97976375
 outer loop
  vertex 15.50211 -122.399994 -8.609822
  vertex 17.51315 -122.399994 -9.02066
  vertex 17.51315 -163.2 -9.02066
 endloop
endfacet
facet normal -0.20015731 0 -0.97976375
 outer loop
  vertex 15.50211 -122.399994 -8.609822
  vertex 17.51315 -163.2 -9.02066
  vertex 15.50211 -163.2 -8.609822
 endloop
endfacet
facet normal -0.24445471 0 -0.9696607
 outer loop
  vertex 12.41006 204 -7.875145
  vertex 13.53145 204 -8.157851
  vertex 13.53145 163.2 -8.157851
 endloop
endfacet
facet normal -0.2444547 0 -0.9696607
 outer loop
  vertex 12.41006 204 -7.875145
  vertex 13.53145 163.2 -8.157851
  vertex 12.41006 163.20001 -7.875145
 endloop
endfacet
facet normal -0.24445471 0 -0.9696607
 outer loop
  vertex 12.41006 163.20001 -7.875145
  vertex 13.53145 163.2 -8.157851
  vertex 13.53145 122.399994 -8.157851
 endloop
endfacet
facet normal -0.2444547 0 -0.9696607
 outer loop
  vertex 12.41006 163.20001 -7.875145
  vertex 13.53145 122.399994 -8.157851
  vertex 12.41006 122.40001 -7.875145
 endloop
endfacet
facet normal -0.24445471 0 -0.9696607
 outer loop
  vertex 12.41006 122.40001 -7.875145
  vertex 13.53145 122.399994 -8.157851
  vertex 13.53145 81.59999 -8.157851
 endloop
endfacet
facet normal -0.2444547 0 -0.9696607
 outer loop
  vertex 12.41006 122.40001 -7.875145
  vertex 13.53145 81.59999 -8.157851
  vertex 12.41006 81.600006 -7.875145
 endloop
endfacet
facet normal -0.24445471 0 -0.9696607
 outer loop
  vertex 12.41006 81.600006 -7.875145
  vertex 13.53145 81.59999 -8.157851
  vertex 13.53145 40.79999 -8.157851
 endloop
endfacet
facet normal -0.24445468 0 -0.9696607
 outer loop
  vertex 12.41006 81.600006 -7.875145
  vertex 13.53145 40.79999 -8.157851
  vertex 12.41006 40.800007 -7.875145
 endloop
endfacet
facet normal -0.24445471 0 -0.9696607
 outer loop
  vertex 12.41006 40.800007 -7.875145
  vertex 13.53145 40.79999 -8.157851
  vertex 13.53145 -7.6293945e-06 -8.157851
 endloop
endfacet
facet normal -0.24445468 0 -0.9696607
 outer loop
  vertex 12.41006 40.800007 -7.875145
  vertex 13.53145 -7.6293945e-06 -8.157851
  vertex 12.41006 7.6293945e-06 -7.875145
 endloop
endfacet
facet normal -0.24445471 0 -0.9696607
 outer loop
  vertex 12.41006 7.6293945e-06 -7.875145
  vertex 13.53145 -7.6293945e-06 -8.157851
  vertex 13.53145 -40.800007 -8.157851
 endloop
endfacet
facet normal -0.24445468 0 -0.9696607
 outer loop
  vertex 12.41006 7.6293945e-06 -7.875145
  vertex 13.53145 -40.800007 -8.157851
  vertex 12.41006 -40.79999 -7.875145
 endloop
endfacet
facet normal -0.24445471 0 -0.9696607
 outer loop
  vertex 12.41006 -40.79999 -7.875145
  vertex 13.53145 -40.800007 -8.157851
  vertex 13.53145 -81.600006 -8.157851
 endloop
endfacet
facet normal -0.24445468 0 -0.9696607
 outer loop
  vertex 12.41006 -40.79999 -7.875145
  vertex 13.53145 -81.600006 -8.157851
  vertex 12.41006 -81.59999 -7.875145
 endloop
endfacet
facet normal -0.24445471 0 -0.9696607
 outer loop
  vertex 12.41006 -81.59999 -7.875145
  vertex 13.53145 -81.600006 -8.157851
  vertex 13.53145 -122.40001 -8.157851
 endloop
endfacet
facet normal -0.2444547 0 -0.9696607
 outer loop
  vertex 12.41006 -81.59999 -7.875145
  vertex 13.53145 -122.40001 -8.157851
  vertex 12.41006 -122.399994 -7.875145
 endloop
endfacet
facet normal -0.24445471 0 -0.9696607
 outer loop
  vertex 12.41006 -122.399994 -7.875145
  vertex 13.53145 -122.40001 -8.157851
  vertex 13.53145 -163.20001 -8.157851
 endloop
endfacet
facet normal -0.2444547 0 -0.9696607
 outer loop
  vertex 12.41006 -122.399994 -7.875145
  vertex 13.53145 -163.20001 -8.157851
  vertex 12.41006 -163.2 -7.875145
 endloop
endfacet
facet normal 0.019751946 -0 0.9998049
 outer loop
  vertex 66.51322 204 12.21234
  vertex 66.51322 163.20001 12.21234
  vertex 75.18409 163.20001 12.04104
 endloop
endfacet
facet normal 0.019751946 0 0.9998049
 outer loop
  vertex 66.51322 204 12.21234
  vertex 75.18409 163.20001 12.04104
  vertex 75.18409 204 12.04104
 endloop
endfacet
facet normal 0.019751947 -0 0.9998049
 outer loop
  vertex 66.51322 163.20001 12.21234
  vertex 66.51322 122.40001 12.21234
  vertex 75.18409 122.40001 12.04104
 endloop
endfacet
facet normal 0.019751947 0 0.9998049
 outer loop
  vertex 66.51322 163.20001 12.21234
  vertex 75.18409 122.40001 12.04104
  vertex 75.18409 163.20001 12.04104
 endloop
endfacet
facet normal 0.019751947 -0 0.9998049
 outer loop
  vertex 66.51322 122.40001 12.21234
  vertex 66.51322 81.600006 12.21234
  vertex 75.18409 81.600006 12.04104
 endloop
endfacet
facet normal 0.019751947 0 0.9998049
 outer loop
  vertex 66.51322 122.40001 12.21234
  vertex 75.18409 81.600006 12.04104
  vertex 75.18409 122.40001 12.04104
 endloop
endfacet
facet normal 0.019751946 -0 0.9998049
 outer loop
  vertex 66.51322 81.600006 12.21234
  vertex 66.51322 40.800007 12.21234
  vertex 75.18409 40.800007 12.04104
 endloop
endfacet
facet normal 0.019751946 0 0.9998049
 outer loop
  vertex 66.51322 81.600006 12.21234
  vertex 75.18409 40.800007 12.04104
  vertex 75.18409 81.600006 12.04104
 endloop
endfacet
facet normal 0.019751946 -0 0.9998049
 outer loop
  vertex 66.51322 40.800007 12.21234
  vertex 66.51322 7.6293945e-06 12.21234
  vertex 75.18409 7.6293945e-06 12.04104
 endloop
endfacet
facet normal 0.019751946 0 0.9998049
 outer loop
  vertex 66.51322 40.800007 12.21234
  vertex 75.18409 7.6293945e-06 12.04104
  vertex 75.18409 40.800007 12.04104
 endloop
endfacet
facet normal 0.019751946 -0 0.9998049
 outer loop
  vertex 66.51322 7.6293945e-06 12.21234
  vertex 66.51322 -40.79999 12.21234
  vertex 75.18409 -40.79999 12.04104
 endloop
endfacet
facet normal 0.019751946 0 0.9998049
 outer loop
  vertex 66.51322 7.6293945e-06 12.21234
  vertex 75.18409 -40.79999 12.04104
  vertex 75.18409 7.6293945e-06 12.04104
 endloop
endfacet
facet normal 0.019751946 -0 0.9998049
 outer loop
  vertex 66.51322 -40.79999 12.21234
  vertex 66.51322 -81.59999 12.21234
  vertex 75.18409 -81.59999 12.04104
 endloop
endfacet
facet normal 0.019751946 0 0.9998049
 outer loop
  vertex 66.51322 -40.79999 12.21234
  vertex 75.18409 -81.59999 12.04104
  vertex 75.18409 -40.79999 12.04104
 endloop
endfacet
facet normal 0.019751947 -0 0.9998049
 outer loop
  vertex 66.51322 -81.59999 12.21234
  vertex 66.51322 -122.399994 12.21234
  vertex 75.18409 -122.399994 12.04104
 endloop
endfacet
facet normal 0.019751947 0 0.9998049
 outer loop
  vertex 66.51322 -81.59999 12.21234
  vertex 75.18409 -122.399994 12.04104
  vertex 75.18409 -81.59999 12.04104
 endloop
endfacet
facet normal 0.019751947 -0 0.9998049
 outer loop
  vertex 66.51322 -122.399994 12.21234
  vertex 66.51322 -163.2 12.21234
  vertex 75.18409 -163.2 12.04104
 endloop
endfacet
facet normal 0.019751947 0 0.9998049
 outer loop
  vertex 66.51322 -122.399994 12.21234
  vertex 75.18409 -163.2 12.04104
  vertex 75.18409 -122.399994 12.04104
 endloop
endfacet
facet normal -0.35903588 0 0.9333238
 outer loop
  vertex 7.64796 -204 6.40467
  vertex 7.64796 -163.2 6.40467
  vertex 6.689208 -163.2 6.035852
 endloop
endfacet
facet normal -0.35903588 0 0.9333238
 outer loop
  vertex 7.64796 -204 6.40467
  vertex 6.689208 -163.2 6.035852
  vertex 6.689208 -204 6.035852
 endloop
endfacet
facet normal -0.35903588 0 0.9333238
 outer loop
  vertex 7.64796 -163.2 6.40467
  vertex 7.64796 -122.399994 6.40467
  vertex 6.689208 -122.399994 6.035852
 endloop
endfacet
facet normal -0.35903588 0 0.9333238
 outer loop
  vertex 7.64796 -163.2 6.40467
  vertex 6.689208 -122.399994 6.035852
  vertex 6.689208 -163.2 6.035852
 endloop
endfacet
facet normal -0.35903588 0 0.9333238
 outer loop
  vertex 7.64796 -122.399994 6.40467
  vertex 7.64796 -81.59999 6.40467
  vertex 6.689208 -81.59999 6.035852
 endloop
endfacet
facet normal -0.35903588 0 0.9333238
 outer loop
  vertex 7.64796 -122.399994 6.40467
  vertex 6.689208 -81.59999 6.035852
  vertex 6.689208 -122.399994 6.035852
 endloop
endfacet
facet normal -0.35903585 0 0.9333237
 outer loop
  vertex 7.64796 -81.59999 6.40467
  vertex 7.64796 -40.79999 6.40467
  vertex 6.689208 -40.79999 6.035852
 endloop
endfacet
facet normal -0.35903585 0 0.9333237
 outer loop
  vertex 7.64796 -81.59999 6.40467
  vertex 6.689208 -40.79999 6.035852
  vertex 6.689208 -81.59999 6.035852
 endloop
endfacet
facet normal -0.35903585 0 0.9333237
 outer loop
  vertex 7.64796 -40.79999 6.40467
  vertex 7.64796 7.6293945e-06 6.40467
  vertex 6.689208 7.6293945e-06 6.035852
 endloop
endfacet
facet normal -0.35903585 0 0.9333237
 outer loop
  vertex 7.64796 -40.79999 6.40467
  vertex 6.689208 7.6293945e-06 6.035852
  vertex 6.689208 -40.79999 6.035852
 endloop
endfacet
facet normal -0.35903585 0 0.9333237
 outer loop
  vertex 7.64796 7.6293945e-06 6.40467
  vertex 7.64796 40.800007 6.40467
  vertex 6.689208 40.800007 6.035852
 endloop
endfacet
facet normal -0.35903585 0 0.9333237
 outer loop
  vertex 7.64796 7.6293945e-06 6.40467
  vertex 6.689208 40.800007 6.035852
  vertex 6.689208 7.6293945e-06 6.035852
 endloop
endfacet
facet normal -0.35903585 0 0.9333237
 outer loop
  vertex 7.64796 40.800007 6.40467
  vertex 7.64796 81.600006 6.40467
  vertex 6.689208 81.600006 6.035852
 endloop
endfacet
facet normal -0.35903585 0 0.9333237
 outer loop
  vertex 7.64796 40.800007 6.40467
  vertex 6.689208 81.600006 6.035852
  vertex 6.689208 40.800007 6.035852
 endloop
endfacet
facet normal -0.35903588 0 0.9333238
 outer loop
  vertex 7.64796 81.600006 6.40467
  vertex 7.64796 122.40001 6.40467
  vertex 6.689208 122.40001 6.035852
 endloop
endfacet
facet normal -0.35903588 0 0.9333238
 outer loop
  vertex 7.64796 81.600006 6.40467
  vertex 6.689208 122.40001 6.035852
  vertex 6.689208 81.600006 6.035852
 endloop
endfacet
facet normal -0.35903588 0 0.9333238
 outer loop
  vertex 7.64796 122.40001 6.40467
  vertex 7.64796 163.20001 6.40467
  vertex 6.689208 163.20001 6.035852
 endloop
endfacet
facet normal -0.35903588 0 0.9333238
 outer loop
  vertex 7.64796 122.40001 6.40467
  vertex 6.689208 163.20001 6.035852
  vertex 6.689208 122.40001 6.035852
 endloop
endfacet
facet normal 0.12832505 0 -0.99173224
 outer loop
  vertex 204 204 -0.2596499
  vertex 204 163.2 -0.2596499
  vertex 176.0895 163.20001 -3.871126
 endloop
endfacet
facet normal 0.12832503 0 -0.9917321
 outer loop
  vertex 204 204 -0.2596499
  vertex 176.0895 163.20001 -3.871126
  vertex 176.0895 204 -3.871126
 endloop
endfacet
facet normal 0.12832505 0 -0.99173224
 outer loop
  vertex 204 163.2 -0.2596499
  vertex 204 122.399994 -0.2596499
  vertex 176.0895 122.40001 -3.871126
 endloop
endfacet
facet normal 0.12832505 0 -0.99173224
 outer loop
  vertex 204 163.2 -0.2596499
  vertex 176.0895 122.40001 -3.871126
  vertex 176.0895 163.20001 -3.871126
 endloop
endfacet
facet normal 0.12832505 0 -0.99173224
 outer loop
  vertex 204 122.399994 -0.2596499
  vertex 204 81.59999 -0.2596499
  vertex 176.0895 81.600006 -3.871126
 endloop
endfacet
facet normal 0.12832505 0 -0.99173224
 outer loop
  vertex 204 122.399994 -0.2596499
  vertex 176.0895 81.600006 -3.871126
  vertex 176.0895 122.40001 -3.871126
 endloop
endfacet
facet normal 0.12832503 0 -0.9917321
 outer loop
  vertex 204 81.59999 -0.2596499
  vertex 204 40.79999 -0.2596499
  vertex 176.0895 40.800007 -3.871126
 endloop
endfacet
facet normal 0.12832503 0 -0.9917321
 outer loop
  vertex 204 81.59999 -0.2596499
  vertex 176.0895 40.800007 -3.871126
  vertex 176.0895 81.600006 -3.871126
 endloop
endfacet
facet normal 0.12832503 0 -0.9917321
 outer loop
  vertex 204 40.79999 -0.2596499
  vertex 204 -7.6293945e-06 -0.2596499
  vertex 176.0895 7.6293945e-06 -3.871126
 endloop
endfacet
facet normal 0.12832503 0 -0.9917321
 outer loop
  vertex 204 40.79999 -0.2596499
  vertex 176.0895 7.6293945e-06 -3.871126
  vertex 176.0895 40.800007 -3.871126
 endloop
endfacet
facet normal 0.12832503 0 -0.9917321
 outer loop
  vertex 204 -7.6293945e-06 -0.2596499
  vertex 204 -40.800007 -0.2596499
  vertex 176.0895 -40.79999 -3.871126
 endloop
endfacet
facet normal 0.12832503 0 -0.9917321
 outer loop
  vertex 204 -7.6293945e-06 -0.2596499
  vertex 176.0895 -40.79999 -3.871126
  vertex 176.0895 7.6293945e-06 -3.871126
 endloop
endfacet
facet normal 0.12832503 0 -0.9917321
 outer loop
  vertex 204 -40.800007 -0.2596499
  vertex 204 -81.600006 -0.2596499
  vertex 176.0895 -81.59999 -3.871126
 endloop
endfacet
facet normal 0.12832503 0 -0.9917321
 outer loop
  vertex 204 -40.800007 -0.2596499
  vertex 176.0895 -81.59999 -3.871126
  vertex 176.0895 -40.79999 -3.871126
 endloop
endfacet
facet normal 0.12832505 0 -0.99173224
 outer loop
  vertex 204 -81.600006 -0.2596499
  vertex 204 -122.40001 -0.2596499
  vertex 176.0895 -122.399994 -3.871126
 endloop
endfacet
facet normal 0.12832505 0 -0.99173224
 outer loop
  vertex 204 -81.600006 -0.2596499
  vertex 176.0895 -122.399994 -3.871126
  vertex 176.0895 -81.59999 -3.871126
 endloop
endfacet
facet normal 0.12832505 0 -0.99173224
 outer loop
  vertex 204 -122.40001 -0.2596499
  vertex 204 -163.20001 -0.2596499
  vertex 176.0895 -163.2 -3.871126
 endloop
endfacet
facet normal 0.12832505 0 -0.99173224
 outer loop
  vertex 204 -122.40001 -0.2596499
  vertex 176.0895 -163.2 -3.871126
  vertex 176.0895 -122.399994 -3.871126
 endloop
endfacet
facet normal -0.89511096 0 0.4458434
 outer loop
  vertex 0.5058168 -204 1.731906
  vertex 0.5058168 -163.2 1.731906
  vertex 0.3056599 -163.20001 1.330055
 endloop
endfacet
facet normal -0.8951109 0 0.44584343
 outer loop
  vertex 0.5058168 -204 1.731906
  vertex 0.3056599 -163.20001 1.330055
  vertex 0.3056599 -204 1.330055
 endloop
endfacet
facet normal -0.89511096 0 0.4458434
 outer loop
  vertex 0.5058168 -163.2 1.731906
  vertex 0.5058168 -122.399994 1.731906
  vertex 0.3056599 -122.40001 1.330055
 endloop
endfacet
facet normal -0.89511096 0 0.4458434
 outer loop
  vertex 0.5058168 -163.2 1.731906
  vertex 0.3056599 -122.40001 1.330055
  vertex 0.3056599 -163.20001 1.330055
 endloop
endfacet
facet normal -0.89511096 0 0.4458434
 outer loop
  vertex 0.5058168 -122.399994 1.731906
  vertex 0.5058168 -81.59999 1.731906
  vertex 0.3056599 -81.600006 1.330055
 endloop
endfacet
facet normal -0.89511096 0 0.4458434
 outer loop
  vertex 0.5058168 -122.399994 1.731906
  vertex 0.3056599 -81.600006 1.330055
  vertex 0.3056599 -122.40001 1.330055
 endloop
endfacet
facet normal -0.89511096 0 0.44584346
 outer loop
  vertex 0.5058168 -81.59999 1.731906
  vertex 0.5058168 -40.79999 1.731906
  vertex 0.3056599 -40.800007 1.330055
 endloop
endfacet
facet normal -0.89511096 0 0.44584346
 outer loop
  vertex 0.5058168 -81.59999 1.731906
  vertex 0.3056599 -40.800007 1.330055
  vertex 0.3056599 -81.600006 1.330055
 endloop
endfacet
facet normal -0.89511096 0 0.44584346
 outer loop
  vertex 0.5058168 -40.79999 1.731906
  vertex 0.5058168 7.6293945e-06 1.731906
  vertex 0.3056599 -7.6293945e-06 1.330055
 endloop
endfacet
facet normal -0.89511096 0 0.44584346
 outer loop
  vertex 0.5058168 -40.79999 1.731906
  vertex 0.3056599 -7.6293945e-06 1.330055
  vertex 0.3056599 -40.800007 1.330055
 endloop
endfacet
facet normal -0.89511096 0 0.44584346
 outer loop
  vertex 0.5058168 7.6293945e-06 1.731906
  vertex 0.5058168 40.800007 1.731906
  vertex 0.3056599 40.79999 1.330055
 endloop
endfacet
facet normal -0.89511096 0 0.44584346
 outer loop
  vertex 0.5058168 7.6293945e-06 1.731906
  vertex 0.3056599 40.79999 1.330055
  vertex 0.3056599 -7.6293945e-06 1.330055
 endloop
endfacet
facet normal -0.89511096 0 0.44584346
 outer loop
  vertex 0.5058168 40.800007 1.731906
  vertex 0.5058168 81.600006 1.731906
  vertex 0.3056599 81.59999 1.330055
 endloop
endfacet
facet normal -0.89511096 0 0.44584346
 outer loop
  vertex 0.5058168 40.800007 1.731906
  vertex 0.3056599 81.59999 1.330055
  vertex 0.3056599 40.79999 1.330055
 endloop
endfacet
facet normal -0.89511096 0 0.4458434
 outer loop
  vertex 0.5058168 81.600006 1.731906
  vertex 0.5058168 122.40001 1.731906
  vertex 0.3056599 122.399994 1.330055
 endloop
endfacet
facet normal -0.89511096 0 0.4458434
 outer loop
  vertex 0.5058168 81.600006 1.731906
  vertex 0.3056599 122.399994 1.330055
  vertex 0.3056599 81.59999 1.330055
 endloop
endfacet
facet normal -0.89511096 0 0.4458434
 outer loop
  vertex 0.5058168 122.40001 1.731906
  vertex 0.5058168 163.20001 1.731906
  vertex 0.3056599 163.2 1.330055
 endloop
endfacet
facet normal -0.89511096 0 0.4458434
 outer loop
  vertex 0.5058168 122.40001 1.731906
  vertex 0.3056599 163.2 1.330055
  vertex 0.3056599 122.399994 1.330055
 endloop
endfacet
facet normal -0.052196465 0 -0.99863684
 outer loop
  vertex 44.55112 204 -11.89736
  vertex 44.55112 163.20001 -11.89736
  vertex 40.54712 163.20001 -11.68808
 endloop
endfacet
facet normal -0.052196465 -0 -0.99863684
 outer loop
  vertex 44.55112 204 -11.89736
  vertex 40.54712 163.20001 -11.68808
  vertex 40.54712 204 -11.68808
 endloop
endfacet
facet normal -0.05219646 0 -0.99863684
 outer loop
  vertex 44.55112 163.20001 -11.89736
  vertex 44.55112 122.40001 -11.89736
  vertex 40.54712 122.40001 -11.68808
 endloop
endfacet
facet normal -0.05219646 -0 -0.99863684
 outer loop
  vertex 44.55112 163.20001 -11.89736
  vertex 40.54712 122.40001 -11.68808
  vertex 40.54712 163.20001 -11.68808
 endloop
endfacet
facet normal -0.05219646 0 -0.99863684
 outer loop
  vertex 44.55112 122.40001 -11.89736
  vertex 44.55112 81.600006 -11.89736
  vertex 40.54712 81.600006 -11.68808
 endloop
endfacet
facet normal -0.05219646 -0 -0.99863684
 outer loop
  vertex 44.55112 122.40001 -11.89736
  vertex 40.54712 81.600006 -11.68808
  vertex 40.54712 122.40001 -11.68808
 endloop
endfacet
facet normal -0.05219647 0 -0.99863684
 outer loop
  vertex 44.55112 81.600006 -11.89736
  vertex 44.55112 40.800007 -11.89736
  vertex 40.54712 40.800007 -11.68808
 endloop
endfacet
facet normal -0.05219647 -0 -0.99863684
 outer loop
  vertex 44.55112 81.600006 -11.89736
  vertex 40.54712 40.800007 -11.68808
  vertex 40.54712 81.600006 -11.68808
 endloop
endfacet
facet normal -0.05219647 0 -0.99863684
 outer loop
  vertex 44.55112 40.800007 -11.89736
  vertex 44.55112 7.6293945e-06 -11.89736
  vertex 40.54712 7.6293945e-06 -11.68808
 endloop
endfacet
facet normal -0.05219647 -0 -0.99863684
 outer loop
  vertex 44.55112 40.800007 -11.89736
  vertex 40.54712 7.6293945e-06 -11.68808
  vertex 40.54712 40.800007 -11.68808
 endloop
endfacet
facet normal -0.05219647 0 -0.99863684
 outer loop
  vertex 44.55112 7.6293945e-06 -11.89736
  vertex 44.55112 -40.79999 -11.89736
  vertex 40.54712 -40.79999 -11.68808
 endloop
endfacet
facet normal -0.05219647 -0 -0.99863684
 outer loop
  vertex 44.55112 7.6293945e-06 -11.89736
  vertex 40.54712 -40.79999 -11.68808
  vertex 40.54712 7.6293945e-06 -11.68808
 endloop
endfacet
facet normal -0.05219647 0 -0.99863684
 outer loop
  vertex 44.55112 -40.79999 -11.89736
  vertex 44.55112 -81.59999 -11.89736
  vertex 40.54712 -81.59999 -11.68808
 endloop
endfacet
facet normal -0.05219647 -0 -0.99863684
 outer loop
  vertex 44.55112 -40.79999 -11.89736
  vertex 40.54712 -81.59999 -11.68808
  vertex 40.54712 -40.79999 -11.68808
 endloop
endfacet
facet normal -0.05219646 0 -0.99863684
 outer loop
  vertex 44.55112 -81.59999 -11.89736
  vertex 44.55112 -122.399994 -11.89736
  vertex 40.54712 -122.399994 -11.68808
 endloop
endfacet
facet normal -0.05219646 -0 -0.99863684
 outer loop
  vertex 44.55112 -81.59999 -11.89736
  vertex 40.54712 -122.399994 -11.68808
  vertex 40.54712 -81.59999 -11.68808
 endloop
endfacet
facet normal -0.05219646 0 -0.99863684
 outer loop
  vertex 44.55112 -122.399994 -11.89736
  vertex 44.55112 -163.2 -11.89736
  vertex 40.54712 -163.2 -11.68808
 endloop
endfacet
facet normal -0.05219646 -0 -0.99863684
 outer loop
  vertex 44.55112 -122.399994 -11.89736
  vertex 40.54712 -163.2 -11.68808
  vertex 40.54712 -122.399994 -11.68808
 endloop
endfacet
facet normal -0.3893839 0 0.9210755
 outer loop
  vertex 5.896528 -204 5.700747
  vertex 6.689208 -204 6.035852
  vertex 6.689208 -163.2 6.035852
 endloop
endfacet
facet normal -0.3893839 0 0.9210755
 outer loop
  vertex 5.896528 -204 5.700747
  vertex 6.689208 -163.2 6.035852
  vertex 5.896528 -163.2 5.700747
 endloop
endfacet
facet normal -0.3893839 0 0.9210755
 outer loop
  vertex 5.896528 -163.2 5.700747
  vertex 6.689208 -163.2 6.035852
  vertex 6.689208 -122.399994 6.035852
 endloop
endfacet
facet normal -0.3893839 0 0.9210755
 outer loop
  vertex 5.896528 -163.2 5.700747
  vertex 6.689208 -122.399994 6.035852
  vertex 5.896528 -122.399994 5.700747
 endloop
endfacet
facet normal -0.3893839 0 0.9210755
 outer loop
  vertex 5.896528 -122.399994 5.700747
  vertex 6.689208 -122.399994 6.035852
  vertex 6.689208 -81.59999 6.035852
 endloop
endfacet
facet normal -0.3893839 0 0.9210755
 outer loop
  vertex 5.896528 -122.399994 5.700747
  vertex 6.689208 -81.59999 6.035852
  vertex 5.896528 -81.59999 5.700747
 endloop
endfacet
facet normal -0.3893839 0 0.9210755
 outer loop
  vertex 5.896528 -81.59999 5.700747
  vertex 6.689208 -81.59999 6.035852
  vertex 6.689208 -40.79999 6.035852
 endloop
endfacet
facet normal -0.3893839 0 0.9210755
 outer loop
  vertex 5.896528 -81.59999 5.700747
  vertex 6.689208 -40.79999 6.035852
  vertex 5.896528 -40.79999 5.700747
 endloop
endfacet
facet normal -0.3893839 0 0.9210755
 outer loop
  vertex 5.896528 -40.79999 5.700747
  vertex 6.689208 -40.79999 6.035852
  vertex 6.689208 7.6293945e-06 6.035852
 endloop
endfacet
facet normal -0.3893839 0 0.9210755
 outer loop
  vertex 5.896528 -40.79999 5.700747
  vertex 6.689208 7.6293945e-06 6.035852
  vertex 5.896528 7.6293945e-06 5.700747
 endloop
endfacet
facet normal -0.3893839 0 0.9210755
 outer loop
  vertex 5.896528 7.6293945e-06 5.700747
  vertex 6.689208 7.6293945e-06 6.035852
  vertex 6.689208 40.800007 6.035852
 endloop
endfacet
facet normal -0.3893839 0 0.9210755
 outer loop
  vertex 5.896528 7.6293945e-06 5.700747
  vertex 6.689208 40.800007 6.035852
  vertex 5.896528 40.800007 5.700747
 endloop
endfacet
facet normal -0.3893839 0 0.9210755
 outer loop
  vertex 5.896528 40.800007 5.700747
  vertex 6.689208 40.800007 6.035852
  vertex 6.689208 81.600006 6.035852
 endloop
endfacet
facet normal -0.3893839 0 0.9210755
 outer loop
  vertex 5.896528 40.800007 5.700747
  vertex 6.689208 81.600006 6.035852
  vertex 5.896528 81.600006 5.700747
 endloop
endfacet
facet normal -0.3893839 0 0.9210755
 outer loop
  vertex 5.896528 81.600006 5.700747
  vertex 6.689208 81.600006 6.035852
  vertex 6.689208 122.40001 6.035852
 endloop
endfacet
facet normal -0.3893839 0 0.9210755
 outer loop
  vertex 5.896528 81.600006 5.700747
  vertex 6.689208 122.40001 6.035852
  vertex 5.896528 122.40001 5.700747
 endloop
endfacet
facet normal -0.3893839 0 0.9210755
 outer loop
  vertex 5.896528 122.40001 5.700747
  vertex 6.689208 122.40001 6.035852
  vertex 6.689208 163.20001 6.035852
 endloop
endfacet
facet normal -0.3893839 0 0.9210755
 outer loop
  vertex 5.896528 122.40001 5.700747
  vertex 6.689208 163.20001 6.035852
  vertex 5.896528 163.20001 5.700747
 endloop
endfacet
facet normal -0.9368465 0 0.3497408
 outer loop
  vertex 0.3056599 -204 1.330055
  vertex 0.3056599 -163.20001 1.330055
  vertex 0.1386817 -163.20001 0.8827725
 endloop
endfacet
facet normal -0.9368465 0 0.3497408
 outer loop
  vertex 0.3056599 -204 1.330055
  vertex 0.1386817 -163.20001 0.8827725
  vertex 0.1386817 -204 0.8827725
 endloop
endfacet
facet normal -0.9368465 0 0.3497408
 outer loop
  vertex 0.3056599 -163.20001 1.330055
  vertex 0.3056599 -122.40001 1.330055
  vertex 0.1386817 -122.40001 0.8827725
 endloop
endfacet
facet normal -0.9368465 0 0.3497408
 outer loop
  vertex 0.3056599 -163.20001 1.330055
  vertex 0.1386817 -122.40001 0.8827725
  vertex 0.1386817 -163.20001 0.8827725
 endloop
endfacet
facet normal -0.9368465 0 0.3497408
 outer loop
  vertex 0.3056599 -122.40001 1.330055
  vertex 0.3056599 -81.600006 1.330055
  vertex 0.1386817 -81.600006 0.8827725
 endloop
endfacet
facet normal -0.9368465 0 0.3497408
 outer loop
  vertex 0.3056599 -122.40001 1.330055
  vertex 0.1386817 -81.600006 0.8827725
  vertex 0.1386817 -122.40001 0.8827725
 endloop
endfacet
facet normal -0.9368465 0 0.34974083
 outer loop
  vertex 0.3056599 -81.600006 1.330055
  vertex 0.3056599 -40.800007 1.330055
  vertex 0.1386817 -40.800007 0.8827725
 endloop
endfacet
facet normal -0.9368465 0 0.34974083
 outer loop
  vertex 0.3056599 -81.600006 1.330055
  vertex 0.1386817 -40.800007 0.8827725
  vertex 0.1386817 -81.600006 0.8827725
 endloop
endfacet
facet normal -0.9368465 0 0.34974083
 outer loop
  vertex 0.3056599 -40.800007 1.330055
  vertex 0.3056599 -7.6293945e-06 1.330055
  vertex 0.1386817 -7.6293945e-06 0.8827725
 endloop
endfacet
facet normal -0.9368465 0 0.34974083
 outer loop
  vertex 0.3056599 -40.800007 1.330055
  vertex 0.1386817 -7.6293945e-06 0.8827725
  vertex 0.1386817 -40.800007 0.8827725
 endloop
endfacet
facet normal -0.9368465 0 0.34974083
 outer loop
  vertex 0.3056599 -7.6293945e-06 1.330055
  vertex 0.3056599 40.79999 1.330055
  vertex 0.1386817 40.79999 0.8827725
 endloop
endfacet
facet normal -0.9368465 0 0.34974083
 outer loop
  vertex 0.3056599 -7.6293945e-06 1.330055
  vertex 0.1386817 40.79999 0.8827725
  vertex 0.1386817 -7.6293945e-06 0.8827725
 endloop
endfacet
facet normal -0.9368465 0 0.34974083
 outer loop
  vertex 0.3056599 40.79999 1.330055
  vertex 0.3056599 81.59999 1.330055
  vertex 0.1386817 81.59999 0.8827725
 endloop
endfacet
facet normal -0.9368465 0 0.34974083
 outer loop
  vertex 0.3056599 40.79999 1.330055
  vertex 0.1386817 81.59999 0.8827725
  vertex 0.1386817 40.79999 0.8827725
 endloop
endfacet
facet normal -0.9368465 0 0.3497408
 outer loop
  vertex 0.3056599 81.59999 1.330055
  vertex 0.3056599 122.399994 1.330055
  vertex 0.1386817 122.399994 0.8827725
 endloop
endfacet
facet normal -0.9368465 0 0.3497408
 outer loop
  vertex 0.3056599 81.59999 1.330055
  vertex 0.1386817 122.399994 0.8827725
  vertex 0.1386817 81.59999 0.8827725
 endloop
endfacet
facet normal -0.9368465 0 0.3497408
 outer loop
  vertex 0.3056599 122.399994 1.330055
  vertex 0.3056599 163.2 1.330055
  vertex 0.1386817 163.2 0.8827725
 endloop
endfacet
facet normal -0.9368465 0 0.3497408
 outer loop
  vertex 0.3056599 122.399994 1.330055
  vertex 0.1386817 163.2 0.8827725
  vertex 0.1386817 122.399994 0.8827725
 endloop
endfacet
facet normal -0.6292424 0 0.7772091
 outer loop
  vertex 1.962383 204 3.392969
  vertex 1.962383 163.20001 3.392969
  vertex 2.188113 163.2 3.575724
 endloop
endfacet
facet normal -0.62924236 0 0.77720916
 outer loop
  vertex 1.962383 204 3.392969
  vertex 2.188113 163.2 3.575724
  vertex 2.188113 204 3.575724
 endloop
endfacet
facet normal -0.62924236 0 0.77720916
 outer loop
  vertex 1.962383 163.20001 3.392969
  vertex 1.962383 122.40001 3.392969
  vertex 2.188113 122.399994 3.575724
 endloop
endfacet
facet normal -0.62924236 0 0.77720916
 outer loop
  vertex 1.962383 163.20001 3.392969
  vertex 2.188113 122.399994 3.575724
  vertex 2.188113 163.2 3.575724
 endloop
endfacet
facet normal -0.62924236 0 0.77720916
 outer loop
  vertex 1.962383 122.40001 3.392969
  vertex 1.962383 81.600006 3.392969
  vertex 2.188113 81.59999 3.575724
 endloop
endfacet
facet normal -0.62924236 0 0.77720916
 outer loop
  vertex 1.962383 122.40001 3.392969
  vertex 2.188113 81.59999 3.575724
  vertex 2.188113 122.399994 3.575724
 endloop
endfacet
facet normal -0.62924236 0 0.7772091
 outer loop
  vertex 1.962383 81.600006 3.392969
  vertex 1.962383 40.800007 3.392969
  vertex 2.188113 40.79999 3.575724
 endloop
endfacet
facet normal -0.62924236 0 0.7772091
 outer loop
  vertex 1.962383 81.600006 3.392969
  vertex 2.188113 40.79999 3.575724
  vertex 2.188113 81.59999 3.575724
 endloop
endfacet
facet normal -0.62924236 0 0.7772091
 outer loop
  vertex 1.962383 40.800007 3.392969
  vertex 1.962383 7.6293945e-06 3.392969
  vertex 2.188113 -7.6293945e-06 3.575724
 endloop
endfacet
facet normal -0.62924236 0 0.7772091
 outer loop
  vertex 1.962383 40.800007 3.392969
  vertex 2.188113 -7.6293945e-06 3.575724
  vertex 2.188113 40.79999 3.575724
 endloop
endfacet
facet normal -0.62924236 0 0.7772091
 outer loop
  vertex 1.962383 7.6293945e-06 3.392969
  vertex 1.962383 -40.79999 3.392969
  vertex 2.188113 -40.800007 3.575724
 endloop
endfacet
facet normal -0.62924236 0 0.7772091
 outer loop
  vertex 1.962383 7.6293945e-06 3.392969
  vertex 2.188113 -40.800007 3.575724
  vertex 2.188113 -7.6293945e-06 3.575724
 endloop
endfacet
facet normal -0.62924236 0 0.7772091
 outer loop
  vertex 1.962383 -40.79999 3.392969
  vertex 1.962383 -81.59999 3.392969
  vertex 2.188113 -81.600006 3.575724
 endloop
endfacet
facet normal -0.62924236 0 0.7772091
 outer loop
  vertex 1.962383 -40.79999 3.392969
  vertex 2.188113 -81.600006 3.575724
  vertex 2.188113 -40.800007 3.575724
 endloop
endfacet
facet normal -0.62924236 0 0.77720916
 outer loop
  vertex 1.962383 -81.59999 3.392969
  vertex 1.962383 -122.399994 3.392969
  vertex 2.188113 -122.40001 3.575724
 endloop
endfacet
facet normal -0.62924236 0 0.77720916
 outer loop
  vertex 1.962383 -81.59999 3.392969
  vertex 2.188113 -122.40001 3.575724
  vertex 2.188113 -81.600006 3.575724
 endloop
endfacet
facet normal -0.62924236 0 0.77720916
 outer loop
  vertex 1.962383 -122.399994 3.392969
  vertex 1.962383 -163.2 3.392969
  vertex 2.188113 -163.20001 3.575724
 endloop
endfacet
facet normal -0.62924236 0 0.77720916
 outer loop
  vertex 1.962383 -122.399994 3.392969
  vertex 2.188113 -163.20001 3.575724
  vertex 2.188113 -122.40001 3.575724
 endloop
endfacet
facet normal -0.6292424 0 -0.7772091
 outer loop
  vertex 2.188113 204 -3.575724
  vertex 2.188113 163.20001 -3.575724
  vertex 1.962383 163.20001 -3.392969
 endloop
endfacet
facet normal -0.6292424 -0 -0.7772091
 outer loop
  vertex 2.188113 204 -3.575724
  vertex 1.962383 163.20001 -3.392969
  vertex 1.962383 204 -3.392969
 endloop
endfacet
facet normal -0.62924236 0 -0.77720916
 outer loop
  vertex 2.188113 163.20001 -3.575724
  vertex 2.188113 122.40001 -3.575724
  vertex 1.962383 122.40001 -3.392969
 endloop
endfacet
facet normal -0.62924236 -0 -0.77720916
 outer loop
  vertex 2.188113 163.20001 -3.575724
  vertex 1.962383 122.40001 -3.392969
  vertex 1.962383 163.20001 -3.392969
 endloop
endfacet
facet normal -0.62924236 0 -0.77720916
 outer loop
  vertex 2.188113 122.40001 -3.575724
  vertex 2.188113 81.600006 -3.575724
  vertex 1.962383 81.600006 -3.392969
 endloop
endfacet
facet normal -0.62924236 -0 -0.77720916
 outer loop
  vertex 2.188113 122.40001 -3.575724
  vertex 1.962383 81.600006 -3.392969
  vertex 1.962383 122.40001 -3.392969
 endloop
endfacet
facet normal -0.62924236 0 -0.7772091
 outer loop
  vertex 2.188113 81.600006 -3.575724
  vertex 2.188113 40.800007 -3.575724
  vertex 1.962383 40.800007 -3.392969
 endloop
endfacet
facet normal -0.62924236 -0 -0.7772091
 outer loop
  vertex 2.188113 81.600006 -3.575724
  vertex 1.962383 40.800007 -3.392969
  vertex 1.962383 81.600006 -3.392969
 endloop
endfacet
facet normal -0.62924236 0 -0.7772091
 outer loop
  vertex 2.188113 40.800007 -3.575724
  vertex 2.188113 7.6293945e-06 -3.575724
  vertex 1.962383 7.6293945e-06 -3.392969
 endloop
endfacet
facet normal -0.62924236 -0 -0.7772091
 outer loop
  vertex 2.188113 40.800007 -3.575724
  vertex 1.962383 7.6293945e-06 -3.392969
  vertex 1.962383 40.800007 -3.392969
 endloop
endfacet
facet normal -0.62924236 0 -0.7772091
 outer loop
  vertex 2.188113 7.6293945e-06 -3.575724
  vertex 2.188113 -40.79999 -3.575724
  vertex 1.962383 -40.79999 -3.392969
 endloop
endfacet
facet normal -0.62924236 -0 -0.7772091
 outer loop
  vertex 2.188113 7.6293945e-06 -3.575724
  vertex 1.962383 -40.79999 -3.392969
  vertex 1.962383 7.6293945e-06 -3.392969
 endloop
endfacet
facet normal -0.62924236 0 -0.7772091
 outer loop
  vertex 2.188113 -40.79999 -3.575724
  vertex 2.188113 -81.59999 -3.575724
  vertex 1.962383 -81.59999 -3.392969
 endloop
endfacet
facet normal -0.62924236 -0 -0.7772091
 outer loop
  vertex 2.188113 -40.79999 -3.575724
  vertex 1.962383 -81.59999 -3.392969
  vertex 1.962383 -40.79999 -3.392969
 endloop
endfacet
facet normal -0.62924236 0 -0.77720916
 outer loop
  vertex 2.188113 -81.59999 -3.575724
  vertex 2.188113 -122.399994 -3.575724
  vertex 1.962383 -122.399994 -3.392969
 endloop
endfacet
facet normal -0.62924236 -0 -0.77720916
 outer loop
  vertex 2.188113 -81.59999 -3.575724
  vertex 1.962383 -122.399994 -3.392969
  vertex 1.962383 -81.59999 -3.392969
 endloop
endfacet
facet normal -0.62924236 0 -0.77720916
 outer loop
  vertex 2.188113 -122.399994 -3.575724
  vertex 2.188113 -163.2 -3.575724
  vertex 1.962383 -163.2 -3.392969
 endloop
endfacet
facet normal -0.62924236 -0 -0.77720916
 outer loop
  vertex 2.188113 -122.399994 -3.575724
  vertex 1.962383 -163.2 -3.392969
  vertex 1.962383 -122.399994 -3.392969
 endloop
endfacet
facet normal -0.45147088 0 0.8922858
 outer loop
  vertex 4.360529 -204 4.962515
  vertex 5.045701 -204 5.309192
  vertex 5.045701 -163.20001 5.309192
 endloop
endfacet
facet normal -0.45147088 0 0.8922858
 outer loop
  vertex 4.360529 -204 4.962515
  vertex 5.045701 -163.20001 5.309192
  vertex 4.360529 -163.20001 4.962515
 endloop
endfacet
facet normal -0.45147088 0 0.8922858
 outer loop
  vertex 4.360529 -163.20001 4.962515
  vertex 5.045701 -163.20001 5.309192
  vertex 5.045701 -122.40001 5.309192
 endloop
endfacet
facet normal -0.45147088 0 0.8922858
 outer loop
  vertex 4.360529 -163.20001 4.962515
  vertex 5.045701 -122.40001 5.309192
  vertex 4.360529 -122.40001 4.962515
 endloop
endfacet
facet normal -0.45147088 0 0.8922858
 outer loop
  vertex 4.360529 -122.40001 4.962515
  vertex 5.045701 -122.40001 5.309192
  vertex 5.045701 -81.600006 5.309192
 endloop
endfacet
facet normal -0.45147088 0 0.8922858
 outer loop
  vertex 4.360529 -122.40001 4.962515
  vertex 5.045701 -81.600006 5.309192
  vertex 4.360529 -81.600006 4.962515
 endloop
endfacet
facet normal -0.45147088 0 0.8922858
 outer loop
  vertex 4.360529 -81.600006 4.962515
  vertex 5.045701 -81.600006 5.309192
  vertex 5.045701 -40.800007 5.309192
 endloop
endfacet
facet normal -0.45147088 0 0.8922858
 outer loop
  vertex 4.360529 -81.600006 4.962515
  vertex 5.045701 -40.800007 5.309192
  vertex 4.360529 -40.800007 4.962515
 endloop
endfacet
facet normal -0.45147088 0 0.8922858
 outer loop
  vertex 4.360529 -40.800007 4.962515
  vertex 5.045701 -40.800007 5.309192
  vertex 5.045701 -7.6293945e-06 5.309192
 endloop
endfacet
facet normal -0.45147088 0 0.8922858
 outer loop
  vertex 4.360529 -40.800007 4.962515
  vertex 5.045701 -7.6293945e-06 5.309192
  vertex 4.360529 -7.6293945e-06 4.962515
 endloop
endfacet
facet normal -0.45147088 0 0.8922858
 outer loop
  vertex 4.360529 -7.6293945e-06 4.962515
  vertex 5.045701 -7.6293945e-06 5.309192
  vertex 5.045701 40.79999 5.309192
 endloop
endfacet
facet normal -0.45147088 0 0.8922858
 outer loop
  vertex 4.360529 -7.6293945e-06 4.962515
  vertex 5.045701 40.79999 5.309192
  vertex 4.360529 40.79999 4.962515
 endloop
endfacet
facet normal -0.45147088 0 0.8922858
 outer loop
  vertex 4.360529 40.79999 4.962515
  vertex 5.045701 40.79999 5.309192
  vertex 5.045701 81.59999 5.309192
 endloop
endfacet
facet normal -0.45147088 0 0.8922858
 outer loop
  vertex 4.360529 40.79999 4.962515
  vertex 5.045701 81.59999 5.309192
  vertex 4.360529 81.59999 4.962515
 endloop
endfacet
facet normal -0.45147088 0 0.8922858
 outer loop
  vertex 4.360529 81.59999 4.962515
  vertex 5.045701 81.59999 5.309192
  vertex 5.045701 122.399994 5.309192
 endloop
endfacet
facet normal -0.45147088 0 0.8922858
 outer loop
  vertex 4.360529 81.59999 4.962515
  vertex 5.045701 122.399994 5.309192
  vertex 4.360529 122.399994 4.962515
 endloop
endfacet
facet normal -0.45147088 0 0.8922858
 outer loop
  vertex 4.360529 122.399994 4.962515
  vertex 5.045701 122.399994 5.309192
  vertex 5.045701 163.2 5.309192
 endloop
endfacet
facet normal -0.45147088 0 0.8922858
 outer loop
  vertex 4.360529 122.399994 4.962515
  vertex 5.045701 163.2 5.309192
  vertex 4.360529 163.2 4.962515
 endloop
endfacet
facet normal -0.57434183 0 0.81861556
 outer loop
  vertex 3.046491 -204 4.19189
  vertex 3.046491 -163.2 4.19189
  vertex 2.457496 -163.20001 3.77865
 endloop
endfacet
facet normal -0.57434183 0 0.81861556
 outer loop
  vertex 3.046491 -204 4.19189
  vertex 2.457496 -163.20001 3.77865
  vertex 2.457496 -204 3.77865
 endloop
endfacet
facet normal -0.57434183 0 0.81861556
 outer loop
  vertex 3.046491 -163.2 4.19189
  vertex 3.046491 -122.399994 4.19189
  vertex 2.457496 -122.40001 3.77865
 endloop
endfacet
facet normal -0.57434183 0 0.81861556
 outer loop
  vertex 3.046491 -163.2 4.19189
  vertex 2.457496 -122.40001 3.77865
  vertex 2.457496 -163.20001 3.77865
 endloop
endfacet
facet normal -0.57434183 0 0.81861556
 outer loop
  vertex 3.046491 -122.399994 4.19189
  vertex 3.046491 -81.59999 4.19189
  vertex 2.457496 -81.600006 3.77865
 endloop
endfacet
facet normal -0.57434183 0 0.81861556
 outer loop
  vertex 3.046491 -122.399994 4.19189
  vertex 2.457496 -81.600006 3.77865
  vertex 2.457496 -122.40001 3.77865
 endloop
endfacet
facet normal -0.57434183 0 0.81861556
 outer loop
  vertex 3.046491 -81.59999 4.19189
  vertex 3.046491 -40.79999 4.19189
  vertex 2.457496 -40.800007 3.77865
 endloop
endfacet
facet normal -0.57434183 0 0.81861556
 outer loop
  vertex 3.046491 -81.59999 4.19189
  vertex 2.457496 -40.800007 3.77865
  vertex 2.457496 -81.600006 3.77865
 endloop
endfacet
facet normal -0.57434183 0 0.81861556
 outer loop
  vertex 3.046491 -40.79999 4.19189
  vertex 3.046491 7.6293945e-06 4.19189
  vertex 2.457496 -7.6293945e-06 3.77865
 endloop
endfacet
facet normal -0.57434183 0 0.81861556
 outer loop
  vertex 3.046491 -40.79999 4.19189
  vertex 2.457496 -7.6293945e-06 3.77865
  vertex 2.457496 -40.800007 3.77865
 endloop
endfacet
facet normal -0.57434183 0 0.81861556
 outer loop
  vertex 3.046491 7.6293945e-06 4.19189
  vertex 3.046491 40.800007 4.19189
  vertex 2.457496 40.79999 3.77865
 endloop
endfacet
facet normal -0.57434183 0 0.81861556
 outer loop
  vertex 3.046491 7.6293945e-06 4.19189
  vertex 2.457496 40.79999 3.77865
  vertex 2.457496 -7.6293945e-06 3.77865
 endloop
endfacet
facet normal -0.57434183 0 0.81861556
 outer loop
  vertex 3.046491 40.800007 4.19189
  vertex 3.046491 81.600006 4.19189
  vertex 2.457496 81.59999 3.77865
 endloop
endfacet
facet normal -0.57434183 0 0.81861556
 outer loop
  vertex 3.046491 40.800007 4.19189
  vertex 2.457496 81.59999 3.77865
  vertex 2.457496 40.79999 3.77865
 endloop
endfacet
facet normal -0.57434183 0 0.81861556
 outer loop
  vertex 3.046491 81.600006 4.19189
  vertex 3.046491 122.40001 4.19189
  vertex 2.457496 122.399994 3.77865
 endloop
endfacet
facet normal -0.57434183 0 0.81861556
 outer loop
  vertex 3.046491 81.600006 4.19189
  vertex 2.457496 122.399994 3.77865
  vertex 2.457496 81.59999 3.77865
 endloop
endfacet
facet normal -0.57434183 0 0.81861556
 outer loop
  vertex 3.046491 122.40001 4.19189
  vertex 3.046491 163.20001 4.19189
  vertex 2.457496 163.2 3.77865
 endloop
endfacet
facet normal -0.57434183 0 0.81861556
 outer loop
  vertex 3.046491 122.40001 4.19189
  vertex 2.457496 163.2 3.77865
  vertex 2.457496 122.399994 3.77865
 endloop
endfacet
facet normal -0.6016856 0 0.79873306
 outer loop
  vertex 2.188113 -204 3.575724
  vertex 2.457496 -204 3.77865
  vertex 2.457496 -163.20001 3.77865
 endloop
endfacet
facet normal -0.6016856 0 0.79873306
 outer loop
  vertex 2.188113 -204 3.575724
  vertex 2.457496 -163.20001 3.77865
  vertex 2.188113 -163.20001 3.575724
 endloop
endfacet
facet normal -0.6016855 0 0.79873306
 outer loop
  vertex 2.188113 -163.20001 3.575724
  vertex 2.457496 -163.20001 3.77865
  vertex 2.457496 -122.40001 3.77865
 endloop
endfacet
facet normal -0.6016855 0 0.79873306
 outer loop
  vertex 2.188113 -163.20001 3.575724
  vertex 2.457496 -122.40001 3.77865
  vertex 2.188113 -122.40001 3.575724
 endloop
endfacet
facet normal -0.6016855 0 0.79873306
 outer loop
  vertex 2.188113 -122.40001 3.575724
  vertex 2.457496 -122.40001 3.77865
  vertex 2.457496 -81.600006 3.77865
 endloop
endfacet
facet normal -0.6016855 0 0.79873306
 outer loop
  vertex 2.188113 -122.40001 3.575724
  vertex 2.457496 -81.600006 3.77865
  vertex 2.188113 -81.600006 3.575724
 endloop
endfacet
facet normal -0.6016856 0 0.79873306
 outer loop
  vertex 2.188113 -81.600006 3.575724
  vertex 2.457496 -81.600006 3.77865
  vertex 2.457496 -40.800007 3.77865
 endloop
endfacet
facet normal -0.6016856 0 0.79873306
 outer loop
  vertex 2.188113 -81.600006 3.575724
  vertex 2.457496 -40.800007 3.77865
  vertex 2.188113 -40.800007 3.575724
 endloop
endfacet
facet normal -0.6016856 0 0.79873306
 outer loop
  vertex 2.188113 -40.800007 3.575724
  vertex 2.457496 -40.800007 3.77865
  vertex 2.457496 -7.6293945e-06 3.77865
 endloop
endfacet
facet normal -0.6016856 0 0.79873306
 outer loop
  vertex 2.188113 -40.800007 3.575724
  vertex 2.457496 -7.6293945e-06 3.77865
  vertex 2.188113 -7.6293945e-06 3.575724
 endloop
endfacet
facet normal -0.6016856 0 0.79873306
 outer loop
  vertex 2.188113 -7.6293945e-06 3.575724
  vertex 2.457496 -7.6293945e-06 3.77865
  vertex 2.457496 40.79999 3.77865
 endloop
endfacet
facet normal -0.6016856 0 0.79873306
 outer loop
  vertex 2.188113 -7.6293945e-06 3.575724
  vertex 2.457496 40.79999 3.77865
  vertex 2.188113 40.79999 3.575724
 endloop
endfacet
facet normal -0.6016856 0 0.79873306
 outer loop
  vertex 2.188113 40.79999 3.575724
  vertex 2.457496 40.79999 3.77865
  vertex 2.457496 81.59999 3.77865
 endloop
endfacet
facet normal -0.6016856 0 0.79873306
 outer loop
  vertex 2.188113 40.79999 3.575724
  vertex 2.457496 81.59999 3.77865
  vertex 2.188113 81.59999 3.575724
 endloop
endfacet
facet normal -0.6016855 0 0.79873306
 outer loop
  vertex 2.188113 81.59999 3.575724
  vertex 2.457496 81.59999 3.77865
  vertex 2.457496 122.399994 3.77865
 endloop
endfacet
facet normal -0.6016855 0 0.79873306
 outer loop
  vertex 2.188113 81.59999 3.575724
  vertex 2.457496 122.399994 3.77865
  vertex 2.188113 122.399994 3.575724
 endloop
endfacet
facet normal -0.6016855 0 0.79873306
 outer loop
  vertex 2.188113 122.399994 3.575724
  vertex 2.457496 122.399994 3.77865
  vertex 2.457496 163.2 3.77865
 endloop
endfacet
facet normal -0.6016855 0 0.79873306
 outer loop
  vertex 2.188113 122.399994 3.575724
  vertex 2.457496 163.2 3.77865
  vertex 2.188113 163.2 3.575724
 endloop
endfacet
facet normal -0.16385838 0 0.9864839
 outer loop
  vertex 19.96656 204 9.470139
  vertex 19.96656 163.20001 9.470139
  vertex 21.34662 163.20001 9.699371
 endloop
endfacet
facet normal -0.16385838 0 0.9864839
 outer loop
  vertex 19.96656 204 9.470139
  vertex 21.34662 163.20001 9.699371
  vertex 21.34662 204 9.699371
 endloop
endfacet
facet normal -0.16385838 0 0.9864839
 outer loop
  vertex 19.96656 163.20001 9.470139
  vertex 19.96656 122.40001 9.470139
  vertex 21.34662 122.40001 9.699371
 endloop
endfacet
facet normal -0.16385838 0 0.9864839
 outer loop
  vertex 19.96656 163.20001 9.470139
  vertex 21.34662 122.40001 9.699371
  vertex 21.34662 163.20001 9.699371
 endloop
endfacet
facet normal -0.16385838 0 0.9864839
 outer loop
  vertex 19.96656 122.40001 9.470139
  vertex 19.96656 81.600006 9.470139
  vertex 21.34662 81.600006 9.699371
 endloop
endfacet
facet normal -0.16385838 0 0.9864839
 outer loop
  vertex 19.96656 122.40001 9.470139
  vertex 21.34662 81.600006 9.699371
  vertex 21.34662 122.40001 9.699371
 endloop
endfacet
facet normal -0.1638584 0 0.9864839
 outer loop
  vertex 19.96656 81.600006 9.470139
  vertex 19.96656 40.800007 9.470139
  vertex 21.34662 40.800007 9.699371
 endloop
endfacet
facet normal -0.1638584 0 0.9864839
 outer loop
  vertex 19.96656 81.600006 9.470139
  vertex 21.34662 40.800007 9.699371
  vertex 21.34662 81.600006 9.699371
 endloop
endfacet
facet normal -0.1638584 0 0.9864839
 outer loop
  vertex 19.96656 40.800007 9.470139
  vertex 19.96656 7.6293945e-06 9.470139
  vertex 21.34662 7.6293945e-06 9.699371
 endloop
endfacet
facet normal -0.1638584 0 0.9864839
 outer loop
  vertex 19.96656 40.800007 9.470139
  vertex 21.34662 7.6293945e-06 9.699371
  vertex 21.34662 40.800007 9.699371
 endloop
endfacet
facet normal -0.1638584 0 0.9864839
 outer loop
  vertex 19.96656 7.6293945e-06 9.470139
  vertex 19.96656 -40.79999 9.470139
  vertex 21.34662 -40.79999 9.699371
 endloop
endfacet
facet normal -0.1638584 0 0.9864839
 outer loop
  vertex 19.96656 7.6293945e-06 9.470139
  vertex 21.34662 -40.79999 9.699371
  vertex 21.34662 7.6293945e-06 9.699371
 endloop
endfacet
facet normal -0.1638584 0 0.9864839
 outer loop
  vertex 19.96656 -40.79999 9.470139
  vertex 19.96656 -81.59999 9.470139
  vertex 21.34662 -81.59999 9.699371
 endloop
endfacet
facet normal -0.1638584 0 0.9864839
 outer loop
  vertex 19.96656 -40.79999 9.470139
  vertex 21.34662 -81.59999 9.699371
  vertex 21.34662 -40.79999 9.699371
 endloop
endfacet
facet normal -0.16385838 0 0.9864839
 outer loop
  vertex 19.96656 -81.59999 9.470139
  vertex 19.96656 -122.399994 9.470139
  vertex 21.34662 -122.399994 9.699371
 endloop
endfacet
facet normal -0.16385838 0 0.9864839
 outer loop
  vertex 19.96656 -81.59999 9.470139
  vertex 21.34662 -122.399994 9.699371
  vertex 21.34662 -81.59999 9.699371
 endloop
endfacet
facet normal -0.16385838 0 0.9864839
 outer loop
  vertex 19.96656 -122.399994 9.470139
  vertex 19.96656 -163.2 9.470139
  vertex 21.34662 -163.2 9.699371
 endloop
endfacet
facet normal -0.16385838 0 0.9864839
 outer loop
  vertex 19.96656 -122.399994 9.470139
  vertex 21.34662 -163.2 9.699371
  vertex 21.34662 -122.399994 9.699371
 endloop
endfacet
facet normal -0.7059328 0 0.7082788
 outer loop
  vertex 1.292233 -204 2.762887
  vertex 1.509936 -204 2.979869
  vertex 1.509936 -163.2 2.979869
 endloop
endfacet
facet normal -0.70593274 0 0.7082788
 outer loop
  vertex 1.292233 -204 2.762887
  vertex 1.509936 -163.2 2.979869
  vertex 1.292233 -163.20001 2.762887
 endloop
endfacet
facet normal -0.7059328 0 0.7082788
 outer loop
  vertex 1.292233 -163.20001 2.762887
  vertex 1.509936 -163.2 2.979869
  vertex 1.509936 -122.399994 2.979869
 endloop
endfacet
facet normal -0.7059328 0 0.70827883
 outer loop
  vertex 1.292233 -163.20001 2.762887
  vertex 1.509936 -122.399994 2.979869
  vertex 1.292233 -122.40001 2.762887
 endloop
endfacet
facet normal -0.7059328 0 0.7082788
 outer loop
  vertex 1.292233 -122.40001 2.762887
  vertex 1.509936 -122.399994 2.979869
  vertex 1.509936 -81.59999 2.979869
 endloop
endfacet
facet normal -0.7059328 0 0.70827883
 outer loop
  vertex 1.292233 -122.40001 2.762887
  vertex 1.509936 -81.59999 2.979869
  vertex 1.292233 -81.600006 2.762887
 endloop
endfacet
facet normal -0.7059328 0 0.70827883
 outer loop
  vertex 1.292233 -81.600006 2.762887
  vertex 1.509936 -81.59999 2.979869
  vertex 1.509936 -40.79999 2.979869
 endloop
endfacet
facet normal -0.7059328 0 0.7082788
 outer loop
  vertex 1.292233 -81.600006 2.762887
  vertex 1.509936 -40.79999 2.979869
  vertex 1.292233 -40.800007 2.762887
 endloop
endfacet
facet normal -0.7059328 0 0.70827883
 outer loop
  vertex 1.292233 -40.800007 2.762887
  vertex 1.509936 -40.79999 2.979869
  vertex 1.509936 7.6293945e-06 2.979869
 endloop
endfacet
facet normal -0.7059328 0 0.7082788
 outer loop
  vertex 1.292233 -40.800007 2.762887
  vertex 1.509936 7.6293945e-06 2.979869
  vertex 1.292233 -7.6293945e-06 2.762887
 endloop
endfacet
facet normal -0.7059328 0 0.70827883
 outer loop
  vertex 1.292233 -7.6293945e-06 2.762887
  vertex 1.509936 7.6293945e-06 2.979869
  vertex 1.509936 40.800007 2.979869
 endloop
endfacet
facet normal -0.7059328 0 0.7082788
 outer loop
  vertex 1.292233 -7.6293945e-06 2.762887
  vertex 1.509936 40.800007 2.979869
  vertex 1.292233 40.79999 2.762887
 endloop
endfacet
facet normal -0.7059328 0 0.70827883
 outer loop
  vertex 1.292233 40.79999 2.762887
  vertex 1.509936 40.800007 2.979869
  vertex 1.509936 81.600006 2.979869
 endloop
endfacet
facet normal -0.7059328 0 0.7082788
 outer loop
  vertex 1.292233 40.79999 2.762887
  vertex 1.509936 81.600006 2.979869
  vertex 1.292233 81.59999 2.762887
 endloop
endfacet
facet normal -0.7059328 0 0.7082788
 outer loop
  vertex 1.292233 81.59999 2.762887
  vertex 1.509936 81.600006 2.979869
  vertex 1.509936 122.40001 2.979869
 endloop
endfacet
facet normal -0.7059328 0 0.70827883
 outer loop
  vertex 1.292233 81.59999 2.762887
  vertex 1.509936 122.40001 2.979869
  vertex 1.292233 122.399994 2.762887
 endloop
endfacet
facet normal -0.7059328 0 0.7082788
 outer loop
  vertex 1.292233 122.399994 2.762887
  vertex 1.509936 122.40001 2.979869
  vertex 1.509936 163.20001 2.979869
 endloop
endfacet
facet normal -0.7059328 0 0.70827883
 outer loop
  vertex 1.292233 122.399994 2.762887
  vertex 1.509936 163.20001 2.979869
  vertex 1.292233 163.2 2.762887
 endloop
endfacet
facet normal -0.78547037 0 0.6188992
 outer loop
  vertex 1.114224 -204 2.570937
  vertex 1.114224 -163.20001 2.570937
  vertex 0.792426 -163.2 2.16253
 endloop
endfacet
facet normal -0.78547037 0 0.6188992
 outer loop
  vertex 1.114224 -204 2.570937
  vertex 0.792426 -163.2 2.16253
  vertex 0.792426 -204 2.16253
 endloop
endfacet
facet normal -0.78547037 0 0.6188992
 outer loop
  vertex 1.114224 -163.20001 2.570937
  vertex 1.114224 -122.40001 2.570937
  vertex 0.792426 -122.399994 2.16253
 endloop
endfacet
facet normal -0.78547037 0 0.6188992
 outer loop
  vertex 1.114224 -163.20001 2.570937
  vertex 0.792426 -122.399994 2.16253
  vertex 0.792426 -163.2 2.16253
 endloop
endfacet
facet normal -0.78547037 0 0.6188992
 outer loop
  vertex 1.114224 -122.40001 2.570937
  vertex 1.114224 -81.600006 2.570937
  vertex 0.792426 -81.59999 2.16253
 endloop
endfacet
facet normal -0.78547037 0 0.6188992
 outer loop
  vertex 1.114224 -122.40001 2.570937
  vertex 0.792426 -81.59999 2.16253
  vertex 0.792426 -122.399994 2.16253
 endloop
endfacet
facet normal -0.78547037 0 0.6188992
 outer loop
  vertex 1.114224 -81.600006 2.570937
  vertex 1.114224 -40.800007 2.570937
  vertex 0.792426 -40.79999 2.16253
 endloop
endfacet
facet normal -0.78547037 0 0.6188992
 outer loop
  vertex 1.114224 -81.600006 2.570937
  vertex 0.792426 -40.79999 2.16253
  vertex 0.792426 -81.59999 2.16253
 endloop
endfacet
facet normal -0.78547037 0 0.6188992
 outer loop
  vertex 1.114224 -40.800007 2.570937
  vertex 1.114224 -7.6293945e-06 2.570937
  vertex 0.792426 7.6293945e-06 2.16253
 endloop
endfacet
facet normal -0.78547037 0 0.6188992
 outer loop
  vertex 1.114224 -40.800007 2.570937
  vertex 0.792426 7.6293945e-06 2.16253
  vertex 0.792426 -40.79999 2.16253
 endloop
endfacet
facet normal -0.78547037 0 0.6188992
 outer loop
  vertex 1.114224 -7.6293945e-06 2.570937
  vertex 1.114224 40.79999 2.570937
  vertex 0.792426 40.800007 2.16253
 endloop
endfacet
facet normal -0.78547037 0 0.6188992
 outer loop
  vertex 1.114224 -7.6293945e-06 2.570937
  vertex 0.792426 40.800007 2.16253
  vertex 0.792426 7.6293945e-06 2.16253
 endloop
endfacet
facet normal -0.78547037 0 0.6188992
 outer loop
  vertex 1.114224 40.79999 2.570937
  vertex 1.114224 81.59999 2.570937
  vertex 0.792426 81.600006 2.16253
 endloop
endfacet
facet normal -0.78547037 0 0.6188992
 outer loop
  vertex 1.114224 40.79999 2.570937
  vertex 0.792426 81.600006 2.16253
  vertex 0.792426 40.800007 2.16253
 endloop
endfacet
facet normal -0.78547037 0 0.6188992
 outer loop
  vertex 1.114224 81.59999 2.570937
  vertex 1.114224 122.399994 2.570937
  vertex 0.792426 122.40001 2.16253
 endloop
endfacet
facet normal -0.78547037 0 0.6188992
 outer loop
  vertex 1.114224 81.59999 2.570937
  vertex 0.792426 122.40001 2.16253
  vertex 0.792426 81.600006 2.16253
 endloop
endfacet
facet normal -0.78547037 0 0.6188992
 outer loop
  vertex 1.114224 122.399994 2.570937
  vertex 1.114224 163.2 2.570937
  vertex 0.792426 163.20001 2.16253
 endloop
endfacet
facet normal -0.78547037 0 0.6188992
 outer loop
  vertex 1.114224 122.399994 2.570937
  vertex 0.792426 163.20001 2.16253
  vertex 0.792426 122.40001 2.16253
 endloop
endfacet
facet normal -0.31510738 0 0.94905597
 outer loop
  vertex 8.56325 204 6.732251
  vertex 8.56325 163.20001 6.732251
  vertex 9.05181 163.20001 6.894464
 endloop
endfacet
facet normal -0.31510738 0 0.94905597
 outer loop
  vertex 8.56325 204 6.732251
  vertex 9.05181 163.20001 6.894464
  vertex 9.05181 204 6.894464
 endloop
endfacet
facet normal -0.31510738 0 0.949056
 outer loop
  vertex 8.56325 163.20001 6.732251
  vertex 8.56325 122.40001 6.732251
  vertex 9.05181 122.40001 6.894464
 endloop
endfacet
facet normal -0.31510738 0 0.949056
 outer loop
  vertex 8.56325 163.20001 6.732251
  vertex 9.05181 122.40001 6.894464
  vertex 9.05181 163.20001 6.894464
 endloop
endfacet
facet normal -0.31510738 0 0.949056
 outer loop
  vertex 8.56325 122.40001 6.732251
  vertex 8.56325 81.600006 6.732251
  vertex 9.05181 81.600006 6.894464
 endloop
endfacet
facet normal -0.31510738 0 0.949056
 outer loop
  vertex 8.56325 122.40001 6.732251
  vertex 9.05181 81.600006 6.894464
  vertex 9.05181 122.40001 6.894464
 endloop
endfacet
facet normal -0.3151074 0 0.949056
 outer loop
  vertex 8.56325 81.600006 6.732251
  vertex 8.56325 40.800007 6.732251
  vertex 9.05181 40.800007 6.894464
 endloop
endfacet
facet normal -0.3151074 0 0.949056
 outer loop
  vertex 8.56325 81.600006 6.732251
  vertex 9.05181 40.800007 6.894464
  vertex 9.05181 81.600006 6.894464
 endloop
endfacet
facet normal -0.3151074 0 0.949056
 outer loop
  vertex 8.56325 40.800007 6.732251
  vertex 8.56325 7.6293945e-06 6.732251
  vertex 9.05181 7.6293945e-06 6.894464
 endloop
endfacet
facet normal -0.3151074 0 0.949056
 outer loop
  vertex 8.56325 40.800007 6.732251
  vertex 9.05181 7.6293945e-06 6.894464
  vertex 9.05181 40.800007 6.894464
 endloop
endfacet
facet normal -0.3151074 0 0.949056
 outer loop
  vertex 8.56325 7.6293945e-06 6.732251
  vertex 8.56325 -40.79999 6.732251
  vertex 9.05181 -40.79999 6.894464
 endloop
endfacet
facet normal -0.3151074 0 0.949056
 outer loop
  vertex 8.56325 7.6293945e-06 6.732251
  vertex 9.05181 -40.79999 6.894464
  vertex 9.05181 7.6293945e-06 6.894464
 endloop
endfacet
facet normal -0.3151074 0 0.949056
 outer loop
  vertex 8.56325 -40.79999 6.732251
  vertex 8.56325 -81.59999 6.732251
  vertex 9.05181 -81.59999 6.894464
 endloop
endfacet
facet normal -0.3151074 0 0.949056
 outer loop
  vertex 8.56325 -40.79999 6.732251
  vertex 9.05181 -81.59999 6.894464
  vertex 9.05181 -40.79999 6.894464
 endloop
endfacet
facet normal -0.31510738 0 0.949056
 outer loop
  vertex 8.56325 -81.59999 6.732251
  vertex 8.56325 -122.399994 6.732251
  vertex 9.05181 -122.399994 6.894464
 endloop
endfacet
facet normal -0.31510738 0 0.949056
 outer loop
  vertex 8.56325 -81.59999 6.732251
  vertex 9.05181 -122.399994 6.894464
  vertex 9.05181 -81.59999 6.894464
 endloop
endfacet
facet normal -0.31510738 0 0.949056
 outer loop
  vertex 8.56325 -122.399994 6.732251
  vertex 8.56325 -163.2 6.732251
  vertex 9.05181 -163.2 6.894464
 endloop
endfacet
facet normal -0.31510738 0 0.949056
 outer loop
  vertex 8.56325 -122.399994 6.732251
  vertex 9.05181 -163.2 6.894464
  vertex 9.05181 -122.399994 6.894464
 endloop
endfacet
facet normal -0.06834412 0 0.9976618
 outer loop
  vertex 35.7737 204 11.36108
  vertex 35.7737 163.20001 11.36108
  vertex 40.54712 163.20001 11.68808
 endloop
endfacet
facet normal -0.06834412 0 0.9976618
 outer loop
  vertex 35.7737 204 11.36108
  vertex 40.54712 163.20001 11.68808
  vertex 40.54712 204 11.68808
 endloop
endfacet
facet normal -0.068344116 0 0.9976618
 outer loop
  vertex 35.7737 163.20001 11.36108
  vertex 35.7737 122.40001 11.36108
  vertex 40.54712 122.40001 11.68808
 endloop
endfacet
facet normal -0.068344116 0 0.9976618
 outer loop
  vertex 35.7737 163.20001 11.36108
  vertex 40.54712 122.40001 11.68808
  vertex 40.54712 163.20001 11.68808
 endloop
endfacet
facet normal -0.068344116 0 0.9976618
 outer loop
  vertex 35.7737 122.40001 11.36108
  vertex 35.7737 81.600006 11.36108
  vertex 40.54712 81.600006 11.68808
 endloop
endfacet
facet normal -0.068344116 0 0.9976618
 outer loop
  vertex 35.7737 122.40001 11.36108
  vertex 40.54712 81.600006 11.68808
  vertex 40.54712 122.40001 11.68808
 endloop
endfacet
facet normal -0.06834412 0 0.9976618
 outer loop
  vertex 35.7737 81.600006 11.36108
  vertex 35.7737 40.800007 11.36108
  vertex 40.54712 40.800007 11.68808
 endloop
endfacet
facet normal -0.06834412 0 0.9976618
 outer loop
  vertex 35.7737 81.600006 11.36108
  vertex 40.54712 40.800007 11.68808
  vertex 40.54712 81.600006 11.68808
 endloop
endfacet
facet normal -0.06834412 0 0.9976618
 outer loop
  vertex 35.7737 40.800007 11.36108
  vertex 35.7737 7.6293945e-06 11.36108
  vertex 40.54712 7.6293945e-06 11.68808
 endloop
endfacet
facet normal -0.06834412 0 0.9976618
 outer loop
  vertex 35.7737 40.800007 11.36108
  vertex 40.54712 7.6293945e-06 11.68808
  vertex 40.54712 40.800007 11.68808
 endloop
endfacet
facet normal -0.06834412 0 0.9976618
 outer loop
  vertex 35.7737 7.6293945e-06 11.36108
  vertex 35.7737 -40.79999 11.36108
  vertex 40.54712 -40.79999 11.68808
 endloop
endfacet
facet normal -0.06834412 0 0.9976618
 outer loop
  vertex 35.7737 7.6293945e-06 11.36108
  vertex 40.54712 -40.79999 11.68808
  vertex 40.54712 7.6293945e-06 11.68808
 endloop
endfacet
facet normal -0.06834412 0 0.9976618
 outer loop
  vertex 35.7737 -40.79999 11.36108
  vertex 35.7737 -81.59999 11.36108
  vertex 40.54712 -81.59999 11.68808
 endloop
endfacet
facet normal -0.06834412 0 0.9976618
 outer loop
  vertex 35.7737 -40.79999 11.36108
  vertex 40.54712 -81.59999 11.68808
  vertex 40.54712 -40.79999 11.68808
 endloop
endfacet
facet normal -0.068344116 0 0.9976618
 outer loop
  vertex 35.7737 -81.59999 11.36108
  vertex 35.7737 -122.399994 11.36108
  vertex 40.54712 -122.399994 11.68808
 endloop
endfacet
facet normal -0.068344116 0 0.9976618
 outer loop
  vertex 35.7737 -81.59999 11.36108
  vertex 40.54712 -122.399994 11.68808
  vertex 40.54712 -81.59999 11.68808
 endloop
endfacet
facet normal -0.068344116 0 0.9976618
 outer loop
  vertex 35.7737 -122.399994 11.36108
  vertex 35.7737 -163.2 11.36108
  vertex 40.54712 -163.2 11.68808
 endloop
endfacet
facet normal -0.068344116 0 0.9976618
 outer loop
  vertex 35.7737 -122.399994 11.36108
  vertex 40.54712 -163.2 11.68808
  vertex 40.54712 -122.399994 11.68808
 endloop
endfacet
facet normal -0.26483923 0 -0.9642925
 outer loop
  vertex 12.41006 204 -7.875145
  vertex 12.41006 163.20001 -7.875145
  vertex 10.66224 163.20001 -7.395113
 endloop
endfacet
facet normal -0.26483923 -0 -0.9642925
 outer loop
  vertex 12.41006 204 -7.875145
  vertex 10.66224 163.20001 -7.395113
  vertex 10.66224 204 -7.395113
 endloop
endfacet
facet normal -0.26483923 0 -0.9642926
 outer loop
  vertex 12.41006 163.20001 -7.875145
  vertex 12.41006 122.40001 -7.875145
  vertex 10.66224 122.40001 -7.395113
 endloop
endfacet
facet normal -0.26483923 -0 -0.9642926
 outer loop
  vertex 12.41006 163.20001 -7.875145
  vertex 10.66224 122.40001 -7.395113
  vertex 10.66224 163.20001 -7.395113
 endloop
endfacet
facet normal -0.26483923 0 -0.9642926
 outer loop
  vertex 12.41006 122.40001 -7.875145
  vertex 12.41006 81.600006 -7.875145
  vertex 10.66224 81.600006 -7.395113
 endloop
endfacet
facet normal -0.26483923 -0 -0.9642926
 outer loop
  vertex 12.41006 122.40001 -7.875145
  vertex 10.66224 81.600006 -7.395113
  vertex 10.66224 122.40001 -7.395113
 endloop
endfacet
facet normal -0.26483923 0 -0.9642926
 outer loop
  vertex 12.41006 81.600006 -7.875145
  vertex 12.41006 40.800007 -7.875145
  vertex 10.66224 40.800007 -7.395113
 endloop
endfacet
facet normal -0.26483923 -0 -0.9642926
 outer loop
  vertex 12.41006 81.600006 -7.875145
  vertex 10.66224 40.800007 -7.395113
  vertex 10.66224 81.600006 -7.395113
 endloop
endfacet
facet normal -0.26483923 0 -0.9642926
 outer loop
  vertex 12.41006 40.800007 -7.875145
  vertex 12.41006 7.6293945e-06 -7.875145
  vertex 10.66224 7.6293945e-06 -7.395113
 endloop
endfacet
facet normal -0.26483923 -0 -0.9642926
 outer loop
  vertex 12.41006 40.800007 -7.875145
  vertex 10.66224 7.6293945e-06 -7.395113
  vertex 10.66224 40.800007 -7.395113
 endloop
endfacet
facet normal -0.26483923 0 -0.9642926
 outer loop
  vertex 12.41006 7.6293945e-06 -7.875145
  vertex 12.41006 -40.79999 -7.875145
  vertex 10.66224 -40.79999 -7.395113
 endloop
endfacet
facet normal -0.26483923 -0 -0.9642926
 outer loop
  vertex 12.41006 7.6293945e-06 -7.875145
  vertex 10.66224 -40.79999 -7.395113
  vertex 10.66224 7.6293945e-06 -7.395113
 endloop
endfacet
facet normal -0.26483923 0 -0.9642926
 outer loop
  vertex 12.41006 -40.79999 -7.875145
  vertex 12.41006 -81.59999 -7.875145
  vertex 10.66224 -81.59999 -7.395113
 endloop
endfacet
facet normal -0.26483923 -0 -0.9642926
 outer loop
  vertex 12.41006 -40.79999 -7.875145
  vertex 10.66224 -81.59999 -7.395113
  vertex 10.66224 -40.79999 -7.395113
 endloop
endfacet
facet normal -0.26483923 0 -0.9642926
 outer loop
  vertex 12.41006 -81.59999 -7.875145
  vertex 12.41006 -122.399994 -7.875145
  vertex 10.66224 -122.399994 -7.395113
 endloop
endfacet
facet normal -0.26483923 -0 -0.9642926
 outer loop
  vertex 12.41006 -81.59999 -7.875145
  vertex 10.66224 -122.399994 -7.395113
  vertex 10.66224 -81.59999 -7.395113
 endloop
endfacet
facet normal -0.26483923 0 -0.9642926
 outer loop
  vertex 12.41006 -122.399994 -7.875145
  vertex 12.41006 -163.2 -7.875145
  vertex 10.66224 -163.2 -7.395113
 endloop
endfacet
facet normal -0.26483923 -0 -0.9642926
 outer loop
  vertex 12.41006 -122.399994 -7.875145
  vertex 10.66224 -163.2 -7.395113
  vertex 10.66224 -122.399994 -7.395113
 endloop
endfacet
facet normal -0.025857236 0 0.9996657
 outer loop
  vertex 52.99727 204 12.1688
  vertex 48.70627 204 12.05781
  vertex 48.70627 163.20001 12.05781
 endloop
endfacet
facet normal -0.025857236 0 0.9996657
 outer loop
  vertex 52.99727 204 12.1688
  vertex 48.70627 163.20001 12.05781
  vertex 52.99727 163.20001 12.1688
 endloop
endfacet
facet normal -0.025857238 0 0.9996657
 outer loop
  vertex 52.99727 163.20001 12.1688
  vertex 48.70627 163.20001 12.05781
  vertex 48.70627 122.40001 12.05781
 endloop
endfacet
facet normal -0.025857238 0 0.9996657
 outer loop
  vertex 52.99727 163.20001 12.1688
  vertex 48.70627 122.40001 12.05781
  vertex 52.99727 122.40001 12.1688
 endloop
endfacet
facet normal -0.025857238 0 0.9996657
 outer loop
  vertex 52.99727 122.40001 12.1688
  vertex 48.70627 122.40001 12.05781
  vertex 48.70627 81.600006 12.05781
 endloop
endfacet
facet normal -0.025857238 0 0.9996657
 outer loop
  vertex 52.99727 122.40001 12.1688
  vertex 48.70627 81.600006 12.05781
  vertex 52.99727 81.600006 12.1688
 endloop
endfacet
facet normal -0.025857238 0 0.9996657
 outer loop
  vertex 52.99727 81.600006 12.1688
  vertex 48.70627 81.600006 12.05781
  vertex 48.70627 40.800007 12.05781
 endloop
endfacet
facet normal -0.025857238 0 0.9996657
 outer loop
  vertex 52.99727 81.600006 12.1688
  vertex 48.70627 40.800007 12.05781
  vertex 52.99727 40.800007 12.1688
 endloop
endfacet
facet normal -0.025857238 0 0.9996657
 outer loop
  vertex 52.99727 40.800007 12.1688
  vertex 48.70627 40.800007 12.05781
  vertex 48.70627 7.6293945e-06 12.05781
 endloop
endfacet
facet normal -0.025857238 0 0.9996657
 outer loop
  vertex 52.99727 40.800007 12.1688
  vertex 48.70627 7.6293945e-06 12.05781
  vertex 52.99727 7.6293945e-06 12.1688
 endloop
endfacet
facet normal -0.025857238 0 0.9996657
 outer loop
  vertex 52.99727 7.6293945e-06 12.1688
  vertex 48.70627 7.6293945e-06 12.05781
  vertex 48.70627 -40.79999 12.05781
 endloop
endfacet
facet normal -0.025857238 0 0.9996657
 outer loop
  vertex 52.99727 7.6293945e-06 12.1688
  vertex 48.70627 -40.79999 12.05781
  vertex 52.99727 -40.79999 12.1688
 endloop
endfacet
facet normal -0.025857238 0 0.9996657
 outer loop
  vertex 52.99727 -40.79999 12.1688
  vertex 48.70627 -40.79999 12.05781
  vertex 48.70627 -81.59999 12.05781
 endloop
endfacet
facet normal -0.025857238 0 0.9996657
 outer loop
  vertex 52.99727 -40.79999 12.1688
  vertex 48.70627 -81.59999 12.05781
  vertex 52.99727 -81.59999 12.1688
 endloop
endfacet
facet normal -0.025857238 0 0.9996657
 outer loop
  vertex 52.99727 -81.59999 12.1688
  vertex 48.70627 -81.59999 12.05781
  vertex 48.70627 -122.399994 12.05781
 endloop
endfacet
facet normal -0.025857238 0 0.9996657
 outer loop
  vertex 52.99727 -81.59999 12.1688
  vertex 48.70627 -122.399994 12.05781
  vertex 52.99727 -122.399994 12.1688
 endloop
endfacet
facet normal -0.025857238 0 0.9996657
 outer loop
  vertex 52.99727 -122.399994 12.1688
  vertex 48.70627 -122.399994 12.05781
  vertex 48.70627 -163.2 12.05781
 endloop
endfacet
facet normal -0.025857238 0 0.9996657
 outer loop
  vertex 52.99727 -122.399994 12.1688
  vertex 48.70627 -163.2 12.05781
  vertex 52.99727 -163.2 12.1688
 endloop
endfacet
facet normal -0.024310946 -0 -0.9997044
 outer loop
  vertex 48.70627 -204 -12.05781
  vertex 48.70627 -163.2 -12.05781
  vertex 54.01796 -163.2 -12.18698
 endloop
endfacet
facet normal -0.024310946 0 -0.9997044
 outer loop
  vertex 48.70627 -204 -12.05781
  vertex 54.01796 -163.2 -12.18698
  vertex 54.01796 -204 -12.18698
 endloop
endfacet
facet normal -0.024310946 -0 -0.9997044
 outer loop
  vertex 48.70627 -163.2 -12.05781
  vertex 48.70627 -122.399994 -12.05781
  vertex 54.01796 -122.399994 -12.18698
 endloop
endfacet
facet normal -0.024310946 0 -0.9997044
 outer loop
  vertex 48.70627 -163.2 -12.05781
  vertex 54.01796 -122.399994 -12.18698
  vertex 54.01796 -163.2 -12.18698
 endloop
endfacet
facet normal -0.024310946 -0 -0.9997044
 outer loop
  vertex 48.70627 -122.399994 -12.05781
  vertex 48.70627 -81.59999 -12.05781
  vertex 54.01796 -81.59999 -12.18698
 endloop
endfacet
facet normal -0.024310946 0 -0.9997044
 outer loop
  vertex 48.70627 -122.399994 -12.05781
  vertex 54.01796 -81.59999 -12.18698
  vertex 54.01796 -122.399994 -12.18698
 endloop
endfacet
facet normal -0.024310946 -0 -0.9997044
 outer loop
  vertex 48.70627 -81.59999 -12.05781
  vertex 48.70627 -40.79999 -12.05781
  vertex 54.01796 -40.79999 -12.18698
 endloop
endfacet
facet normal -0.024310946 0 -0.9997044
 outer loop
  vertex 48.70627 -81.59999 -12.05781
  vertex 54.01796 -40.79999 -12.18698
  vertex 54.01796 -81.59999 -12.18698
 endloop
endfacet
facet normal -0.024310946 -0 -0.9997044
 outer loop
  vertex 48.70627 -40.79999 -12.05781
  vertex 48.70627 7.6293945e-06 -12.05781
  vertex 54.01796 7.6293945e-06 -12.18698
 endloop
endfacet
facet normal -0.024310946 0 -0.9997044
 outer loop
  vertex 48.70627 -40.79999 -12.05781
  vertex 54.01796 7.6293945e-06 -12.18698
  vertex 54.01796 -40.79999 -12.18698
 endloop
endfacet
facet normal -0.024310946 -0 -0.9997044
 outer loop
  vertex 48.70627 7.6293945e-06 -12.05781
  vertex 48.70627 40.800007 -12.05781
  vertex 54.01796 40.800007 -12.18698
 endloop
endfacet
facet normal -0.024310946 0 -0.9997044
 outer loop
  vertex 48.70627 7.6293945e-06 -12.05781
  vertex 54.01796 40.800007 -12.18698
  vertex 54.01796 7.6293945e-06 -12.18698
 endloop
endfacet
facet normal -0.024310946 -0 -0.9997044
 outer loop
  vertex 48.70627 40.800007 -12.05781
  vertex 48.70627 81.600006 -12.05781
  vertex 54.01796 81.600006 -12.18698
 endloop
endfacet
facet normal -0.024310946 0 -0.9997044
 outer loop
  vertex 48.70627 40.800007 -12.05781
  vertex 54.01796 81.600006 -12.18698
  vertex 54.01796 40.800007 -12.18698
 endloop
endfacet
facet normal -0.024310946 -0 -0.9997044
 outer loop
  vertex 48.70627 81.600006 -12.05781
  vertex 48.70627 122.40001 -12.05781
  vertex 54.01796 122.40001 -12.18698
 endloop
endfacet
facet normal -0.024310946 0 -0.9997044
 outer loop
  vertex 48.70627 81.600006 -12.05781
  vertex 54.01796 122.40001 -12.18698
  vertex 54.01796 81.600006 -12.18698
 endloop
endfacet
facet normal -0.024310946 -0 -0.9997044
 outer loop
  vertex 48.70627 122.40001 -12.05781
  vertex 48.70627 163.20001 -12.05781
  vertex 54.01796 163.20001 -12.18698
 endloop
endfacet
facet normal -0.024310946 0 -0.9997044
 outer loop
  vertex 48.70627 122.40001 -12.05781
  vertex 54.01796 163.20001 -12.18698
  vertex 54.01796 122.40001 -12.18698
 endloop
endfacet
facet normal -0.33696795 0 0.94151616
 outer loop
  vertex 7.64796 204 6.40467
  vertex 7.64796 163.20001 6.40467
  vertex 8.56325 163.20001 6.732251
 endloop
endfacet
facet normal -0.33696795 0 0.94151616
 outer loop
  vertex 7.64796 204 6.40467
  vertex 8.56325 163.20001 6.732251
  vertex 8.56325 204 6.732251
 endloop
endfacet
facet normal -0.33696792 0 0.9415161
 outer loop
  vertex 7.64796 163.20001 6.40467
  vertex 7.64796 122.40001 6.40467
  vertex 8.56325 122.40001 6.732251
 endloop
endfacet
facet normal -0.33696792 0 0.9415161
 outer loop
  vertex 7.64796 163.20001 6.40467
  vertex 8.56325 122.40001 6.732251
  vertex 8.56325 163.20001 6.732251
 endloop
endfacet
facet normal -0.33696792 0 0.9415161
 outer loop
  vertex 7.64796 122.40001 6.40467
  vertex 7.64796 81.600006 6.40467
  vertex 8.56325 81.600006 6.732251
 endloop
endfacet
facet normal -0.33696792 0 0.9415161
 outer loop
  vertex 7.64796 122.40001 6.40467
  vertex 8.56325 81.600006 6.732251
  vertex 8.56325 122.40001 6.732251
 endloop
endfacet
facet normal -0.33696792 0 0.9415161
 outer loop
  vertex 7.64796 81.600006 6.40467
  vertex 7.64796 40.800007 6.40467
  vertex 8.56325 40.800007 6.732251
 endloop
endfacet
facet normal -0.33696792 0 0.9415161
 outer loop
  vertex 7.64796 81.600006 6.40467
  vertex 8.56325 40.800007 6.732251
  vertex 8.56325 81.600006 6.732251
 endloop
endfacet
facet normal -0.33696792 0 0.9415161
 outer loop
  vertex 7.64796 40.800007 6.40467
  vertex 7.64796 7.6293945e-06 6.40467
  vertex 8.56325 7.6293945e-06 6.732251
 endloop
endfacet
facet normal -0.33696792 0 0.9415161
 outer loop
  vertex 7.64796 40.800007 6.40467
  vertex 8.56325 7.6293945e-06 6.732251
  vertex 8.56325 40.800007 6.732251
 endloop
endfacet
facet normal -0.33696792 0 0.9415161
 outer loop
  vertex 7.64796 7.6293945e-06 6.40467
  vertex 7.64796 -40.79999 6.40467
  vertex 8.56325 -40.79999 6.732251
 endloop
endfacet
facet normal -0.33696792 0 0.9415161
 outer loop
  vertex 7.64796 7.6293945e-06 6.40467
  vertex 8.56325 -40.79999 6.732251
  vertex 8.56325 7.6293945e-06 6.732251
 endloop
endfacet
facet normal -0.33696792 0 0.9415161
 outer loop
  vertex 7.64796 -40.79999 6.40467
  vertex 7.64796 -81.59999 6.40467
  vertex 8.56325 -81.59999 6.732251
 endloop
endfacet
facet normal -0.33696792 0 0.9415161
 outer loop
  vertex 7.64796 -40.79999 6.40467
  vertex 8.56325 -81.59999 6.732251
  vertex 8.56325 -40.79999 6.732251
 endloop
endfacet
facet normal -0.33696792 0 0.9415161
 outer loop
  vertex 7.64796 -81.59999 6.40467
  vertex 7.64796 -122.399994 6.40467
  vertex 8.56325 -122.399994 6.732251
 endloop
endfacet
facet normal -0.33696792 0 0.9415161
 outer loop
  vertex 7.64796 -81.59999 6.40467
  vertex 8.56325 -122.399994 6.732251
  vertex 8.56325 -81.59999 6.732251
 endloop
endfacet
facet normal -0.33696792 0 0.9415161
 outer loop
  vertex 7.64796 -122.399994 6.40467
  vertex 7.64796 -163.2 6.40467
  vertex 8.56325 -163.2 6.732251
 endloop
endfacet
facet normal -0.33696792 0 0.9415161
 outer loop
  vertex 7.64796 -122.399994 6.40467
  vertex 8.56325 -163.2 6.732251
  vertex 8.56325 -122.399994 6.732251
 endloop
endfacet
facet normal -0.3014062 0 0.9534958
 outer loop
  vertex 9.05181 204 6.894464
  vertex 9.05181 163.20001 6.894464
  vertex 10.16323 163.20001 7.245791
 endloop
endfacet
facet normal -0.3014062 0 0.9534958
 outer loop
  vertex 9.05181 204 6.894464
  vertex 10.16323 163.20001 7.245791
  vertex 10.16323 204 7.245791
 endloop
endfacet
facet normal -0.3014062 0 0.95349586
 outer loop
  vertex 9.05181 163.20001 6.894464
  vertex 9.05181 122.40001 6.894464
  vertex 10.16323 122.40001 7.245791
 endloop
endfacet
facet normal -0.3014062 0 0.95349586
 outer loop
  vertex 9.05181 163.20001 6.894464
  vertex 10.16323 122.40001 7.245791
  vertex 10.16323 163.20001 7.245791
 endloop
endfacet
facet normal -0.3014062 0 0.95349586
 outer loop
  vertex 9.05181 122.40001 6.894464
  vertex 9.05181 81.600006 6.894464
  vertex 10.16323 81.600006 7.245791
 endloop
endfacet
facet normal -0.3014062 0 0.95349586
 outer loop
  vertex 9.05181 122.40001 6.894464
  vertex 10.16323 81.600006 7.245791
  vertex 10.16323 122.40001 7.245791
 endloop
endfacet
facet normal -0.3014062 0 0.9534958
 outer loop
  vertex 9.05181 81.600006 6.894464
  vertex 9.05181 40.800007 6.894464
  vertex 10.16323 40.800007 7.245791
 endloop
endfacet
facet normal -0.3014062 0 0.9534958
 outer loop
  vertex 9.05181 81.600006 6.894464
  vertex 10.16323 40.800007 7.245791
  vertex 10.16323 81.600006 7.245791
 endloop
endfacet
facet normal -0.3014062 0 0.9534958
 outer loop
  vertex 9.05181 40.800007 6.894464
  vertex 9.05181 7.6293945e-06 6.894464
  vertex 10.16323 7.6293945e-06 7.245791
 endloop
endfacet
facet normal -0.3014062 0 0.9534958
 outer loop
  vertex 9.05181 40.800007 6.894464
  vertex 10.16323 7.6293945e-06 7.245791
  vertex 10.16323 40.800007 7.245791
 endloop
endfacet
facet normal -0.3014062 0 0.9534958
 outer loop
  vertex 9.05181 7.6293945e-06 6.894464
  vertex 9.05181 -40.79999 6.894464
  vertex 10.16323 -40.79999 7.245791
 endloop
endfacet
facet normal -0.3014062 0 0.9534958
 outer loop
  vertex 9.05181 7.6293945e-06 6.894464
  vertex 10.16323 -40.79999 7.245791
  vertex 10.16323 7.6293945e-06 7.245791
 endloop
endfacet
facet normal -0.3014062 0 0.9534958
 outer loop
  vertex 9.05181 -40.79999 6.894464
  vertex 9.05181 -81.59999 6.894464
  vertex 10.16323 -81.59999 7.245791
 endloop
endfacet
facet normal -0.3014062 0 0.9534958
 outer loop
  vertex 9.05181 -40.79999 6.894464
  vertex 10.16323 -81.59999 7.245791
  vertex 10.16323 -40.79999 7.245791
 endloop
endfacet
facet normal -0.3014062 0 0.95349586
 outer loop
  vertex 9.05181 -81.59999 6.894464
  vertex 9.05181 -122.399994 6.894464
  vertex 10.16323 -122.399994 7.245791
 endloop
endfacet
facet normal -0.3014062 0 0.95349586
 outer loop
  vertex 9.05181 -81.59999 6.894464
  vertex 10.16323 -122.399994 7.245791
  vertex 10.16323 -81.59999 7.245791
 endloop
endfacet
facet normal -0.3014062 0 0.95349586
 outer loop
  vertex 9.05181 -122.399994 6.894464
  vertex 9.05181 -163.2 6.894464
  vertex 10.16323 -163.2 7.245791
 endloop
endfacet
facet normal -0.3014062 0 0.95349586
 outer loop
  vertex 9.05181 -122.399994 6.894464
  vertex 10.16323 -163.2 7.245791
  vertex 10.16323 -122.399994 7.245791
 endloop
endfacet
facet normal -0.9987363 0 0.050256804
 outer loop
  vertex 0.01380354 -204 0.274313
  vertex 0.01380354 -163.2 0.274313
  vertex 0 -163.20001 -3.6237682e-14
 endloop
endfacet
facet normal -0.9987363 -1.1159254e-17 0.05025681
 outer loop
  vertex 0.01380354 -204 0.274313
  vertex 0 -163.20001 -3.6237682e-14
  vertex 0 -204 -4.52971e-14
 endloop
endfacet
facet normal -0.9987363 0 0.050256804
 outer loop
  vertex 0.01380354 -163.2 0.274313
  vertex 0.01380354 -122.399994 0.274313
  vertex 0 -122.40001 -2.7178262e-14
 endloop
endfacet
facet normal -0.9987363 -1.1159252e-17 0.050256804
 outer loop
  vertex 0.01380354 -163.2 0.274313
  vertex 0 -122.40001 -2.7178262e-14
  vertex 0 -163.20001 -3.6237682e-14
 endloop
endfacet
facet normal -0.9987363 0 0.050256804
 outer loop
  vertex 0.01380354 -122.399994 0.274313
  vertex 0.01380354 -81.59999 0.274313
  vertex 0 -81.600006 -1.8118841e-14
 endloop
endfacet
facet normal -0.9987363 -1.1159252e-17 0.050256804
 outer loop
  vertex 0.01380354 -122.399994 0.274313
  vertex 0 -81.600006 -1.8118841e-14
  vertex 0 -122.40001 -2.7178262e-14
 endloop
endfacet
facet normal -0.9987363 0 0.050256815
 outer loop
  vertex 0.01380354 -81.59999 0.274313
  vertex 0.01380354 -40.79999 0.274313
  vertex 0 -40.800007 -9.059421e-15
 endloop
endfacet
facet normal -0.9987363 -1.1159255e-17 0.050256815
 outer loop
  vertex 0.01380354 -81.59999 0.274313
  vertex 0 -40.800007 -9.059421e-15
  vertex 0 -81.600006 -1.8118841e-14
 endloop
endfacet
facet normal -0.9987363 0 0.050256815
 outer loop
  vertex 0.01380354 -40.79999 0.274313
  vertex 0.01380354 7.6293945e-06 0.274313
  vertex 0 -7.6293945e-06 -1.6940659e-21
 endloop
endfacet
facet normal -0.9987363 -1.1159255e-17 0.050256815
 outer loop
  vertex 0.01380354 -40.79999 0.274313
  vertex 0 -7.6293945e-06 -1.6940659e-21
  vertex 0 -40.800007 -9.059421e-15
 endloop
endfacet
facet normal -0.9987363 0 0.050256815
 outer loop
  vertex 0.01380354 7.6293945e-06 0.274313
  vertex 0.01380354 40.800007 0.274313
  vertex 0 40.79999 9.059418e-15
 endloop
endfacet
facet normal -0.9987363 -1.1159255e-17 0.050256815
 outer loop
  vertex 0.01380354 7.6293945e-06 0.274313
  vertex 0 40.79999 9.059418e-15
  vertex 0 -7.6293945e-06 -1.6940659e-21
 endloop
endfacet
facet normal -0.9987363 0 0.050256815
 outer loop
  vertex 0.01380354 40.800007 0.274313
  vertex 0.01380354 81.600006 0.274313
  vertex 0 81.59999 1.8118838e-14
 endloop
endfacet
facet normal -0.9987363 -1.1159255e-17 0.050256815
 outer loop
  vertex 0.01380354 40.800007 0.274313
  vertex 0 81.59999 1.8118838e-14
  vertex 0 40.79999 9.059418e-15
 endloop
endfacet
facet normal -0.9987363 0 0.050256804
 outer loop
  vertex 0.01380354 81.600006 0.274313
  vertex 0.01380354 122.40001 0.274313
  vertex 0 122.399994 2.7178258e-14
 endloop
endfacet
facet normal -0.9987363 -1.1159252e-17 0.050256804
 outer loop
  vertex 0.01380354 81.600006 0.274313
  vertex 0 122.399994 2.7178258e-14
  vertex 0 81.59999 1.8118838e-14
 endloop
endfacet
facet normal -0.9987363 0 0.050256804
 outer loop
  vertex 0.01380354 122.40001 0.274313
  vertex 0.01380354 163.20001 0.274313
  vertex 0 163.2 3.623768e-14
 endloop
endfacet
facet normal -0.9987363 -1.1159252e-17 0.050256804
 outer loop
  vertex 0.01380354 122.40001 0.274313
  vertex 0 163.2 3.623768e-14
  vertex 0 122.399994 2.7178258e-14
 endloop
endfacet
facet normal -0.9987363 0 -0.05025681
 outer loop
  vertex 0.01380354 204 -0.274313
  vertex 0.01380354 163.20001 -0.274313
  vertex 0 163.2 3.623768e-14
 endloop
endfacet
facet normal -0.9987363 1.1159252e-17 -0.050256804
 outer loop
  vertex 0.01380354 204 -0.274313
  vertex 0 163.2 3.623768e-14
  vertex 0 204 4.52971e-14
 endloop
endfacet
facet normal -0.9987363 0 -0.050256804
 outer loop
  vertex 0.01380354 163.20001 -0.274313
  vertex 0.01380354 122.40001 -0.274313
  vertex 0 122.399994 2.7178258e-14
 endloop
endfacet
facet normal -0.9987363 1.1159252e-17 -0.050256804
 outer loop
  vertex 0.01380354 163.20001 -0.274313
  vertex 0 122.399994 2.7178258e-14
  vertex 0 163.2 3.623768e-14
 endloop
endfacet
facet normal -0.9987363 0 -0.050256804
 outer loop
  vertex 0.01380354 122.40001 -0.274313
  vertex 0.01380354 81.600006 -0.274313
  vertex 0 81.59999 1.8118838e-14
 endloop
endfacet
facet normal -0.9987363 1.1159252e-17 -0.050256804
 outer loop
  vertex 0.01380354 122.40001 -0.274313
  vertex 0 81.59999 1.8118838e-14
  vertex 0 122.399994 2.7178258e-14
 endloop
endfacet
facet normal -0.9987363 0 -0.050256815
 outer loop
  vertex 0.01380354 81.600006 -0.274313
  vertex 0.01380354 40.800007 -0.274313
  vertex 0 40.79999 9.059418e-15
 endloop
endfacet
facet normal -0.9987363 1.1159255e-17 -0.050256815
 outer loop
  vertex 0.01380354 81.600006 -0.274313
  vertex 0 40.79999 9.059418e-15
  vertex 0 81.59999 1.8118838e-14
 endloop
endfacet
facet normal -0.9987363 0 -0.050256815
 outer loop
  vertex 0.01380354 40.800007 -0.274313
  vertex 0.01380354 7.6293945e-06 -0.274313
  vertex 0 -7.6293945e-06 -1.6940659e-21
 endloop
endfacet
facet normal -0.9987363 1.1159255e-17 -0.050256815
 outer loop
  vertex 0.01380354 40.800007 -0.274313
  vertex 0 -7.6293945e-06 -1.6940659e-21
  vertex 0 40.79999 9.059418e-15
 endloop
endfacet
facet normal -0.9987363 0 -0.050256815
 outer loop
  vertex 0.01380354 7.6293945e-06 -0.274313
  vertex 0.01380354 -40.79999 -0.274313
  vertex 0 -40.800007 -9.059421e-15
 endloop
endfacet
facet normal -0.9987363 1.1159255e-17 -0.050256815
 outer loop
  vertex 0.01380354 7.6293945e-06 -0.274313
  vertex 0 -40.800007 -9.059421e-15
  vertex 0 -7.6293945e-06 -1.6940659e-21
 endloop
endfacet
facet normal -0.9987363 0 -0.050256815
 outer loop
  vertex 0.01380354 -40.79999 -0.274313
  vertex 0.01380354 -81.59999 -0.274313
  vertex 0 -81.600006 -1.8118841e-14
 endloop
endfacet
facet normal -0.9987363 1.1159255e-17 -0.050256815
 outer loop
  vertex 0.01380354 -40.79999 -0.274313
  vertex 0 -81.600006 -1.8118841e-14
  vertex 0 -40.800007 -9.059421e-15
 endloop
endfacet
facet normal -0.9987363 0 -0.050256804
 outer loop
  vertex 0.01380354 -81.59999 -0.274313
  vertex 0.01380354 -122.399994 -0.274313
  vertex 0 -122.40001 -2.7178262e-14
 endloop
endfacet
facet normal -0.9987363 1.1159252e-17 -0.050256804
 outer loop
  vertex 0.01380354 -81.59999 -0.274313
  vertex 0 -122.40001 -2.7178262e-14
  vertex 0 -81.600006 -1.8118841e-14
 endloop
endfacet
facet normal -0.9987363 0 -0.050256804
 outer loop
  vertex 0.01380354 -122.399994 -0.274313
  vertex 0.01380354 -163.2 -0.274313
  vertex 0 -163.20001 -3.6237682e-14
 endloop
endfacet
facet normal -0.9987363 1.1159252e-17 -0.050256804
 outer loop
  vertex 0.01380354 -122.399994 -0.274313
  vertex 0 -163.20001 -3.6237682e-14
  vertex 0 -122.40001 -2.7178262e-14
 endloop
endfacet
facet normal -0.83247244 0 0.5540664
 outer loop
  vertex 0.792426 -204 2.16253
  vertex 0.792426 -163.2 2.16253
  vertex 0.5058168 -163.2 1.731906
 endloop
endfacet
facet normal -0.83247244 0 0.5540664
 outer loop
  vertex 0.792426 -204 2.16253
  vertex 0.5058168 -163.2 1.731906
  vertex 0.5058168 -204 1.731906
 endloop
endfacet
facet normal -0.83247244 0 0.5540664
 outer loop
  vertex 0.792426 -163.2 2.16253
  vertex 0.792426 -122.399994 2.16253
  vertex 0.5058168 -122.399994 1.731906
 endloop
endfacet
facet normal -0.83247244 0 0.5540664
 outer loop
  vertex 0.792426 -163.2 2.16253
  vertex 0.5058168 -122.399994 1.731906
  vertex 0.5058168 -163.2 1.731906
 endloop
endfacet
facet normal -0.83247244 0 0.5540664
 outer loop
  vertex 0.792426 -122.399994 2.16253
  vertex 0.792426 -81.59999 2.16253
  vertex 0.5058168 -81.59999 1.731906
 endloop
endfacet
facet normal -0.83247244 0 0.5540664
 outer loop
  vertex 0.792426 -122.399994 2.16253
  vertex 0.5058168 -81.59999 1.731906
  vertex 0.5058168 -122.399994 1.731906
 endloop
endfacet
facet normal -0.83247244 0 0.5540664
 outer loop
  vertex 0.792426 -81.59999 2.16253
  vertex 0.792426 -40.79999 2.16253
  vertex 0.5058168 -40.79999 1.731906
 endloop
endfacet
facet normal -0.83247244 0 0.5540664
 outer loop
  vertex 0.792426 -81.59999 2.16253
  vertex 0.5058168 -40.79999 1.731906
  vertex 0.5058168 -81.59999 1.731906
 endloop
endfacet
facet normal -0.83247244 0 0.5540664
 outer loop
  vertex 0.792426 -40.79999 2.16253
  vertex 0.792426 7.6293945e-06 2.16253
  vertex 0.5058168 7.6293945e-06 1.731906
 endloop
endfacet
facet normal -0.83247244 0 0.5540664
 outer loop
  vertex 0.792426 -40.79999 2.16253
  vertex 0.5058168 7.6293945e-06 1.731906
  vertex 0.5058168 -40.79999 1.731906
 endloop
endfacet
facet normal -0.83247244 0 0.5540664
 outer loop
  vertex 0.792426 7.6293945e-06 2.16253
  vertex 0.792426 40.800007 2.16253
  vertex 0.5058168 40.800007 1.731906
 endloop
endfacet
facet normal -0.83247244 0 0.5540664
 outer loop
  vertex 0.792426 7.6293945e-06 2.16253
  vertex 0.5058168 40.800007 1.731906
  vertex 0.5058168 7.6293945e-06 1.731906
 endloop
endfacet
facet normal -0.83247244 0 0.5540664
 outer loop
  vertex 0.792426 40.800007 2.16253
  vertex 0.792426 81.600006 2.16253
  vertex 0.5058168 81.600006 1.731906
 endloop
endfacet
facet normal -0.83247244 0 0.5540664
 outer loop
  vertex 0.792426 40.800007 2.16253
  vertex 0.5058168 81.600006 1.731906
  vertex 0.5058168 40.800007 1.731906
 endloop
endfacet
facet normal -0.83247244 0 0.5540664
 outer loop
  vertex 0.792426 81.600006 2.16253
  vertex 0.792426 122.40001 2.16253
  vertex 0.5058168 122.40001 1.731906
 endloop
endfacet
facet normal -0.83247244 0 0.5540664
 outer loop
  vertex 0.792426 81.600006 2.16253
  vertex 0.5058168 122.40001 1.731906
  vertex 0.5058168 81.600006 1.731906
 endloop
endfacet
facet normal -0.83247244 0 0.5540664
 outer loop
  vertex 0.792426 122.40001 2.16253
  vertex 0.792426 163.20001 2.16253
  vertex 0.5058168 163.20001 1.731906
 endloop
endfacet
facet normal -0.83247244 0 0.5540664
 outer loop
  vertex 0.792426 122.40001 2.16253
  vertex 0.5058168 163.20001 1.731906
  vertex 0.5058168 122.40001 1.731906
 endloop
endfacet
facet normal -0.89511096 -0 -0.4458434
 outer loop
  vertex 0.3056599 -204 -1.330055
  vertex 0.3056599 -163.2 -1.330055
  vertex 0.5058168 -163.2 -1.731906
 endloop
endfacet
facet normal -0.89511096 0 -0.4458434
 outer loop
  vertex 0.3056599 -204 -1.330055
  vertex 0.5058168 -163.2 -1.731906
  vertex 0.5058168 -204 -1.731906
 endloop
endfacet
facet normal -0.89511096 -0 -0.4458434
 outer loop
  vertex 0.3056599 -163.2 -1.330055
  vertex 0.3056599 -122.399994 -1.330055
  vertex 0.5058168 -122.399994 -1.731906
 endloop
endfacet
facet normal -0.89511096 0 -0.4458434
 outer loop
  vertex 0.3056599 -163.2 -1.330055
  vertex 0.5058168 -122.399994 -1.731906
  vertex 0.5058168 -163.2 -1.731906
 endloop
endfacet
facet normal -0.89511096 -0 -0.4458434
 outer loop
  vertex 0.3056599 -122.399994 -1.330055
  vertex 0.3056599 -81.59999 -1.330055
  vertex 0.5058168 -81.59999 -1.731906
 endloop
endfacet
facet normal -0.89511096 0 -0.4458434
 outer loop
  vertex 0.3056599 -122.399994 -1.330055
  vertex 0.5058168 -81.59999 -1.731906
  vertex 0.5058168 -122.399994 -1.731906
 endloop
endfacet
facet normal -0.89511096 -0 -0.44584346
 outer loop
  vertex 0.3056599 -81.59999 -1.330055
  vertex 0.3056599 -40.79999 -1.330055
  vertex 0.5058168 -40.79999 -1.731906
 endloop
endfacet
facet normal -0.89511096 0 -0.44584346
 outer loop
  vertex 0.3056599 -81.59999 -1.330055
  vertex 0.5058168 -40.79999 -1.731906
  vertex 0.5058168 -81.59999 -1.731906
 endloop
endfacet
facet normal -0.89511096 -0 -0.44584346
 outer loop
  vertex 0.3056599 -40.79999 -1.330055
  vertex 0.3056599 7.6293945e-06 -1.330055
  vertex 0.5058168 7.6293945e-06 -1.731906
 endloop
endfacet
facet normal -0.89511096 0 -0.44584346
 outer loop
  vertex 0.3056599 -40.79999 -1.330055
  vertex 0.5058168 7.6293945e-06 -1.731906
  vertex 0.5058168 -40.79999 -1.731906
 endloop
endfacet
facet normal -0.89511096 -0 -0.44584346
 outer loop
  vertex 0.3056599 7.6293945e-06 -1.330055
  vertex 0.3056599 40.800007 -1.330055
  vertex 0.5058168 40.800007 -1.731906
 endloop
endfacet
facet normal -0.89511096 0 -0.44584346
 outer loop
  vertex 0.3056599 7.6293945e-06 -1.330055
  vertex 0.5058168 40.800007 -1.731906
  vertex 0.5058168 7.6293945e-06 -1.731906
 endloop
endfacet
facet normal -0.89511096 -0 -0.44584346
 outer loop
  vertex 0.3056599 40.800007 -1.330055
  vertex 0.3056599 81.600006 -1.330055
  vertex 0.5058168 81.600006 -1.731906
 endloop
endfacet
facet normal -0.89511096 0 -0.44584346
 outer loop
  vertex 0.3056599 40.800007 -1.330055
  vertex 0.5058168 81.600006 -1.731906
  vertex 0.5058168 40.800007 -1.731906
 endloop
endfacet
facet normal -0.89511096 -0 -0.4458434
 outer loop
  vertex 0.3056599 81.600006 -1.330055
  vertex 0.3056599 122.40001 -1.330055
  vertex 0.5058168 122.40001 -1.731906
 endloop
endfacet
facet normal -0.89511096 0 -0.4458434
 outer loop
  vertex 0.3056599 81.600006 -1.330055
  vertex 0.5058168 122.40001 -1.731906
  vertex 0.5058168 81.600006 -1.731906
 endloop
endfacet
facet normal -0.89511096 -0 -0.4458434
 outer loop
  vertex 0.3056599 122.40001 -1.330055
  vertex 0.3056599 163.20001 -1.330055
  vertex 0.5058168 163.20001 -1.731906
 endloop
endfacet
facet normal -0.89511096 0 -0.4458434
 outer loop
  vertex 0.3056599 122.40001 -1.330055
  vertex 0.5058168 163.20001 -1.731906
  vertex 0.5058168 122.40001 -1.731906
 endloop
endfacet
facet normal 0.05697823 0 -0.9983754
 outer loop
  vertex 90.88878 204 -11.42563
  vertex 103.0405 204 -10.73212
  vertex 103.0405 163.2 -10.73212
 endloop
endfacet
facet normal 0.05697823 0 -0.9983754
 outer loop
  vertex 90.88878 204 -11.42563
  vertex 103.0405 163.2 -10.73212
  vertex 90.88878 163.2 -11.42563
 endloop
endfacet
facet normal 0.05697823 0 -0.9983754
 outer loop
  vertex 90.88878 163.2 -11.42563
  vertex 103.0405 163.2 -10.73212
  vertex 103.0405 122.399994 -10.73212
 endloop
endfacet
facet normal 0.05697823 0 -0.9983754
 outer loop
  vertex 90.88878 163.2 -11.42563
  vertex 103.0405 122.399994 -10.73212
  vertex 90.88878 122.399994 -11.42563
 endloop
endfacet
facet normal 0.05697823 0 -0.9983754
 outer loop
  vertex 90.88878 122.399994 -11.42563
  vertex 103.0405 122.399994 -10.73212
  vertex 103.0405 81.59999 -10.73212
 endloop
endfacet
facet normal 0.05697823 0 -0.9983754
 outer loop
  vertex 90.88878 122.399994 -11.42563
  vertex 103.0405 81.59999 -10.73212
  vertex 90.88878 81.59999 -11.42563
 endloop
endfacet
facet normal 0.05697823 0 -0.9983754
 outer loop
  vertex 90.88878 81.59999 -11.42563
  vertex 103.0405 81.59999 -10.73212
  vertex 103.0405 40.79999 -10.73212
 endloop
endfacet
facet normal 0.05697823 0 -0.9983754
 outer loop
  vertex 90.88878 81.59999 -11.42563
  vertex 103.0405 40.79999 -10.73212
  vertex 90.88878 40.79999 -11.42563
 endloop
endfacet
facet normal 0.05697823 0 -0.9983754
 outer loop
  vertex 90.88878 40.79999 -11.42563
  vertex 103.0405 40.79999 -10.73212
  vertex 103.0405 -7.6293945e-06 -10.73212
 endloop
endfacet
facet normal 0.05697823 0 -0.9983754
 outer loop
  vertex 90.88878 40.79999 -11.42563
  vertex 103.0405 -7.6293945e-06 -10.73212
  vertex 90.88878 -7.6293945e-06 -11.42563
 endloop
endfacet
facet normal 0.05697823 0 -0.9983754
 outer loop
  vertex 90.88878 -7.6293945e-06 -11.42563
  vertex 103.0405 -7.6293945e-06 -10.73212
  vertex 103.0405 -40.800007 -10.73212
 endloop
endfacet
facet normal 0.05697823 0 -0.9983754
 outer loop
  vertex 90.88878 -7.6293945e-06 -11.42563
  vertex 103.0405 -40.800007 -10.73212
  vertex 90.88878 -40.800007 -11.42563
 endloop
endfacet
facet normal 0.05697823 0 -0.9983754
 outer loop
  vertex 90.88878 -40.800007 -11.42563
  vertex 103.0405 -40.800007 -10.73212
  vertex 103.0405 -81.600006 -10.73212
 endloop
endfacet
facet normal 0.05697823 0 -0.9983754
 outer loop
  vertex 90.88878 -40.800007 -11.42563
  vertex 103.0405 -81.600006 -10.73212
  vertex 90.88878 -81.600006 -11.42563
 endloop
endfacet
facet normal 0.05697823 0 -0.9983754
 outer loop
  vertex 90.88878 -81.600006 -11.42563
  vertex 103.0405 -81.600006 -10.73212
  vertex 103.0405 -122.40001 -10.73212
 endloop
endfacet
facet normal 0.05697823 0 -0.9983754
 outer loop
  vertex 90.88878 -81.600006 -11.42563
  vertex 103.0405 -122.40001 -10.73212
  vertex 90.88878 -122.40001 -11.42563
 endloop
endfacet
facet normal 0.05697823 0 -0.9983754
 outer loop
  vertex 90.88878 -122.40001 -11.42563
  vertex 103.0405 -122.40001 -10.73212
  vertex 103.0405 -163.20001 -10.73212
 endloop
endfacet
facet normal 0.05697823 0 -0.9983754
 outer loop
  vertex 90.88878 -122.40001 -11.42563
  vertex 103.0405 -163.20001 -10.73212
  vertex 90.88878 -163.20001 -11.42563
 endloop
endfacet
facet normal 0.07776063 -0 0.9969721
 outer loop
  vertex 107.9817 204 10.40418
  vertex 107.9817 163.20001 10.40418
  vertex 127.5457 163.2 8.87825
 endloop
endfacet
facet normal 0.07776063 0 0.9969721
 outer loop
  vertex 107.9817 204 10.40418
  vertex 127.5457 163.2 8.87825
  vertex 127.5457 204 8.87825
 endloop
endfacet
facet normal 0.07776063 -0 0.9969721
 outer loop
  vertex 107.9817 163.20001 10.40418
  vertex 107.9817 122.40001 10.40418
  vertex 127.5457 122.399994 8.87825
 endloop
endfacet
facet normal 0.07776063 0 0.9969721
 outer loop
  vertex 107.9817 163.20001 10.40418
  vertex 127.5457 122.399994 8.87825
  vertex 127.5457 163.2 8.87825
 endloop
endfacet
facet normal 0.07776063 -0 0.9969721
 outer loop
  vertex 107.9817 122.40001 10.40418
  vertex 107.9817 81.600006 10.40418
  vertex 127.5457 81.59999 8.87825
 endloop
endfacet
facet normal 0.07776063 0 0.9969721
 outer loop
  vertex 107.9817 122.40001 10.40418
  vertex 127.5457 81.59999 8.87825
  vertex 127.5457 122.399994 8.87825
 endloop
endfacet
facet normal 0.077760614 -0 0.996972
 outer loop
  vertex 107.9817 81.600006 10.40418
  vertex 107.9817 40.800007 10.40418
  vertex 127.5457 40.79999 8.87825
 endloop
endfacet
facet normal 0.077760614 0 0.996972
 outer loop
  vertex 107.9817 81.600006 10.40418
  vertex 127.5457 40.79999 8.87825
  vertex 127.5457 81.59999 8.87825
 endloop
endfacet
facet normal 0.077760614 -0 0.996972
 outer loop
  vertex 107.9817 40.800007 10.40418
  vertex 107.9817 7.6293945e-06 10.40418
  vertex 127.5457 -7.6293945e-06 8.87825
 endloop
endfacet
facet normal 0.077760614 0 0.996972
 outer loop
  vertex 107.9817 40.800007 10.40418
  vertex 127.5457 -7.6293945e-06 8.87825
  vertex 127.5457 40.79999 8.87825
 endloop
endfacet
facet normal 0.077760614 -0 0.996972
 outer loop
  vertex 107.9817 7.6293945e-06 10.40418
  vertex 107.9817 -40.79999 10.40418
  vertex 127.5457 -40.800007 8.87825
 endloop
endfacet
facet normal 0.077760614 0 0.996972
 outer loop
  vertex 107.9817 7.6293945e-06 10.40418
  vertex 127.5457 -40.800007 8.87825
  vertex 127.5457 -7.6293945e-06 8.87825
 endloop
endfacet
facet normal 0.077760614 -0 0.996972
 outer loop
  vertex 107.9817 -40.79999 10.40418
  vertex 107.9817 -81.59999 10.40418
  vertex 127.5457 -81.600006 8.87825
 endloop
endfacet
facet normal 0.077760614 0 0.996972
 outer loop
  vertex 107.9817 -40.79999 10.40418
  vertex 127.5457 -81.600006 8.87825
  vertex 127.5457 -40.800007 8.87825
 endloop
endfacet
facet normal 0.07776063 -0 0.9969721
 outer loop
  vertex 107.9817 -81.59999 10.40418
  vertex 107.9817 -122.399994 10.40418
  vertex 127.5457 -122.40001 8.87825
 endloop
endfacet
facet normal 0.07776063 0 0.9969721
 outer loop
  vertex 107.9817 -81.59999 10.40418
  vertex 127.5457 -122.40001 8.87825
  vertex 127.5457 -81.600006 8.87825
 endloop
endfacet
facet normal 0.07776063 -0 0.9969721
 outer loop
  vertex 107.9817 -122.399994 10.40418
  vertex 107.9817 -163.2 10.40418
  vertex 127.5457 -163.20001 8.87825
 endloop
endfacet
facet normal 0.07776063 0 0.9969721
 outer loop
  vertex 107.9817 -122.399994 10.40418
  vertex 127.5457 -163.20001 8.87825
  vertex 127.5457 -122.40001 8.87825
 endloop
endfacet
facet normal 0.11324874 0 -0.99356663
 outer loop
  vertex 176.0895 204 -3.871126
  vertex 176.0895 163.20001 -3.871126
  vertex 161.1574 163.20001 -5.573117
 endloop
endfacet
facet normal 0.11324874 0 -0.99356663
 outer loop
  vertex 176.0895 204 -3.871126
  vertex 161.1574 163.20001 -5.573117
  vertex 161.1574 204 -5.573117
 endloop
endfacet
facet normal 0.113248736 0 -0.99356663
 outer loop
  vertex 176.0895 163.20001 -3.871126
  vertex 176.0895 122.40001 -3.871126
  vertex 161.1574 122.40001 -5.573117
 endloop
endfacet
facet normal 0.113248736 0 -0.99356663
 outer loop
  vertex 176.0895 163.20001 -3.871126
  vertex 161.1574 122.40001 -5.573117
  vertex 161.1574 163.20001 -5.573117
 endloop
endfacet
facet normal 0.113248736 0 -0.99356663
 outer loop
  vertex 176.0895 122.40001 -3.871126
  vertex 176.0895 81.600006 -3.871126
  vertex 161.1574 81.600006 -5.573117
 endloop
endfacet
facet normal 0.113248736 0 -0.99356663
 outer loop
  vertex 176.0895 122.40001 -3.871126
  vertex 161.1574 81.600006 -5.573117
  vertex 161.1574 122.40001 -5.573117
 endloop
endfacet
facet normal 0.113248736 0 -0.99356663
 outer loop
  vertex 176.0895 81.600006 -3.871126
  vertex 176.0895 40.800007 -3.871126
  vertex 161.1574 40.800007 -5.573117
 endloop
endfacet
facet normal 0.113248736 0 -0.99356663
 outer loop
  vertex 176.0895 81.600006 -3.871126
  vertex 161.1574 40.800007 -5.573117
  vertex 161.1574 81.600006 -5.573117
 endloop
endfacet
facet normal 0.113248736 0 -0.99356663
 outer loop
  vertex 176.0895 40.800007 -3.871126
  vertex 176.0895 7.6293945e-06 -3.871126
  vertex 161.1574 7.6293945e-06 -5.573117
 endloop
endfacet
facet normal 0.113248736 0 -0.99356663
 outer loop
  vertex 176.0895 40.800007 -3.871126
  vertex 161.1574 7.6293945e-06 -5.573117
  vertex 161.1574 40.800007 -5.573117
 endloop
endfacet
facet normal 0.113248736 0 -0.99356663
 outer loop
  vertex 176.0895 7.6293945e-06 -3.871126
  vertex 176.0895 -40.79999 -3.871126
  vertex 161.1574 -40.79999 -5.573117
 endloop
endfacet
facet normal 0.113248736 0 -0.99356663
 outer loop
  vertex 176.0895 7.6293945e-06 -3.871126
  vertex 161.1574 -40.79999 -5.573117
  vertex 161.1574 7.6293945e-06 -5.573117
 endloop
endfacet
facet normal 0.113248736 0 -0.99356663
 outer loop
  vertex 176.0895 -40.79999 -3.871126
  vertex 176.0895 -81.59999 -3.871126
  vertex 161.1574 -81.59999 -5.573117
 endloop
endfacet
facet normal 0.113248736 0 -0.99356663
 outer loop
  vertex 176.0895 -40.79999 -3.871126
  vertex 161.1574 -81.59999 -5.573117
  vertex 161.1574 -40.79999 -5.573117
 endloop
endfacet
facet normal 0.113248736 0 -0.99356663
 outer loop
  vertex 176.0895 -81.59999 -3.871126
  vertex 176.0895 -122.399994 -3.871126
  vertex 161.1574 -122.399994 -5.573117
 endloop
endfacet
facet normal 0.113248736 0 -0.99356663
 outer loop
  vertex 176.0895 -81.59999 -3.871126
  vertex 161.1574 -122.399994 -5.573117
  vertex 161.1574 -81.59999 -5.573117
 endloop
endfacet
facet normal 0.113248736 0 -0.99356663
 outer loop
  vertex 176.0895 -122.399994 -3.871126
  vertex 176.0895 -163.2 -3.871126
  vertex 161.1574 -163.2 -5.573117
 endloop
endfacet
facet normal 0.113248736 0 -0.99356663
 outer loop
  vertex 176.0895 -122.399994 -3.871126
  vertex 161.1574 -163.2 -5.573117
  vertex 161.1574 -122.399994 -5.573117
 endloop
endfacet
facet normal -0.20015731 0 0.97976375
 outer loop
  vertex 17.51315 204 9.02066
  vertex 15.50211 204 8.609822
  vertex 15.50211 163.2 8.609822
 endloop
endfacet
facet normal -0.20015731 0 0.97976375
 outer loop
  vertex 17.51315 204 9.02066
  vertex 15.50211 163.2 8.609822
  vertex 17.51315 163.20001 9.02066
 endloop
endfacet
facet normal -0.20015731 0 0.97976375
 outer loop
  vertex 17.51315 163.20001 9.02066
  vertex 15.50211 163.2 8.609822
  vertex 15.50211 122.399994 8.609822
 endloop
endfacet
facet normal -0.20015731 0 0.97976375
 outer loop
  vertex 17.51315 163.20001 9.02066
  vertex 15.50211 122.399994 8.609822
  vertex 17.51315 122.40001 9.02066
 endloop
endfacet
facet normal -0.20015731 0 0.97976375
 outer loop
  vertex 17.51315 122.40001 9.02066
  vertex 15.50211 122.399994 8.609822
  vertex 15.50211 81.59999 8.609822
 endloop
endfacet
facet normal -0.20015731 0 0.97976375
 outer loop
  vertex 17.51315 122.40001 9.02066
  vertex 15.50211 81.59999 8.609822
  vertex 17.51315 81.600006 9.02066
 endloop
endfacet
facet normal -0.2001573 0 0.97976375
 outer loop
  vertex 17.51315 81.600006 9.02066
  vertex 15.50211 81.59999 8.609822
  vertex 15.50211 40.79999 8.609822
 endloop
endfacet
facet normal -0.2001573 0 0.97976375
 outer loop
  vertex 17.51315 81.600006 9.02066
  vertex 15.50211 40.79999 8.609822
  vertex 17.51315 40.800007 9.02066
 endloop
endfacet
facet normal -0.2001573 0 0.97976375
 outer loop
  vertex 17.51315 40.800007 9.02066
  vertex 15.50211 40.79999 8.609822
  vertex 15.50211 -7.6293945e-06 8.609822
 endloop
endfacet
facet normal -0.2001573 0 0.97976375
 outer loop
  vertex 17.51315 40.800007 9.02066
  vertex 15.50211 -7.6293945e-06 8.609822
  vertex 17.51315 7.6293945e-06 9.02066
 endloop
endfacet
facet normal -0.2001573 0 0.97976375
 outer loop
  vertex 17.51315 7.6293945e-06 9.02066
  vertex 15.50211 -7.6293945e-06 8.609822
  vertex 15.50211 -40.800007 8.609822
 endloop
endfacet
facet normal -0.2001573 0 0.97976375
 outer loop
  vertex 17.51315 7.6293945e-06 9.02066
  vertex 15.50211 -40.800007 8.609822
  vertex 17.51315 -40.79999 9.02066
 endloop
endfacet
facet normal -0.2001573 0 0.97976375
 outer loop
  vertex 17.51315 -40.79999 9.02066
  vertex 15.50211 -40.800007 8.609822
  vertex 15.50211 -81.600006 8.609822
 endloop
endfacet
facet normal -0.2001573 0 0.97976375
 outer loop
  vertex 17.51315 -40.79999 9.02066
  vertex 15.50211 -81.600006 8.609822
  vertex 17.51315 -81.59999 9.02066
 endloop
endfacet
facet normal -0.20015731 0 0.97976375
 outer loop
  vertex 17.51315 -81.59999 9.02066
  vertex 15.50211 -81.600006 8.609822
  vertex 15.50211 -122.40001 8.609822
 endloop
endfacet
facet normal -0.20015731 0 0.97976375
 outer loop
  vertex 17.51315 -81.59999 9.02066
  vertex 15.50211 -122.40001 8.609822
  vertex 17.51315 -122.399994 9.02066
 endloop
endfacet
facet normal -0.20015731 0 0.97976375
 outer loop
  vertex 17.51315 -122.399994 9.02066
  vertex 15.50211 -122.40001 8.609822
  vertex 15.50211 -163.20001 8.609822
 endloop
endfacet
facet normal -0.20015731 0 0.97976375
 outer loop
  vertex 17.51315 -122.399994 9.02066
  vertex 15.50211 -163.20001 8.609822
  vertex 17.51315 -163.2 9.02066
 endloop
endfacet
facet normal -0.35903588 -0 -0.9333238
 outer loop
  vertex 6.689208 -204 -6.035852
  vertex 6.689208 -163.2 -6.035852
  vertex 7.64796 -163.2 -6.40467
 endloop
endfacet
facet normal -0.35903588 0 -0.9333238
 outer loop
  vertex 6.689208 -204 -6.035852
  vertex 7.64796 -163.2 -6.40467
  vertex 7.64796 -204 -6.40467
 endloop
endfacet
facet normal -0.35903588 -0 -0.9333238
 outer loop
  vertex 6.689208 -163.2 -6.035852
  vertex 6.689208 -122.399994 -6.035852
  vertex 7.64796 -122.399994 -6.40467
 endloop
endfacet
facet normal -0.35903588 0 -0.9333238
 outer loop
  vertex 6.689208 -163.2 -6.035852
  vertex 7.64796 -122.399994 -6.40467
  vertex 7.64796 -163.2 -6.40467
 endloop
endfacet
facet normal -0.35903588 -0 -0.9333238
 outer loop
  vertex 6.689208 -122.399994 -6.035852
  vertex 6.689208 -81.59999 -6.035852
  vertex 7.64796 -81.59999 -6.40467
 endloop
endfacet
facet normal -0.35903588 0 -0.9333238
 outer loop
  vertex 6.689208 -122.399994 -6.035852
  vertex 7.64796 -81.59999 -6.40467
  vertex 7.64796 -122.399994 -6.40467
 endloop
endfacet
facet normal -0.35903585 -0 -0.9333237
 outer loop
  vertex 6.689208 -81.59999 -6.035852
  vertex 6.689208 -40.79999 -6.035852
  vertex 7.64796 -40.79999 -6.40467
 endloop
endfacet
facet normal -0.35903585 0 -0.9333237
 outer loop
  vertex 6.689208 -81.59999 -6.035852
  vertex 7.64796 -40.79999 -6.40467
  vertex 7.64796 -81.59999 -6.40467
 endloop
endfacet
facet normal -0.35903585 -0 -0.9333237
 outer loop
  vertex 6.689208 -40.79999 -6.035852
  vertex 6.689208 7.6293945e-06 -6.035852
  vertex 7.64796 7.6293945e-06 -6.40467
 endloop
endfacet
facet normal -0.35903585 0 -0.9333237
 outer loop
  vertex 6.689208 -40.79999 -6.035852
  vertex 7.64796 7.6293945e-06 -6.40467
  vertex 7.64796 -40.79999 -6.40467
 endloop
endfacet
facet normal -0.35903585 -0 -0.9333237
 outer loop
  vertex 6.689208 7.6293945e-06 -6.035852
  vertex 6.689208 40.800007 -6.035852
  vertex 7.64796 40.800007 -6.40467
 endloop
endfacet
facet normal -0.35903585 0 -0.9333237
 outer loop
  vertex 6.689208 7.6293945e-06 -6.035852
  vertex 7.64796 40.800007 -6.40467
  vertex 7.64796 7.6293945e-06 -6.40467
 endloop
endfacet
facet normal -0.35903585 -0 -0.9333237
 outer loop
  vertex 6.689208 40.800007 -6.035852
  vertex 6.689208 81.600006 -6.035852
  vertex 7.64796 81.600006 -6.40467
 endloop
endfacet
facet normal -0.35903585 0 -0.9333237
 outer loop
  vertex 6.689208 40.800007 -6.035852
  vertex 7.64796 81.600006 -6.40467
  vertex 7.64796 40.800007 -6.40467
 endloop
endfacet
facet normal -0.35903588 -0 -0.9333238
 outer loop
  vertex 6.689208 81.600006 -6.035852
  vertex 6.689208 122.40001 -6.035852
  vertex 7.64796 122.40001 -6.40467
 endloop
endfacet
facet normal -0.35903588 0 -0.9333238
 outer loop
  vertex 6.689208 81.600006 -6.035852
  vertex 7.64796 122.40001 -6.40467
  vertex 7.64796 81.600006 -6.40467
 endloop
endfacet
facet normal -0.35903588 -0 -0.9333238
 outer loop
  vertex 6.689208 122.40001 -6.035852
  vertex 6.689208 163.20001 -6.035852
  vertex 7.64796 163.20001 -6.40467
 endloop
endfacet
facet normal -0.35903588 0 -0.9333238
 outer loop
  vertex 6.689208 122.40001 -6.035852
  vertex 7.64796 163.20001 -6.40467
  vertex 7.64796 122.40001 -6.40467
 endloop
endfacet
facet normal -0.48916364 0 0.872192
 outer loop
  vertex 3.635563 204 4.555922
  vertex 3.635563 163.20001 4.555922
  vertex 4.360529 163.2 4.962515
 endloop
endfacet
facet normal -0.48916367 0 0.872192
 outer loop
  vertex 3.635563 204 4.555922
  vertex 4.360529 163.2 4.962515
  vertex 4.360529 204 4.962515
 endloop
endfacet
facet normal -0.48916367 0 0.872192
 outer loop
  vertex 3.635563 163.20001 4.555922
  vertex 3.635563 122.40001 4.555922
  vertex 4.360529 122.399994 4.962515
 endloop
endfacet
facet normal -0.48916367 0 0.872192
 outer loop
  vertex 3.635563 163.20001 4.555922
  vertex 4.360529 122.399994 4.962515
  vertex 4.360529 163.2 4.962515
 endloop
endfacet
facet normal -0.48916367 0 0.872192
 outer loop
  vertex 3.635563 122.40001 4.555922
  vertex 3.635563 81.600006 4.555922
  vertex 4.360529 81.59999 4.962515
 endloop
endfacet
facet normal -0.48916367 0 0.872192
 outer loop
  vertex 3.635563 122.40001 4.555922
  vertex 4.360529 81.59999 4.962515
  vertex 4.360529 122.399994 4.962515
 endloop
endfacet
facet normal -0.4891636 0 0.87219197
 outer loop
  vertex 3.635563 81.600006 4.555922
  vertex 3.635563 40.800007 4.555922
  vertex 4.360529 40.79999 4.962515
 endloop
endfacet
facet normal -0.4891636 0 0.87219197
 outer loop
  vertex 3.635563 81.600006 4.555922
  vertex 4.360529 40.79999 4.962515
  vertex 4.360529 81.59999 4.962515
 endloop
endfacet
facet normal -0.4891636 0 0.87219197
 outer loop
  vertex 3.635563 40.800007 4.555922
  vertex 3.635563 7.6293945e-06 4.555922
  vertex 4.360529 -7.6293945e-06 4.962515
 endloop
endfacet
facet normal -0.4891636 0 0.87219197
 outer loop
  vertex 3.635563 40.800007 4.555922
  vertex 4.360529 -7.6293945e-06 4.962515
  vertex 4.360529 40.79999 4.962515
 endloop
endfacet
facet normal -0.4891636 0 0.87219197
 outer loop
  vertex 3.635563 7.6293945e-06 4.555922
  vertex 3.635563 -40.79999 4.555922
  vertex 4.360529 -40.800007 4.962515
 endloop
endfacet
facet normal -0.4891636 0 0.87219197
 outer loop
  vertex 3.635563 7.6293945e-06 4.555922
  vertex 4.360529 -40.800007 4.962515
  vertex 4.360529 -7.6293945e-06 4.962515
 endloop
endfacet
facet normal -0.4891636 0 0.87219197
 outer loop
  vertex 3.635563 -40.79999 4.555922
  vertex 3.635563 -81.59999 4.555922
  vertex 4.360529 -81.600006 4.962515
 endloop
endfacet
facet normal -0.4891636 0 0.87219197
 outer loop
  vertex 3.635563 -40.79999 4.555922
  vertex 4.360529 -81.600006 4.962515
  vertex 4.360529 -40.800007 4.962515
 endloop
endfacet
facet normal -0.48916367 0 0.872192
 outer loop
  vertex 3.635563 -81.59999 4.555922
  vertex 3.635563 -122.399994 4.555922
  vertex 4.360529 -122.40001 4.962515
 endloop
endfacet
facet normal -0.48916367 0 0.872192
 outer loop
  vertex 3.635563 -81.59999 4.555922
  vertex 4.360529 -122.40001 4.962515
  vertex 4.360529 -81.600006 4.962515
 endloop
endfacet
facet normal -0.48916367 0 0.872192
 outer loop
  vertex 3.635563 -122.399994 4.555922
  vertex 3.635563 -163.2 4.555922
  vertex 4.360529 -163.20001 4.962515
 endloop
endfacet
facet normal -0.48916367 0 0.872192
 outer loop
  vertex 3.635563 -122.399994 4.555922
  vertex 4.360529 -163.20001 4.962515
  vertex 4.360529 -122.40001 4.962515
 endloop
endfacet
facet normal 0.13064663 -0 0.99142903
 outer loop
  vertex 182.5283 204 3.089106
  vertex 182.5283 163.20001 3.089106
  vertex 204 163.2 0.2596499
 endloop
endfacet
facet normal 0.13064665 0 0.99142903
 outer loop
  vertex 182.5283 204 3.089106
  vertex 204 163.2 0.2596499
  vertex 204 204 0.2596499
 endloop
endfacet
facet normal 0.13064665 -0 0.99142903
 outer loop
  vertex 182.5283 163.20001 3.089106
  vertex 182.5283 122.40001 3.089106
  vertex 204 122.399994 0.2596499
 endloop
endfacet
facet normal 0.13064665 0 0.99142903
 outer loop
  vertex 182.5283 163.20001 3.089106
  vertex 204 122.399994 0.2596499
  vertex 204 163.2 0.2596499
 endloop
endfacet
facet normal 0.13064665 -0 0.99142903
 outer loop
  vertex 182.5283 122.40001 3.089106
  vertex 182.5283 81.600006 3.089106
  vertex 204 81.59999 0.2596499
 endloop
endfacet
facet normal 0.13064665 0 0.99142903
 outer loop
  vertex 182.5283 122.40001 3.089106
  vertex 204 81.59999 0.2596499
  vertex 204 122.399994 0.2596499
 endloop
endfacet
facet normal 0.13064663 -0 0.99142903
 outer loop
  vertex 182.5283 81.600006 3.089106
  vertex 182.5283 40.800007 3.089106
  vertex 204 40.79999 0.2596499
 endloop
endfacet
facet normal 0.13064663 0 0.99142903
 outer loop
  vertex 182.5283 81.600006 3.089106
  vertex 204 40.79999 0.2596499
  vertex 204 81.59999 0.2596499
 endloop
endfacet
facet normal 0.13064663 -0 0.99142903
 outer loop
  vertex 182.5283 40.800007 3.089106
  vertex 182.5283 7.6293945e-06 3.089106
  vertex 204 -7.6293945e-06 0.2596499
 endloop
endfacet
facet normal 0.13064663 0 0.99142903
 outer loop
  vertex 182.5283 40.800007 3.089106
  vertex 204 -7.6293945e-06 0.2596499
  vertex 204 40.79999 0.2596499
 endloop
endfacet
facet normal 0.13064663 -0 0.99142903
 outer loop
  vertex 182.5283 7.6293945e-06 3.089106
  vertex 182.5283 -40.79999 3.089106
  vertex 204 -40.800007 0.2596499
 endloop
endfacet
facet normal 0.13064663 0 0.99142903
 outer loop
  vertex 182.5283 7.6293945e-06 3.089106
  vertex 204 -40.800007 0.2596499
  vertex 204 -7.6293945e-06 0.2596499
 endloop
endfacet
facet normal 0.13064663 -0 0.99142903
 outer loop
  vertex 182.5283 -40.79999 3.089106
  vertex 182.5283 -81.59999 3.089106
  vertex 204 -81.600006 0.2596499
 endloop
endfacet
facet normal 0.13064663 0 0.99142903
 outer loop
  vertex 182.5283 -40.79999 3.089106
  vertex 204 -81.600006 0.2596499
  vertex 204 -40.800007 0.2596499
 endloop
endfacet
facet normal 0.13064665 -0 0.99142903
 outer loop
  vertex 182.5283 -81.59999 3.089106
  vertex 182.5283 -122.399994 3.089106
  vertex 204 -122.40001 0.2596499
 endloop
endfacet
facet normal 0.13064665 0 0.99142903
 outer loop
  vertex 182.5283 -81.59999 3.089106
  vertex 204 -122.40001 0.2596499
  vertex 204 -81.600006 0.2596499
 endloop
endfacet
facet normal 0.13064665 -0 0.99142903
 outer loop
  vertex 182.5283 -122.399994 3.089106
  vertex 182.5283 -163.2 3.089106
  vertex 204 -163.20001 0.2596499
 endloop
endfacet
facet normal 0.13064665 0 0.99142903
 outer loop
  vertex 182.5283 -122.399994 3.089106
  vertex 204 -163.20001 0.2596499
  vertex 204 -122.40001 0.2596499
 endloop
endfacet
facet normal 0.100803375 0 -0.99490637
 outer loop
  vertex 136.2469 204 -8.097034
  vertex 161.1574 204 -5.573117
  vertex 161.1574 163.20001 -5.573117
 endloop
endfacet
facet normal 0.100803375 0 -0.99490637
 outer loop
  vertex 136.2469 204 -8.097034
  vertex 161.1574 163.20001 -5.573117
  vertex 136.2469 163.20001 -8.097034
 endloop
endfacet
facet normal 0.100803375 0 -0.99490637
 outer loop
  vertex 136.2469 163.20001 -8.097034
  vertex 161.1574 163.20001 -5.573117
  vertex 161.1574 122.40001 -5.573117
 endloop
endfacet
facet normal 0.100803375 0 -0.99490637
 outer loop
  vertex 136.2469 163.20001 -8.097034
  vertex 161.1574 122.40001 -5.573117
  vertex 136.2469 122.40001 -8.097034
 endloop
endfacet
facet normal 0.100803375 0 -0.99490637
 outer loop
  vertex 136.2469 122.40001 -8.097034
  vertex 161.1574 122.40001 -5.573117
  vertex 161.1574 81.600006 -5.573117
 endloop
endfacet
facet normal 0.100803375 0 -0.99490637
 outer loop
  vertex 136.2469 122.40001 -8.097034
  vertex 161.1574 81.600006 -5.573117
  vertex 136.2469 81.600006 -8.097034
 endloop
endfacet
facet normal 0.100803375 0 -0.99490637
 outer loop
  vertex 136.2469 81.600006 -8.097034
  vertex 161.1574 81.600006 -5.573117
  vertex 161.1574 40.800007 -5.573117
 endloop
endfacet
facet normal 0.100803375 0 -0.99490637
 outer loop
  vertex 136.2469 81.600006 -8.097034
  vertex 161.1574 40.800007 -5.573117
  vertex 136.2469 40.800007 -8.097034
 endloop
endfacet
facet normal 0.100803375 0 -0.99490637
 outer loop
  vertex 136.2469 40.800007 -8.097034
  vertex 161.1574 40.800007 -5.573117
  vertex 161.1574 7.6293945e-06 -5.573117
 endloop
endfacet
facet normal 0.100803375 0 -0.99490637
 outer loop
  vertex 136.2469 40.800007 -8.097034
  vertex 161.1574 7.6293945e-06 -5.573117
  vertex 136.2469 7.6293945e-06 -8.097034
 endloop
endfacet
facet normal 0.100803375 0 -0.99490637
 outer loop
  vertex 136.2469 7.6293945e-06 -8.097034
  vertex 161.1574 7.6293945e-06 -5.573117
  vertex 161.1574 -40.79999 -5.573117
 endloop
endfacet
facet normal 0.100803375 0 -0.99490637
 outer loop
  vertex 136.2469 7.6293945e-06 -8.097034
  vertex 161.1574 -40.79999 -5.573117
  vertex 136.2469 -40.79999 -8.097034
 endloop
endfacet
facet normal 0.100803375 0 -0.99490637
 outer loop
  vertex 136.2469 -40.79999 -8.097034
  vertex 161.1574 -40.79999 -5.573117
  vertex 161.1574 -81.59999 -5.573117
 endloop
endfacet
facet normal 0.100803375 0 -0.99490637
 outer loop
  vertex 136.2469 -40.79999 -8.097034
  vertex 161.1574 -81.59999 -5.573117
  vertex 136.2469 -81.59999 -8.097034
 endloop
endfacet
facet normal 0.100803375 0 -0.99490637
 outer loop
  vertex 136.2469 -81.59999 -8.097034
  vertex 161.1574 -81.59999 -5.573117
  vertex 161.1574 -122.399994 -5.573117
 endloop
endfacet
facet normal 0.100803375 0 -0.99490637
 outer loop
  vertex 136.2469 -81.59999 -8.097034
  vertex 161.1574 -122.399994 -5.573117
  vertex 136.2469 -122.399994 -8.097034
 endloop
endfacet
facet normal 0.100803375 0 -0.99490637
 outer loop
  vertex 136.2469 -122.399994 -8.097034
  vertex 161.1574 -122.399994 -5.573117
  vertex 161.1574 -163.2 -5.573117
 endloop
endfacet
facet normal 0.100803375 0 -0.99490637
 outer loop
  vertex 136.2469 -122.399994 -8.097034
  vertex 161.1574 -163.2 -5.573117
  vertex 136.2469 -163.2 -8.097034
 endloop
endfacet
facet normal -0.038585994 0 -0.9992553
 outer loop
  vertex 48.70627 204 -12.05781
  vertex 48.70627 163.20001 -12.05781
  vertex 44.55112 163.20001 -11.89736
 endloop
endfacet
facet normal -0.038585994 -0 -0.9992553
 outer loop
  vertex 48.70627 204 -12.05781
  vertex 44.55112 163.20001 -11.89736
  vertex 44.55112 204 -11.89736
 endloop
endfacet
facet normal -0.038585994 0 -0.9992553
 outer loop
  vertex 48.70627 163.20001 -12.05781
  vertex 48.70627 122.40001 -12.05781
  vertex 44.55112 122.40001 -11.89736
 endloop
endfacet
facet normal -0.038585994 -0 -0.9992553
 outer loop
  vertex 48.70627 163.20001 -12.05781
  vertex 44.55112 122.40001 -11.89736
  vertex 44.55112 163.20001 -11.89736
 endloop
endfacet
facet normal -0.038585994 0 -0.9992553
 outer loop
  vertex 48.70627 122.40001 -12.05781
  vertex 48.70627 81.600006 -12.05781
  vertex 44.55112 81.600006 -11.89736
 endloop
endfacet
facet normal -0.038585994 -0 -0.9992553
 outer loop
  vertex 48.70627 122.40001 -12.05781
  vertex 44.55112 81.600006 -11.89736
  vertex 44.55112 122.40001 -11.89736
 endloop
endfacet
facet normal -0.038585994 0 -0.9992553
 outer loop
  vertex 48.70627 81.600006 -12.05781
  vertex 48.70627 40.800007 -12.05781
  vertex 44.55112 40.800007 -11.89736
 endloop
endfacet
facet normal -0.038585994 -0 -0.9992553
 outer loop
  vertex 48.70627 81.600006 -12.05781
  vertex 44.55112 40.800007 -11.89736
  vertex 44.55112 81.600006 -11.89736
 endloop
endfacet
facet normal -0.038585994 0 -0.9992553
 outer loop
  vertex 48.70627 40.800007 -12.05781
  vertex 48.70627 7.6293945e-06 -12.05781
  vertex 44.55112 7.6293945e-06 -11.89736
 endloop
endfacet
facet normal -0.038585994 -0 -0.9992553
 outer loop
  vertex 48.70627 40.800007 -12.05781
  vertex 44.55112 7.6293945e-06 -11.89736
  vertex 44.55112 40.800007 -11.89736
 endloop
endfacet
facet normal -0.038585994 0 -0.9992553
 outer loop
  vertex 48.70627 7.6293945e-06 -12.05781
  vertex 48.70627 -40.79999 -12.05781
  vertex 44.55112 -40.79999 -11.89736
 endloop
endfacet
facet normal -0.038585994 -0 -0.9992553
 outer loop
  vertex 48.70627 7.6293945e-06 -12.05781
  vertex 44.55112 -40.79999 -11.89736
  vertex 44.55112 7.6293945e-06 -11.89736
 endloop
endfacet
facet normal -0.038585994 0 -0.9992553
 outer loop
  vertex 48.70627 -40.79999 -12.05781
  vertex 48.70627 -81.59999 -12.05781
  vertex 44.55112 -81.59999 -11.89736
 endloop
endfacet
facet normal -0.038585994 -0 -0.9992553
 outer loop
  vertex 48.70627 -40.79999 -12.05781
  vertex 44.55112 -81.59999 -11.89736
  vertex 44.55112 -40.79999 -11.89736
 endloop
endfacet
facet normal -0.038585994 0 -0.9992553
 outer loop
  vertex 48.70627 -81.59999 -12.05781
  vertex 48.70627 -122.399994 -12.05781
  vertex 44.55112 -122.399994 -11.89736
 endloop
endfacet
facet normal -0.038585994 -0 -0.9992553
 outer loop
  vertex 48.70627 -81.59999 -12.05781
  vertex 44.55112 -122.399994 -11.89736
  vertex 44.55112 -81.59999 -11.89736
 endloop
endfacet
facet normal -0.038585994 0 -0.9992553
 outer loop
  vertex 48.70627 -122.399994 -12.05781
  vertex 48.70627 -163.2 -12.05781
  vertex 44.55112 -163.2 -11.89736
 endloop
endfacet
facet normal -0.038585994 -0 -0.9992553
 outer loop
  vertex 48.70627 -122.399994 -12.05781
  vertex 44.55112 -163.2 -11.89736
  vertex 44.55112 -122.399994 -11.89736
 endloop
endfacet
facet normal -0.015152043 0 0.9998852
 outer loop
  vertex 52.99727 204 12.1688
  vertex 52.99727 163.20001 12.1688
  vertex 56.36142 163.20001 12.21978
 endloop
endfacet
facet normal -0.015152043 0 0.9998852
 outer loop
  vertex 52.99727 204 12.1688
  vertex 56.36142 163.20001 12.21978
  vertex 56.36142 204 12.21978
 endloop
endfacet
facet normal -0.015152044 0 0.9998852
 outer loop
  vertex 52.99727 163.20001 12.1688
  vertex 52.99727 122.40001 12.1688
  vertex 56.36142 122.40001 12.21978
 endloop
endfacet
facet normal -0.015152044 0 0.9998852
 outer loop
  vertex 52.99727 163.20001 12.1688
  vertex 56.36142 122.40001 12.21978
  vertex 56.36142 163.20001 12.21978
 endloop
endfacet
facet normal -0.015152044 0 0.9998852
 outer loop
  vertex 52.99727 122.40001 12.1688
  vertex 52.99727 81.600006 12.1688
  vertex 56.36142 81.600006 12.21978
 endloop
endfacet
facet normal -0.015152044 0 0.9998852
 outer loop
  vertex 52.99727 122.40001 12.1688
  vertex 56.36142 81.600006 12.21978
  vertex 56.36142 122.40001 12.21978
 endloop
endfacet
facet normal -0.015152044 0 0.9998852
 outer loop
  vertex 52.99727 81.600006 12.1688
  vertex 52.99727 40.800007 12.1688
  vertex 56.36142 40.800007 12.21978
 endloop
endfacet
facet normal -0.015152044 0 0.9998852
 outer loop
  vertex 52.99727 81.600006 12.1688
  vertex 56.36142 40.800007 12.21978
  vertex 56.36142 81.600006 12.21978
 endloop
endfacet
facet normal -0.015152044 0 0.9998852
 outer loop
  vertex 52.99727 40.800007 12.1688
  vertex 52.99727 7.6293945e-06 12.1688
  vertex 56.36142 7.6293945e-06 12.21978
 endloop
endfacet
facet normal -0.015152044 0 0.9998852
 outer loop
  vertex 52.99727 40.800007 12.1688
  vertex 56.36142 7.6293945e-06 12.21978
  vertex 56.36142 40.800007 12.21978
 endloop
endfacet
facet normal -0.015152044 0 0.9998852
 outer loop
  vertex 52.99727 7.6293945e-06 12.1688
  vertex 52.99727 -40.79999 12.1688
  vertex 56.36142 -40.79999 12.21978
 endloop
endfacet
facet normal -0.015152044 0 0.9998852
 outer loop
  vertex 52.99727 7.6293945e-06 12.1688
  vertex 56.36142 -40.79999 12.21978
  vertex 56.36142 7.6293945e-06 12.21978
 endloop
endfacet
facet normal -0.015152044 0 0.9998852
 outer loop
  vertex 52.99727 -40.79999 12.1688
  vertex 52.99727 -81.59999 12.1688
  vertex 56.36142 -81.59999 12.21978
 endloop
endfacet
facet normal -0.015152044 0 0.9998852
 outer loop
  vertex 52.99727 -40.79999 12.1688
  vertex 56.36142 -81.59999 12.21978
  vertex 56.36142 -40.79999 12.21978
 endloop
endfacet
facet normal -0.015152044 0 0.9998852
 outer loop
  vertex 52.99727 -81.59999 12.1688
  vertex 52.99727 -122.399994 12.1688
  vertex 56.36142 -122.399994 12.21978
 endloop
endfacet
facet normal -0.015152044 0 0.9998852
 outer loop
  vertex 52.99727 -81.59999 12.1688
  vertex 56.36142 -122.399994 12.21978
  vertex 56.36142 -81.59999 12.21978
 endloop
endfacet
facet normal -0.015152044 0 0.9998852
 outer loop
  vertex 52.99727 -122.399994 12.1688
  vertex 52.99727 -163.2 12.1688
  vertex 56.36142 -163.2 12.21978
 endloop
endfacet
facet normal -0.015152044 0 0.9998852
 outer loop
  vertex 52.99727 -122.399994 12.1688
  vertex 56.36142 -163.2 12.21978
  vertex 56.36142 -122.399994 12.21978
 endloop
endfacet
facet normal 0.00073283655 0 -0.9999997
 outer loop
  vertex 56.36142 204 -12.21978
  vertex 66.51322 204 -12.21234
  vertex 66.51322 163.20001 -12.21234
 endloop
endfacet
facet normal 0.00073283655 0 -0.9999997
 outer loop
  vertex 56.36142 204 -12.21978
  vertex 66.51322 163.20001 -12.21234
  vertex 56.36142 163.2 -12.21978
 endloop
endfacet
facet normal 0.0007328365 0 -0.9999997
 outer loop
  vertex 56.36142 163.2 -12.21978
  vertex 66.51322 163.20001 -12.21234
  vertex 66.51322 122.40001 -12.21234
 endloop
endfacet
facet normal 0.00073283655 0 -0.9999997
 outer loop
  vertex 56.36142 163.2 -12.21978
  vertex 66.51322 122.40001 -12.21234
  vertex 56.36142 122.399994 -12.21978
 endloop
endfacet
facet normal 0.0007328365 0 -0.9999997
 outer loop
  vertex 56.36142 122.399994 -12.21978
  vertex 66.51322 122.40001 -12.21234
  vertex 66.51322 81.600006 -12.21234
 endloop
endfacet
facet normal 0.00073283655 0 -0.9999997
 outer loop
  vertex 56.36142 122.399994 -12.21978
  vertex 66.51322 81.600006 -12.21234
  vertex 56.36142 81.59999 -12.21978
 endloop
endfacet
facet normal 0.0007328365 0 -0.9999997
 outer loop
  vertex 56.36142 81.59999 -12.21978
  vertex 66.51322 81.600006 -12.21234
  vertex 66.51322 40.800007 -12.21234
 endloop
endfacet
facet normal 0.00073283655 0 -0.9999997
 outer loop
  vertex 56.36142 81.59999 -12.21978
  vertex 66.51322 40.800007 -12.21234
  vertex 56.36142 40.79999 -12.21978
 endloop
endfacet
facet normal 0.0007328365 0 -0.9999997
 outer loop
  vertex 56.36142 40.79999 -12.21978
  vertex 66.51322 40.800007 -12.21234
  vertex 66.51322 7.6293945e-06 -12.21234
 endloop
endfacet
facet normal 0.00073283655 0 -0.9999997
 outer loop
  vertex 56.36142 40.79999 -12.21978
  vertex 66.51322 7.6293945e-06 -12.21234
  vertex 56.36142 -7.6293945e-06 -12.21978
 endloop
endfacet
facet normal 0.0007328365 0 -0.9999997
 outer loop
  vertex 56.36142 -7.6293945e-06 -12.21978
  vertex 66.51322 7.6293945e-06 -12.21234
  vertex 66.51322 -40.79999 -12.21234
 endloop
endfacet
facet normal 0.00073283655 0 -0.9999997
 outer loop
  vertex 56.36142 -7.6293945e-06 -12.21978
  vertex 66.51322 -40.79999 -12.21234
  vertex 56.36142 -40.800007 -12.21978
 endloop
endfacet
facet normal 0.0007328365 0 -0.9999997
 outer loop
  vertex 56.36142 -40.800007 -12.21978
  vertex 66.51322 -40.79999 -12.21234
  vertex 66.51322 -81.59999 -12.21234
 endloop
endfacet
facet normal 0.00073283655 0 -0.9999997
 outer loop
  vertex 56.36142 -40.800007 -12.21978
  vertex 66.51322 -81.59999 -12.21234
  vertex 56.36142 -81.600006 -12.21978
 endloop
endfacet
facet normal 0.0007328365 0 -0.9999997
 outer loop
  vertex 56.36142 -81.600006 -12.21978
  vertex 66.51322 -81.59999 -12.21234
  vertex 66.51322 -122.399994 -12.21234
 endloop
endfacet
facet normal 0.00073283655 0 -0.9999997
 outer loop
  vertex 56.36142 -81.600006 -12.21978
  vertex 66.51322 -122.399994 -12.21234
  vertex 56.36142 -122.40001 -12.21978
 endloop
endfacet
facet normal 0.0007328365 0 -0.9999997
 outer loop
  vertex 56.36142 -122.40001 -12.21978
  vertex 66.51322 -122.399994 -12.21234
  vertex 66.51322 -163.2 -12.21234
 endloop
endfacet
facet normal 0.00073283655 0 -0.9999997
 outer loop
  vertex 56.36142 -122.40001 -12.21978
  vertex 66.51322 -163.2 -12.21234
  vertex 56.36142 -163.20001 -12.21978
 endloop
endfacet
facet normal -0.09879987 0 0.99510735
 outer loop
  vertex 30.441 204 10.87839
  vertex 30.441 163.2 10.87839
  vertex 32.09028 163.20001 11.04214
 endloop
endfacet
facet normal -0.09879987 0 0.99510735
 outer loop
  vertex 30.441 204 10.87839
  vertex 32.09028 163.20001 11.04214
  vertex 32.09028 204 11.04214
 endloop
endfacet
facet normal -0.09879987 0 0.99510735
 outer loop
  vertex 30.441 163.2 10.87839
  vertex 30.441 122.399994 10.87839
  vertex 32.09028 122.40001 11.04214
 endloop
endfacet
facet normal -0.09879987 0 0.99510735
 outer loop
  vertex 30.441 163.2 10.87839
  vertex 32.09028 122.40001 11.04214
  vertex 32.09028 163.20001 11.04214
 endloop
endfacet
facet normal -0.09879987 0 0.99510735
 outer loop
  vertex 30.441 122.399994 10.87839
  vertex 30.441 81.59999 10.87839
  vertex 32.09028 81.600006 11.04214
 endloop
endfacet
facet normal -0.09879987 0 0.99510735
 outer loop
  vertex 30.441 122.399994 10.87839
  vertex 32.09028 81.600006 11.04214
  vertex 32.09028 122.40001 11.04214
 endloop
endfacet
facet normal -0.09879988 0 0.99510735
 outer loop
  vertex 30.441 81.59999 10.87839
  vertex 30.441 40.79999 10.87839
  vertex 32.09028 40.800007 11.04214
 endloop
endfacet
facet normal -0.09879988 0 0.99510735
 outer loop
  vertex 30.441 81.59999 10.87839
  vertex 32.09028 40.800007 11.04214
  vertex 32.09028 81.600006 11.04214
 endloop
endfacet
facet normal -0.09879988 0 0.99510735
 outer loop
  vertex 30.441 40.79999 10.87839
  vertex 30.441 -7.6293945e-06 10.87839
  vertex 32.09028 7.6293945e-06 11.04214
 endloop
endfacet
facet normal -0.09879988 0 0.99510735
 outer loop
  vertex 30.441 40.79999 10.87839
  vertex 32.09028 7.6293945e-06 11.04214
  vertex 32.09028 40.800007 11.04214
 endloop
endfacet
facet normal -0.09879988 0 0.99510735
 outer loop
  vertex 30.441 -7.6293945e-06 10.87839
  vertex 30.441 -40.800007 10.87839
  vertex 32.09028 -40.79999 11.04214
 endloop
endfacet
facet normal -0.09879988 0 0.99510735
 outer loop
  vertex 30.441 -7.6293945e-06 10.87839
  vertex 32.09028 -40.79999 11.04214
  vertex 32.09028 7.6293945e-06 11.04214
 endloop
endfacet
facet normal -0.09879988 0 0.99510735
 outer loop
  vertex 30.441 -40.800007 10.87839
  vertex 30.441 -81.600006 10.87839
  vertex 32.09028 -81.59999 11.04214
 endloop
endfacet
facet normal -0.09879988 0 0.99510735
 outer loop
  vertex 30.441 -40.800007 10.87839
  vertex 32.09028 -81.59999 11.04214
  vertex 32.09028 -40.79999 11.04214
 endloop
endfacet
facet normal -0.09879987 0 0.99510735
 outer loop
  vertex 30.441 -81.600006 10.87839
  vertex 30.441 -122.40001 10.87839
  vertex 32.09028 -122.399994 11.04214
 endloop
endfacet
facet normal -0.09879987 0 0.99510735
 outer loop
  vertex 30.441 -81.600006 10.87839
  vertex 32.09028 -122.399994 11.04214
  vertex 32.09028 -81.59999 11.04214
 endloop
endfacet
facet normal -0.09879987 0 0.99510735
 outer loop
  vertex 30.441 -122.40001 10.87839
  vertex 30.441 -163.20001 10.87839
  vertex 32.09028 -163.2 11.04214
 endloop
endfacet
facet normal -0.09879987 0 0.99510735
 outer loop
  vertex 30.441 -122.40001 10.87839
  vertex 32.09028 -163.2 11.04214
  vertex 32.09028 -122.399994 11.04214
 endloop
endfacet
facet normal 0.0710355 0 -0.9974738
 outer loop
  vertex 103.0405 204 -10.73212
  vertex 117.8436 204 -9.677911
  vertex 117.8436 163.20001 -9.677911
 endloop
endfacet
facet normal 0.0710355 0 -0.9974738
 outer loop
  vertex 103.0405 204 -10.73212
  vertex 117.8436 163.20001 -9.677911
  vertex 103.0405 163.2 -10.73212
 endloop
endfacet
facet normal 0.0710355 0 -0.9974738
 outer loop
  vertex 103.0405 163.2 -10.73212
  vertex 117.8436 163.20001 -9.677911
  vertex 117.8436 122.40001 -9.677911
 endloop
endfacet
facet normal 0.0710355 0 -0.9974738
 outer loop
  vertex 103.0405 163.2 -10.73212
  vertex 117.8436 122.40001 -9.677911
  vertex 103.0405 122.399994 -10.73212
 endloop
endfacet
facet normal 0.0710355 0 -0.9974738
 outer loop
  vertex 103.0405 122.399994 -10.73212
  vertex 117.8436 122.40001 -9.677911
  vertex 117.8436 81.600006 -9.677911
 endloop
endfacet
facet normal 0.0710355 0 -0.9974738
 outer loop
  vertex 103.0405 122.399994 -10.73212
  vertex 117.8436 81.600006 -9.677911
  vertex 103.0405 81.59999 -10.73212
 endloop
endfacet
facet normal 0.0710355 0 -0.9974738
 outer loop
  vertex 103.0405 81.59999 -10.73212
  vertex 117.8436 81.600006 -9.677911
  vertex 117.8436 40.800007 -9.677911
 endloop
endfacet
facet normal 0.0710355 0 -0.9974738
 outer loop
  vertex 103.0405 81.59999 -10.73212
  vertex 117.8436 40.800007 -9.677911
  vertex 103.0405 40.79999 -10.73212
 endloop
endfacet
facet normal 0.0710355 0 -0.9974738
 outer loop
  vertex 103.0405 40.79999 -10.73212
  vertex 117.8436 40.800007 -9.677911
  vertex 117.8436 7.6293945e-06 -9.677911
 endloop
endfacet
facet normal 0.0710355 0 -0.9974738
 outer loop
  vertex 103.0405 40.79999 -10.73212
  vertex 117.8436 7.6293945e-06 -9.677911
  vertex 103.0405 -7.6293945e-06 -10.73212
 endloop
endfacet
facet normal 0.0710355 0 -0.9974738
 outer loop
  vertex 103.0405 -7.6293945e-06 -10.73212
  vertex 117.8436 7.6293945e-06 -9.677911
  vertex 117.8436 -40.79999 -9.677911
 endloop
endfacet
facet normal 0.0710355 0 -0.9974738
 outer loop
  vertex 103.0405 -7.6293945e-06 -10.73212
  vertex 117.8436 -40.79999 -9.677911
  vertex 103.0405 -40.800007 -10.73212
 endloop
endfacet
facet normal 0.0710355 0 -0.9974738
 outer loop
  vertex 103.0405 -40.800007 -10.73212
  vertex 117.8436 -40.79999 -9.677911
  vertex 117.8436 -81.59999 -9.677911
 endloop
endfacet
facet normal 0.0710355 0 -0.9974738
 outer loop
  vertex 103.0405 -40.800007 -10.73212
  vertex 117.8436 -81.59999 -9.677911
  vertex 103.0405 -81.600006 -10.73212
 endloop
endfacet
facet normal 0.0710355 0 -0.9974738
 outer loop
  vertex 103.0405 -81.600006 -10.73212
  vertex 117.8436 -81.59999 -9.677911
  vertex 117.8436 -122.399994 -9.677911
 endloop
endfacet
facet normal 0.0710355 0 -0.9974738
 outer loop
  vertex 103.0405 -81.600006 -10.73212
  vertex 117.8436 -122.399994 -9.677911
  vertex 103.0405 -122.40001 -10.73212
 endloop
endfacet
facet normal 0.0710355 0 -0.9974738
 outer loop
  vertex 103.0405 -122.40001 -10.73212
  vertex 117.8436 -122.399994 -9.677911
  vertex 117.8436 -163.2 -9.677911
 endloop
endfacet
facet normal 0.0710355 0 -0.9974738
 outer loop
  vertex 103.0405 -122.40001 -10.73212
  vertex 117.8436 -163.2 -9.677911
  vertex 103.0405 -163.20001 -10.73212
 endloop
endfacet
facet normal -0.18020612 0 0.98362887
 outer loop
  vertex 19.96656 204 9.470139
  vertex 17.51315 204 9.02066
  vertex 17.51315 163.20001 9.02066
 endloop
endfacet
facet normal -0.18020612 0 0.98362887
 outer loop
  vertex 19.96656 204 9.470139
  vertex 17.51315 163.20001 9.02066
  vertex 19.96656 163.20001 9.470139
 endloop
endfacet
facet normal -0.18020612 0 0.9836288
 outer loop
  vertex 19.96656 163.20001 9.470139
  vertex 17.51315 163.20001 9.02066
  vertex 17.51315 122.40001 9.02066
 endloop
endfacet
facet normal -0.18020612 0 0.9836288
 outer loop
  vertex 19.96656 163.20001 9.470139
  vertex 17.51315 122.40001 9.02066
  vertex 19.96656 122.40001 9.470139
 endloop
endfacet
facet normal -0.18020612 0 0.9836288
 outer loop
  vertex 19.96656 122.40001 9.470139
  vertex 17.51315 122.40001 9.02066
  vertex 17.51315 81.600006 9.02066
 endloop
endfacet
facet normal -0.18020612 0 0.9836288
 outer loop
  vertex 19.96656 122.40001 9.470139
  vertex 17.51315 81.600006 9.02066
  vertex 19.96656 81.600006 9.470139
 endloop
endfacet
facet normal -0.1802061 0 0.9836288
 outer loop
  vertex 19.96656 81.600006 9.470139
  vertex 17.51315 81.600006 9.02066
  vertex 17.51315 40.800007 9.02066
 endloop
endfacet
facet normal -0.1802061 0 0.9836288
 outer loop
  vertex 19.96656 81.600006 9.470139
  vertex 17.51315 40.800007 9.02066
  vertex 19.96656 40.800007 9.470139
 endloop
endfacet
facet normal -0.1802061 0 0.9836288
 outer loop
  vertex 19.96656 40.800007 9.470139
  vertex 17.51315 40.800007 9.02066
  vertex 17.51315 7.6293945e-06 9.02066
 endloop
endfacet
facet normal -0.1802061 0 0.9836288
 outer loop
  vertex 19.96656 40.800007 9.470139
  vertex 17.51315 7.6293945e-06 9.02066
  vertex 19.96656 7.6293945e-06 9.470139
 endloop
endfacet
facet normal -0.1802061 0 0.9836288
 outer loop
  vertex 19.96656 7.6293945e-06 9.470139
  vertex 17.51315 7.6293945e-06 9.02066
  vertex 17.51315 -40.79999 9.02066
 endloop
endfacet
facet normal -0.1802061 0 0.9836288
 outer loop
  vertex 19.96656 7.6293945e-06 9.470139
  vertex 17.51315 -40.79999 9.02066
  vertex 19.96656 -40.79999 9.470139
 endloop
endfacet
facet normal -0.1802061 0 0.9836288
 outer loop
  vertex 19.96656 -40.79999 9.470139
  vertex 17.51315 -40.79999 9.02066
  vertex 17.51315 -81.59999 9.02066
 endloop
endfacet
facet normal -0.1802061 0 0.9836288
 outer loop
  vertex 19.96656 -40.79999 9.470139
  vertex 17.51315 -81.59999 9.02066
  vertex 19.96656 -81.59999 9.470139
 endloop
endfacet
facet normal -0.18020612 0 0.9836288
 outer loop
  vertex 19.96656 -81.59999 9.470139
  vertex 17.51315 -81.59999 9.02066
  vertex 17.51315 -122.399994 9.02066
 endloop
endfacet
facet normal -0.18020612 0 0.9836288
 outer loop
  vertex 19.96656 -81.59999 9.470139
  vertex 17.51315 -122.399994 9.02066
  vertex 19.96656 -122.399994 9.470139
 endloop
endfacet
facet normal -0.18020612 0 0.9836288
 outer loop
  vertex 19.96656 -122.399994 9.470139
  vertex 17.51315 -122.399994 9.02066
  vertex 17.51315 -163.2 9.02066
 endloop
endfacet
facet normal -0.18020612 0 0.9836288
 outer loop
  vertex 19.96656 -122.399994 9.470139
  vertex 17.51315 -163.2 9.02066
  vertex 19.96656 -163.2 9.470139
 endloop
endfacet
facet normal -0.08626523 0 0.99627227
 outer loop
  vertex 32.09028 204 11.04214
  vertex 32.09028 163.20001 11.04214
  vertex 35.7737 163.20001 11.36108
 endloop
endfacet
facet normal -0.08626523 0 0.99627227
 outer loop
  vertex 32.09028 204 11.04214
  vertex 35.7737 163.20001 11.36108
  vertex 35.7737 204 11.36108
 endloop
endfacet
facet normal -0.08626522 0 0.99627227
 outer loop
  vertex 32.09028 163.20001 11.04214
  vertex 32.09028 122.40001 11.04214
  vertex 35.7737 122.40001 11.36108
 endloop
endfacet
facet normal -0.08626522 0 0.99627227
 outer loop
  vertex 32.09028 163.20001 11.04214
  vertex 35.7737 122.40001 11.36108
  vertex 35.7737 163.20001 11.36108
 endloop
endfacet
facet normal -0.08626522 0 0.99627227
 outer loop
  vertex 32.09028 122.40001 11.04214
  vertex 32.09028 81.600006 11.04214
  vertex 35.7737 81.600006 11.36108
 endloop
endfacet
facet normal -0.08626522 0 0.99627227
 outer loop
  vertex 32.09028 122.40001 11.04214
  vertex 35.7737 81.600006 11.36108
  vertex 35.7737 122.40001 11.36108
 endloop
endfacet
facet normal -0.08626522 0 0.99627227
 outer loop
  vertex 32.09028 81.600006 11.04214
  vertex 32.09028 40.800007 11.04214
  vertex 35.7737 40.800007 11.36108
 endloop
endfacet
facet normal -0.08626522 0 0.99627227
 outer loop
  vertex 32.09028 81.600006 11.04214
  vertex 35.7737 40.800007 11.36108
  vertex 35.7737 81.600006 11.36108
 endloop
endfacet
facet normal -0.08626522 0 0.99627227
 outer loop
  vertex 32.09028 40.800007 11.04214
  vertex 32.09028 7.6293945e-06 11.04214
  vertex 35.7737 7.6293945e-06 11.36108
 endloop
endfacet
facet normal -0.08626522 0 0.99627227
 outer loop
  vertex 32.09028 40.800007 11.04214
  vertex 35.7737 7.6293945e-06 11.36108
  vertex 35.7737 40.800007 11.36108
 endloop
endfacet
facet normal -0.08626522 0 0.99627227
 outer loop
  vertex 32.09028 7.6293945e-06 11.04214
  vertex 32.09028 -40.79999 11.04214
  vertex 35.7737 -40.79999 11.36108
 endloop
endfacet
facet normal -0.08626522 0 0.99627227
 outer loop
  vertex 32.09028 7.6293945e-06 11.04214
  vertex 35.7737 -40.79999 11.36108
  vertex 35.7737 7.6293945e-06 11.36108
 endloop
endfacet
facet normal -0.08626522 0 0.99627227
 outer loop
  vertex 32.09028 -40.79999 11.04214
  vertex 32.09028 -81.59999 11.04214
  vertex 35.7737 -81.59999 11.36108
 endloop
endfacet
facet normal -0.08626522 0 0.99627227
 outer loop
  vertex 32.09028 -40.79999 11.04214
  vertex 35.7737 -81.59999 11.36108
  vertex 35.7737 -40.79999 11.36108
 endloop
endfacet
facet normal -0.08626522 0 0.99627227
 outer loop
  vertex 32.09028 -81.59999 11.04214
  vertex 32.09028 -122.399994 11.04214
  vertex 35.7737 -122.399994 11.36108
 endloop
endfacet
facet normal -0.08626522 0 0.99627227
 outer loop
  vertex 32.09028 -81.59999 11.04214
  vertex 35.7737 -122.399994 11.36108
  vertex 35.7737 -81.59999 11.36108
 endloop
endfacet
facet normal -0.08626522 0 0.99627227
 outer loop
  vertex 32.09028 -122.399994 11.04214
  vertex 32.09028 -163.2 11.04214
  vertex 35.7737 -163.2 11.36108
 endloop
endfacet
facet normal -0.08626522 0 0.99627227
 outer loop
  vertex 32.09028 -122.399994 11.04214
  vertex 35.7737 -163.2 11.36108
  vertex 35.7737 -122.399994 11.36108
 endloop
endfacet
facet normal -0.22354612 0 0.97469336
 outer loop
  vertex 13.53145 -204 8.157851
  vertex 15.50211 -204 8.609822
  vertex 15.50211 -163.20001 8.609822
 endloop
endfacet
facet normal -0.22354613 0 0.97469336
 outer loop
  vertex 13.53145 -204 8.157851
  vertex 15.50211 -163.20001 8.609822
  vertex 13.53145 -163.2 8.157851
 endloop
endfacet
facet normal -0.2235461 0 0.97469336
 outer loop
  vertex 13.53145 -163.2 8.157851
  vertex 15.50211 -163.20001 8.609822
  vertex 15.50211 -122.40001 8.609822
 endloop
endfacet
facet normal -0.22354613 0 0.97469336
 outer loop
  vertex 13.53145 -163.2 8.157851
  vertex 15.50211 -122.40001 8.609822
  vertex 13.53145 -122.399994 8.157851
 endloop
endfacet
facet normal -0.2235461 0 0.97469336
 outer loop
  vertex 13.53145 -122.399994 8.157851
  vertex 15.50211 -122.40001 8.609822
  vertex 15.50211 -81.600006 8.609822
 endloop
endfacet
facet normal -0.22354613 0 0.97469336
 outer loop
  vertex 13.53145 -122.399994 8.157851
  vertex 15.50211 -81.600006 8.609822
  vertex 13.53145 -81.59999 8.157851
 endloop
endfacet
facet normal -0.2235461 0 0.97469336
 outer loop
  vertex 13.53145 -81.59999 8.157851
  vertex 15.50211 -81.600006 8.609822
  vertex 15.50211 -40.800007 8.609822
 endloop
endfacet
facet normal -0.22354613 0 0.97469336
 outer loop
  vertex 13.53145 -81.59999 8.157851
  vertex 15.50211 -40.800007 8.609822
  vertex 13.53145 -40.79999 8.157851
 endloop
endfacet
facet normal -0.2235461 0 0.97469336
 outer loop
  vertex 13.53145 -40.79999 8.157851
  vertex 15.50211 -40.800007 8.609822
  vertex 15.50211 -7.6293945e-06 8.609822
 endloop
endfacet
facet normal -0.22354613 0 0.97469336
 outer loop
  vertex 13.53145 -40.79999 8.157851
  vertex 15.50211 -7.6293945e-06 8.609822
  vertex 13.53145 7.6293945e-06 8.157851
 endloop
endfacet
facet normal -0.2235461 0 0.97469336
 outer loop
  vertex 13.53145 7.6293945e-06 8.157851
  vertex 15.50211 -7.6293945e-06 8.609822
  vertex 15.50211 40.79999 8.609822
 endloop
endfacet
facet normal -0.22354613 0 0.97469336
 outer loop
  vertex 13.53145 7.6293945e-06 8.157851
  vertex 15.50211 40.79999 8.609822
  vertex 13.53145 40.800007 8.157851
 endloop
endfacet
facet normal -0.2235461 0 0.97469336
 outer loop
  vertex 13.53145 40.800007 8.157851
  vertex 15.50211 40.79999 8.609822
  vertex 15.50211 81.59999 8.609822
 endloop
endfacet
facet normal -0.22354613 0 0.97469336
 outer loop
  vertex 13.53145 40.800007 8.157851
  vertex 15.50211 81.59999 8.609822
  vertex 13.53145 81.600006 8.157851
 endloop
endfacet
facet normal -0.2235461 0 0.97469336
 outer loop
  vertex 13.53145 81.600006 8.157851
  vertex 15.50211 81.59999 8.609822
  vertex 15.50211 122.399994 8.609822
 endloop
endfacet
facet normal -0.22354613 0 0.97469336
 outer loop
  vertex 13.53145 81.600006 8.157851
  vertex 15.50211 122.399994 8.609822
  vertex 13.53145 122.40001 8.157851
 endloop
endfacet
facet normal -0.2235461 0 0.97469336
 outer loop
  vertex 13.53145 122.40001 8.157851
  vertex 15.50211 122.399994 8.609822
  vertex 15.50211 163.2 8.609822
 endloop
endfacet
facet normal -0.22354613 0 0.97469336
 outer loop
  vertex 13.53145 122.40001 8.157851
  vertex 15.50211 163.2 8.609822
  vertex 13.53145 163.20001 8.157851
 endloop
endfacet
facet normal -0.12851107 0 -0.99170804
 outer loop
  vertex 27.01294 204 -10.49362
  vertex 27.01294 163.20001 -10.49362
  vertex 24.46798 163.20001 -10.16383
 endloop
endfacet
facet normal -0.12851107 -0 -0.99170804
 outer loop
  vertex 27.01294 204 -10.49362
  vertex 24.46798 163.20001 -10.16383
  vertex 24.46798 204 -10.16383
 endloop
endfacet
facet normal -0.12851107 0 -0.99170804
 outer loop
  vertex 27.01294 163.20001 -10.49362
  vertex 27.01294 122.40001 -10.49362
  vertex 24.46798 122.40001 -10.16383
 endloop
endfacet
facet normal -0.12851107 -0 -0.99170804
 outer loop
  vertex 27.01294 163.20001 -10.49362
  vertex 24.46798 122.40001 -10.16383
  vertex 24.46798 163.20001 -10.16383
 endloop
endfacet
facet normal -0.12851107 0 -0.99170804
 outer loop
  vertex 27.01294 122.40001 -10.49362
  vertex 27.01294 81.600006 -10.49362
  vertex 24.46798 81.600006 -10.16383
 endloop
endfacet
facet normal -0.12851107 -0 -0.99170804
 outer loop
  vertex 27.01294 122.40001 -10.49362
  vertex 24.46798 81.600006 -10.16383
  vertex 24.46798 122.40001 -10.16383
 endloop
endfacet
facet normal -0.12851107 0 -0.99170804
 outer loop
  vertex 27.01294 81.600006 -10.49362
  vertex 27.01294 40.800007 -10.49362
  vertex 24.46798 40.800007 -10.16383
 endloop
endfacet
facet normal -0.12851107 -0 -0.99170804
 outer loop
  vertex 27.01294 81.600006 -10.49362
  vertex 24.46798 40.800007 -10.16383
  vertex 24.46798 81.600006 -10.16383
 endloop
endfacet
facet normal -0.12851107 0 -0.99170804
 outer loop
  vertex 27.01294 40.800007 -10.49362
  vertex 27.01294 7.6293945e-06 -10.49362
  vertex 24.46798 7.6293945e-06 -10.16383
 endloop
endfacet
facet normal -0.12851107 -0 -0.99170804
 outer loop
  vertex 27.01294 40.800007 -10.49362
  vertex 24.46798 7.6293945e-06 -10.16383
  vertex 24.46798 40.800007 -10.16383
 endloop
endfacet
facet normal -0.12851107 0 -0.99170804
 outer loop
  vertex 27.01294 7.6293945e-06 -10.49362
  vertex 27.01294 -40.79999 -10.49362
  vertex 24.46798 -40.79999 -10.16383
 endloop
endfacet
facet normal -0.12851107 -0 -0.99170804
 outer loop
  vertex 27.01294 7.6293945e-06 -10.49362
  vertex 24.46798 -40.79999 -10.16383
  vertex 24.46798 7.6293945e-06 -10.16383
 endloop
endfacet
facet normal -0.12851107 0 -0.99170804
 outer loop
  vertex 27.01294 -40.79999 -10.49362
  vertex 27.01294 -81.59999 -10.49362
  vertex 24.46798 -81.59999 -10.16383
 endloop
endfacet
facet normal -0.12851107 -0 -0.99170804
 outer loop
  vertex 27.01294 -40.79999 -10.49362
  vertex 24.46798 -81.59999 -10.16383
  vertex 24.46798 -40.79999 -10.16383
 endloop
endfacet
facet normal -0.12851107 0 -0.99170804
 outer loop
  vertex 27.01294 -81.59999 -10.49362
  vertex 27.01294 -122.399994 -10.49362
  vertex 24.46798 -122.399994 -10.16383
 endloop
endfacet
facet normal -0.12851107 -0 -0.99170804
 outer loop
  vertex 27.01294 -81.59999 -10.49362
  vertex 24.46798 -122.399994 -10.16383
  vertex 24.46798 -81.59999 -10.16383
 endloop
endfacet
facet normal -0.12851107 0 -0.99170804
 outer loop
  vertex 27.01294 -122.399994 -10.49362
  vertex 27.01294 -163.2 -10.49362
  vertex 24.46798 -163.2 -10.16383
 endloop
endfacet
facet normal -0.12851107 -0 -0.99170804
 outer loop
  vertex 27.01294 -122.399994 -10.49362
  vertex 24.46798 -163.2 -10.16383
  vertex 24.46798 -122.399994 -10.16383
 endloop
endfacet
facet normal -0.11154102 0 -0.9937598
 outer loop
  vertex 30.441 204 -10.87839
  vertex 30.441 163.20001 -10.87839
  vertex 27.01294 163.20001 -10.49362
 endloop
endfacet
facet normal -0.11154102 -0 -0.9937598
 outer loop
  vertex 30.441 204 -10.87839
  vertex 27.01294 163.20001 -10.49362
  vertex 27.01294 204 -10.49362
 endloop
endfacet
facet normal -0.11154101 0 -0.9937598
 outer loop
  vertex 30.441 163.20001 -10.87839
  vertex 30.441 122.40001 -10.87839
  vertex 27.01294 122.40001 -10.49362
 endloop
endfacet
facet normal -0.11154101 -0 -0.9937598
 outer loop
  vertex 30.441 163.20001 -10.87839
  vertex 27.01294 122.40001 -10.49362
  vertex 27.01294 163.20001 -10.49362
 endloop
endfacet
facet normal -0.11154101 0 -0.9937598
 outer loop
  vertex 30.441 122.40001 -10.87839
  vertex 30.441 81.600006 -10.87839
  vertex 27.01294 81.600006 -10.49362
 endloop
endfacet
facet normal -0.11154101 -0 -0.9937598
 outer loop
  vertex 30.441 122.40001 -10.87839
  vertex 27.01294 81.600006 -10.49362
  vertex 27.01294 122.40001 -10.49362
 endloop
endfacet
facet normal -0.11154101 0 -0.9937598
 outer loop
  vertex 30.441 81.600006 -10.87839
  vertex 30.441 40.800007 -10.87839
  vertex 27.01294 40.800007 -10.49362
 endloop
endfacet
facet normal -0.11154101 -0 -0.9937598
 outer loop
  vertex 30.441 81.600006 -10.87839
  vertex 27.01294 40.800007 -10.49362
  vertex 27.01294 81.600006 -10.49362
 endloop
endfacet
facet normal -0.11154101 0 -0.9937598
 outer loop
  vertex 30.441 40.800007 -10.87839
  vertex 30.441 7.6293945e-06 -10.87839
  vertex 27.01294 7.6293945e-06 -10.49362
 endloop
endfacet
facet normal -0.11154101 -0 -0.9937598
 outer loop
  vertex 30.441 40.800007 -10.87839
  vertex 27.01294 7.6293945e-06 -10.49362
  vertex 27.01294 40.800007 -10.49362
 endloop
endfacet
facet normal -0.11154101 0 -0.9937598
 outer loop
  vertex 30.441 7.6293945e-06 -10.87839
  vertex 30.441 -40.79999 -10.87839
  vertex 27.01294 -40.79999 -10.49362
 endloop
endfacet
facet normal -0.11154101 -0 -0.9937598
 outer loop
  vertex 30.441 7.6293945e-06 -10.87839
  vertex 27.01294 -40.79999 -10.49362
  vertex 27.01294 7.6293945e-06 -10.49362
 endloop
endfacet
facet normal -0.11154101 0 -0.9937598
 outer loop
  vertex 30.441 -40.79999 -10.87839
  vertex 30.441 -81.59999 -10.87839
  vertex 27.01294 -81.59999 -10.49362
 endloop
endfacet
facet normal -0.11154101 -0 -0.9937598
 outer loop
  vertex 30.441 -40.79999 -10.87839
  vertex 27.01294 -81.59999 -10.49362
  vertex 27.01294 -40.79999 -10.49362
 endloop
endfacet
facet normal -0.11154101 0 -0.9937598
 outer loop
  vertex 30.441 -81.59999 -10.87839
  vertex 30.441 -122.399994 -10.87839
  vertex 27.01294 -122.399994 -10.49362
 endloop
endfacet
facet normal -0.11154101 -0 -0.9937598
 outer loop
  vertex 30.441 -81.59999 -10.87839
  vertex 27.01294 -122.399994 -10.49362
  vertex 27.01294 -81.59999 -10.49362
 endloop
endfacet
facet normal -0.11154101 0 -0.9937598
 outer loop
  vertex 30.441 -122.399994 -10.87839
  vertex 30.441 -163.2 -10.87839
  vertex 27.01294 -163.2 -10.49362
 endloop
endfacet
facet normal -0.11154101 -0 -0.9937598
 outer loop
  vertex 30.441 -122.399994 -10.87839
  vertex 27.01294 -163.2 -10.49362
  vertex 27.01294 -122.399994 -10.49362
 endloop
endfacet
facet normal -0.733232 0 0.6799785
 outer loop
  vertex 1.114224 -204 2.570937
  vertex 1.292233 -204 2.762887
  vertex 1.292233 -163.20001 2.762887
 endloop
endfacet
facet normal -0.733232 0 0.6799785
 outer loop
  vertex 1.114224 -204 2.570937
  vertex 1.292233 -163.20001 2.762887
  vertex 1.114224 -163.20001 2.570937
 endloop
endfacet
facet normal -0.733232 0 0.6799785
 outer loop
  vertex 1.114224 -163.20001 2.570937
  vertex 1.292233 -163.20001 2.762887
  vertex 1.292233 -122.40001 2.762887
 endloop
endfacet
facet normal -0.733232 0 0.6799785
 outer loop
  vertex 1.114224 -163.20001 2.570937
  vertex 1.292233 -122.40001 2.762887
  vertex 1.114224 -122.40001 2.570937
 endloop
endfacet
facet normal -0.733232 0 0.6799785
 outer loop
  vertex 1.114224 -122.40001 2.570937
  vertex 1.292233 -122.40001 2.762887
  vertex 1.292233 -81.600006 2.762887
 endloop
endfacet
facet normal -0.733232 0 0.6799785
 outer loop
  vertex 1.114224 -122.40001 2.570937
  vertex 1.292233 -81.600006 2.762887
  vertex 1.114224 -81.600006 2.570937
 endloop
endfacet
facet normal -0.7332321 0 0.67997855
 outer loop
  vertex 1.114224 -81.600006 2.570937
  vertex 1.292233 -81.600006 2.762887
  vertex 1.292233 -40.800007 2.762887
 endloop
endfacet
facet normal -0.7332321 0 0.67997855
 outer loop
  vertex 1.114224 -81.600006 2.570937
  vertex 1.292233 -40.800007 2.762887
  vertex 1.114224 -40.800007 2.570937
 endloop
endfacet
facet normal -0.7332321 0 0.67997855
 outer loop
  vertex 1.114224 -40.800007 2.570937
  vertex 1.292233 -40.800007 2.762887
  vertex 1.292233 -7.6293945e-06 2.762887
 endloop
endfacet
facet normal -0.7332321 0 0.67997855
 outer loop
  vertex 1.114224 -40.800007 2.570937
  vertex 1.292233 -7.6293945e-06 2.762887
  vertex 1.114224 -7.6293945e-06 2.570937
 endloop
endfacet
facet normal -0.7332321 0 0.67997855
 outer loop
  vertex 1.114224 -7.6293945e-06 2.570937
  vertex 1.292233 -7.6293945e-06 2.762887
  vertex 1.292233 40.79999 2.762887
 endloop
endfacet
facet normal -0.7332321 0 0.67997855
 outer loop
  vertex 1.114224 -7.6293945e-06 2.570937
  vertex 1.292233 40.79999 2.762887
  vertex 1.114224 40.79999 2.570937
 endloop
endfacet
facet normal -0.7332321 0 0.67997855
 outer loop
  vertex 1.114224 40.79999 2.570937
  vertex 1.292233 40.79999 2.762887
  vertex 1.292233 81.59999 2.762887
 endloop
endfacet
facet normal -0.7332321 0 0.67997855
 outer loop
  vertex 1.114224 40.79999 2.570937
  vertex 1.292233 81.59999 2.762887
  vertex 1.114224 81.59999 2.570937
 endloop
endfacet
facet normal -0.733232 0 0.6799785
 outer loop
  vertex 1.114224 81.59999 2.570937
  vertex 1.292233 81.59999 2.762887
  vertex 1.292233 122.399994 2.762887
 endloop
endfacet
facet normal -0.733232 0 0.6799785
 outer loop
  vertex 1.114224 81.59999 2.570937
  vertex 1.292233 122.399994 2.762887
  vertex 1.114224 122.399994 2.570937
 endloop
endfacet
facet normal -0.733232 0 0.6799785
 outer loop
  vertex 1.114224 122.399994 2.570937
  vertex 1.292233 122.399994 2.762887
  vertex 1.292233 163.2 2.762887
 endloop
endfacet
facet normal -0.733232 0 0.6799785
 outer loop
  vertex 1.114224 122.399994 2.570937
  vertex 1.292233 163.2 2.762887
  vertex 1.114224 163.2 2.570937
 endloop
endfacet
facet normal -0.24445471 0 0.9696607
 outer loop
  vertex 13.53145 204 8.157851
  vertex 12.41006 204 7.875145
  vertex 12.41006 163.20001 7.875145
 endloop
endfacet
facet normal -0.24445471 0 0.9696607
 outer loop
  vertex 13.53145 204 8.157851
  vertex 12.41006 163.20001 7.875145
  vertex 13.53145 163.20001 8.157851
 endloop
endfacet
facet normal -0.24445471 0 0.9696607
 outer loop
  vertex 13.53145 163.20001 8.157851
  vertex 12.41006 163.20001 7.875145
  vertex 12.41006 122.40001 7.875145
 endloop
endfacet
facet normal -0.24445471 0 0.9696607
 outer loop
  vertex 13.53145 163.20001 8.157851
  vertex 12.41006 122.40001 7.875145
  vertex 13.53145 122.40001 8.157851
 endloop
endfacet
facet normal -0.24445471 0 0.9696607
 outer loop
  vertex 13.53145 122.40001 8.157851
  vertex 12.41006 122.40001 7.875145
  vertex 12.41006 81.600006 7.875145
 endloop
endfacet
facet normal -0.24445471 0 0.9696607
 outer loop
  vertex 13.53145 122.40001 8.157851
  vertex 12.41006 81.600006 7.875145
  vertex 13.53145 81.600006 8.157851
 endloop
endfacet
facet normal -0.24445471 0 0.9696607
 outer loop
  vertex 13.53145 81.600006 8.157851
  vertex 12.41006 81.600006 7.875145
  vertex 12.41006 40.800007 7.875145
 endloop
endfacet
facet normal -0.24445471 0 0.9696607
 outer loop
  vertex 13.53145 81.600006 8.157851
  vertex 12.41006 40.800007 7.875145
  vertex 13.53145 40.800007 8.157851
 endloop
endfacet
facet normal -0.24445471 0 0.9696607
 outer loop
  vertex 13.53145 40.800007 8.157851
  vertex 12.41006 40.800007 7.875145
  vertex 12.41006 7.6293945e-06 7.875145
 endloop
endfacet
facet normal -0.24445471 0 0.9696607
 outer loop
  vertex 13.53145 40.800007 8.157851
  vertex 12.41006 7.6293945e-06 7.875145
  vertex 13.53145 7.6293945e-06 8.157851
 endloop
endfacet
facet normal -0.24445471 0 0.9696607
 outer loop
  vertex 13.53145 7.6293945e-06 8.157851
  vertex 12.41006 7.6293945e-06 7.875145
  vertex 12.41006 -40.79999 7.875145
 endloop
endfacet
facet normal -0.24445471 0 0.9696607
 outer loop
  vertex 13.53145 7.6293945e-06 8.157851
  vertex 12.41006 -40.79999 7.875145
  vertex 13.53145 -40.79999 8.157851
 endloop
endfacet
facet normal -0.24445471 0 0.9696607
 outer loop
  vertex 13.53145 -40.79999 8.157851
  vertex 12.41006 -40.79999 7.875145
  vertex 12.41006 -81.59999 7.875145
 endloop
endfacet
facet normal -0.24445471 0 0.9696607
 outer loop
  vertex 13.53145 -40.79999 8.157851
  vertex 12.41006 -81.59999 7.875145
  vertex 13.53145 -81.59999 8.157851
 endloop
endfacet
facet normal -0.24445471 0 0.9696607
 outer loop
  vertex 13.53145 -81.59999 8.157851
  vertex 12.41006 -81.59999 7.875145
  vertex 12.41006 -122.399994 7.875145
 endloop
endfacet
facet normal -0.24445471 0 0.9696607
 outer loop
  vertex 13.53145 -81.59999 8.157851
  vertex 12.41006 -122.399994 7.875145
  vertex 13.53145 -122.399994 8.157851
 endloop
endfacet
facet normal -0.24445471 0 0.9696607
 outer loop
  vertex 13.53145 -122.399994 8.157851
  vertex 12.41006 -122.399994 7.875145
  vertex 12.41006 -163.2 7.875145
 endloop
endfacet
facet normal -0.24445471 0 0.9696607
 outer loop
  vertex 13.53145 -122.399994 8.157851
  vertex 12.41006 -163.2 7.875145
  vertex 13.53145 -163.2 8.157851
 endloop
endfacet
facet normal -0.14717962 0 -0.9891098
 outer loop
  vertex 24.46798 204 -10.16383
  vertex 24.46798 163.20001 -10.16383
  vertex 21.34662 163.20001 -9.699371
 endloop
endfacet
facet normal -0.14717962 -0 -0.9891098
 outer loop
  vertex 24.46798 204 -10.16383
  vertex 21.34662 163.20001 -9.699371
  vertex 21.34662 204 -9.699371
 endloop
endfacet
facet normal -0.14717963 0 -0.9891098
 outer loop
  vertex 24.46798 163.20001 -10.16383
  vertex 24.46798 122.40001 -10.16383
  vertex 21.34662 122.40001 -9.699371
 endloop
endfacet
facet normal -0.14717963 -0 -0.9891098
 outer loop
  vertex 24.46798 163.20001 -10.16383
  vertex 21.34662 122.40001 -9.699371
  vertex 21.34662 163.20001 -9.699371
 endloop
endfacet
facet normal -0.14717963 0 -0.9891098
 outer loop
  vertex 24.46798 122.40001 -10.16383
  vertex 24.46798 81.600006 -10.16383
  vertex 21.34662 81.600006 -9.699371
 endloop
endfacet
facet normal -0.14717963 -0 -0.9891098
 outer loop
  vertex 24.46798 122.40001 -10.16383
  vertex 21.34662 81.600006 -9.699371
  vertex 21.34662 122.40001 -9.699371
 endloop
endfacet
facet normal -0.14717962 0 -0.98910975
 outer loop
  vertex 24.46798 81.600006 -10.16383
  vertex 24.46798 40.800007 -10.16383
  vertex 21.34662 40.800007 -9.699371
 endloop
endfacet
facet normal -0.14717962 -0 -0.98910975
 outer loop
  vertex 24.46798 81.600006 -10.16383
  vertex 21.34662 40.800007 -9.699371
  vertex 21.34662 81.600006 -9.699371
 endloop
endfacet
facet normal -0.14717962 0 -0.98910975
 outer loop
  vertex 24.46798 40.800007 -10.16383
  vertex 24.46798 7.6293945e-06 -10.16383
  vertex 21.34662 7.6293945e-06 -9.699371
 endloop
endfacet
facet normal -0.14717962 -0 -0.98910975
 outer loop
  vertex 24.46798 40.800007 -10.16383
  vertex 21.34662 7.6293945e-06 -9.699371
  vertex 21.34662 40.800007 -9.699371
 endloop
endfacet
facet normal -0.14717962 0 -0.98910975
 outer loop
  vertex 24.46798 7.6293945e-06 -10.16383
  vertex 24.46798 -40.79999 -10.16383
  vertex 21.34662 -40.79999 -9.699371
 endloop
endfacet
facet normal -0.14717962 -0 -0.98910975
 outer loop
  vertex 24.46798 7.6293945e-06 -10.16383
  vertex 21.34662 -40.79999 -9.699371
  vertex 21.34662 7.6293945e-06 -9.699371
 endloop
endfacet
facet normal -0.14717962 0 -0.98910975
 outer loop
  vertex 24.46798 -40.79999 -10.16383
  vertex 24.46798 -81.59999 -10.16383
  vertex 21.34662 -81.59999 -9.699371
 endloop
endfacet
facet normal -0.14717962 -0 -0.98910975
 outer loop
  vertex 24.46798 -40.79999 -10.16383
  vertex 21.34662 -81.59999 -9.699371
  vertex 21.34662 -40.79999 -9.699371
 endloop
endfacet
facet normal -0.14717963 0 -0.9891098
 outer loop
  vertex 24.46798 -81.59999 -10.16383
  vertex 24.46798 -122.399994 -10.16383
  vertex 21.34662 -122.399994 -9.699371
 endloop
endfacet
facet normal -0.14717963 -0 -0.9891098
 outer loop
  vertex 24.46798 -81.59999 -10.16383
  vertex 21.34662 -122.399994 -9.699371
  vertex 21.34662 -81.59999 -9.699371
 endloop
endfacet
facet normal -0.14717963 0 -0.9891098
 outer loop
  vertex 24.46798 -122.399994 -10.16383
  vertex 24.46798 -163.2 -10.16383
  vertex 21.34662 -163.2 -9.699371
 endloop
endfacet
facet normal -0.14717963 -0 -0.9891098
 outer loop
  vertex 24.46798 -122.399994 -10.16383
  vertex 21.34662 -163.2 -9.699371
  vertex 21.34662 -122.399994 -9.699371
 endloop
endfacet
facet normal -0.14717963 0 0.9891098
 outer loop
  vertex 24.46798 -204 10.16383
  vertex 24.46798 -163.2 10.16383
  vertex 21.34662 -163.2 9.699371
 endloop
endfacet
facet normal -0.14717963 0 0.9891098
 outer loop
  vertex 24.46798 -204 10.16383
  vertex 21.34662 -163.2 9.699371
  vertex 21.34662 -204 9.699371
 endloop
endfacet
facet normal -0.14717963 0 0.9891098
 outer loop
  vertex 24.46798 -163.2 10.16383
  vertex 24.46798 -122.399994 10.16383
  vertex 21.34662 -122.399994 9.699371
 endloop
endfacet
facet normal -0.14717963 0 0.9891098
 outer loop
  vertex 24.46798 -163.2 10.16383
  vertex 21.34662 -122.399994 9.699371
  vertex 21.34662 -163.2 9.699371
 endloop
endfacet
facet normal -0.14717963 0 0.9891098
 outer loop
  vertex 24.46798 -122.399994 10.16383
  vertex 24.46798 -81.59999 10.16383
  vertex 21.34662 -81.59999 9.699371
 endloop
endfacet
facet normal -0.14717963 0 0.9891098
 outer loop
  vertex 24.46798 -122.399994 10.16383
  vertex 21.34662 -81.59999 9.699371
  vertex 21.34662 -122.399994 9.699371
 endloop
endfacet
facet normal -0.14717962 0 0.98910975
 outer loop
  vertex 24.46798 -81.59999 10.16383
  vertex 24.46798 -40.79999 10.16383
  vertex 21.34662 -40.79999 9.699371
 endloop
endfacet
facet normal -0.14717962 0 0.98910975
 outer loop
  vertex 24.46798 -81.59999 10.16383
  vertex 21.34662 -40.79999 9.699371
  vertex 21.34662 -81.59999 9.699371
 endloop
endfacet
facet normal -0.14717962 0 0.98910975
 outer loop
  vertex 24.46798 -40.79999 10.16383
  vertex 24.46798 7.6293945e-06 10.16383
  vertex 21.34662 7.6293945e-06 9.699371
 endloop
endfacet
facet normal -0.14717962 0 0.98910975
 outer loop
  vertex 24.46798 -40.79999 10.16383
  vertex 21.34662 7.6293945e-06 9.699371
  vertex 21.34662 -40.79999 9.699371
 endloop
endfacet
facet normal -0.14717962 0 0.98910975
 outer loop
  vertex 24.46798 7.6293945e-06 10.16383
  vertex 24.46798 40.800007 10.16383
  vertex 21.34662 40.800007 9.699371
 endloop
endfacet
facet normal -0.14717962 0 0.98910975
 outer loop
  vertex 24.46798 7.6293945e-06 10.16383
  vertex 21.34662 40.800007 9.699371
  vertex 21.34662 7.6293945e-06 9.699371
 endloop
endfacet
facet normal -0.14717962 0 0.98910975
 outer loop
  vertex 24.46798 40.800007 10.16383
  vertex 24.46798 81.600006 10.16383
  vertex 21.34662 81.600006 9.699371
 endloop
endfacet
facet normal -0.14717962 0 0.98910975
 outer loop
  vertex 24.46798 40.800007 10.16383
  vertex 21.34662 81.600006 9.699371
  vertex 21.34662 40.800007 9.699371
 endloop
endfacet
facet normal -0.14717963 0 0.9891098
 outer loop
  vertex 24.46798 81.600006 10.16383
  vertex 24.46798 122.40001 10.16383
  vertex 21.34662 122.40001 9.699371
 endloop
endfacet
facet normal -0.14717963 0 0.9891098
 outer loop
  vertex 24.46798 81.600006 10.16383
  vertex 21.34662 122.40001 9.699371
  vertex 21.34662 81.600006 9.699371
 endloop
endfacet
facet normal -0.14717963 0 0.9891098
 outer loop
  vertex 24.46798 122.40001 10.16383
  vertex 24.46798 163.20001 10.16383
  vertex 21.34662 163.20001 9.699371
 endloop
endfacet
facet normal -0.14717963 0 0.9891098
 outer loop
  vertex 24.46798 122.40001 10.16383
  vertex 21.34662 163.20001 9.699371
  vertex 21.34662 122.40001 9.699371
 endloop
endfacet
facet normal -0.05219646 0 0.99863684
 outer loop
  vertex 40.54712 -204 11.68808
  vertex 44.55112 -204 11.89736
  vertex 44.55112 -163.2 11.89736
 endloop
endfacet
facet normal -0.05219646 0 0.99863684
 outer loop
  vertex 40.54712 -204 11.68808
  vertex 44.55112 -163.2 11.89736
  vertex 40.54712 -163.2 11.68808
 endloop
endfacet
facet normal -0.05219646 0 0.99863684
 outer loop
  vertex 40.54712 -163.2 11.68808
  vertex 44.55112 -163.2 11.89736
  vertex 44.55112 -122.399994 11.89736
 endloop
endfacet
facet normal -0.05219646 0 0.99863684
 outer loop
  vertex 40.54712 -163.2 11.68808
  vertex 44.55112 -122.399994 11.89736
  vertex 40.54712 -122.399994 11.68808
 endloop
endfacet
facet normal -0.05219646 0 0.99863684
 outer loop
  vertex 40.54712 -122.399994 11.68808
  vertex 44.55112 -122.399994 11.89736
  vertex 44.55112 -81.59999 11.89736
 endloop
endfacet
facet normal -0.05219646 0 0.99863684
 outer loop
  vertex 40.54712 -122.399994 11.68808
  vertex 44.55112 -81.59999 11.89736
  vertex 40.54712 -81.59999 11.68808
 endloop
endfacet
facet normal -0.05219647 0 0.99863684
 outer loop
  vertex 40.54712 -81.59999 11.68808
  vertex 44.55112 -81.59999 11.89736
  vertex 44.55112 -40.79999 11.89736
 endloop
endfacet
facet normal -0.05219647 0 0.99863684
 outer loop
  vertex 40.54712 -81.59999 11.68808
  vertex 44.55112 -40.79999 11.89736
  vertex 40.54712 -40.79999 11.68808
 endloop
endfacet
facet normal -0.05219647 0 0.99863684
 outer loop
  vertex 40.54712 -40.79999 11.68808
  vertex 44.55112 -40.79999 11.89736
  vertex 44.55112 7.6293945e-06 11.89736
 endloop
endfacet
facet normal -0.05219647 0 0.99863684
 outer loop
  vertex 40.54712 -40.79999 11.68808
  vertex 44.55112 7.6293945e-06 11.89736
  vertex 40.54712 7.6293945e-06 11.68808
 endloop
endfacet
facet normal -0.05219647 0 0.99863684
 outer loop
  vertex 40.54712 7.6293945e-06 11.68808
  vertex 44.55112 7.6293945e-06 11.89736
  vertex 44.55112 40.800007 11.89736
 endloop
endfacet
facet normal -0.05219647 0 0.99863684
 outer loop
  vertex 40.54712 7.6293945e-06 11.68808
  vertex 44.55112 40.800007 11.89736
  vertex 40.54712 40.800007 11.68808
 endloop
endfacet
facet normal -0.05219647 0 0.99863684
 outer loop
  vertex 40.54712 40.800007 11.68808
  vertex 44.55112 40.800007 11.89736
  vertex 44.55112 81.600006 11.89736
 endloop
endfacet
facet normal -0.05219647 0 0.99863684
 outer loop
  vertex 40.54712 40.800007 11.68808
  vertex 44.55112 81.600006 11.89736
  vertex 40.54712 81.600006 11.68808
 endloop
endfacet
facet normal -0.05219646 0 0.99863684
 outer loop
  vertex 40.54712 81.600006 11.68808
  vertex 44.55112 81.600006 11.89736
  vertex 44.55112 122.40001 11.89736
 endloop
endfacet
facet normal -0.05219646 0 0.99863684
 outer loop
  vertex 40.54712 81.600006 11.68808
  vertex 44.55112 122.40001 11.89736
  vertex 40.54712 122.40001 11.68808
 endloop
endfacet
facet normal -0.05219646 0 0.99863684
 outer loop
  vertex 40.54712 122.40001 11.68808
  vertex 44.55112 122.40001 11.89736
  vertex 44.55112 163.20001 11.89736
 endloop
endfacet
facet normal -0.05219646 0 0.99863684
 outer loop
  vertex 40.54712 122.40001 11.68808
  vertex 44.55112 163.20001 11.89736
  vertex 40.54712 163.20001 11.68808
 endloop
endfacet
facet normal -0.3014062 -0 -0.95349586
 outer loop
  vertex 10.16323 -204 -7.245791
  vertex 9.05181 -204 -6.894464
  vertex 9.05181 -163.2 -6.894464
 endloop
endfacet
facet normal -0.3014062 0 -0.95349586
 outer loop
  vertex 10.16323 -204 -7.245791
  vertex 9.05181 -163.2 -6.894464
  vertex 10.16323 -163.2 -7.245791
 endloop
endfacet
facet normal -0.3014062 -0 -0.95349586
 outer loop
  vertex 10.16323 -163.2 -7.245791
  vertex 9.05181 -163.2 -6.894464
  vertex 9.05181 -122.399994 -6.894464
 endloop
endfacet
facet normal -0.3014062 0 -0.95349586
 outer loop
  vertex 10.16323 -163.2 -7.245791
  vertex 9.05181 -122.399994 -6.894464
  vertex 10.16323 -122.399994 -7.245791
 endloop
endfacet
facet normal -0.3014062 -0 -0.95349586
 outer loop
  vertex 10.16323 -122.399994 -7.245791
  vertex 9.05181 -122.399994 -6.894464
  vertex 9.05181 -81.59999 -6.894464
 endloop
endfacet
facet normal -0.3014062 0 -0.95349586
 outer loop
  vertex 10.16323 -122.399994 -7.245791
  vertex 9.05181 -81.59999 -6.894464
  vertex 10.16323 -81.59999 -7.245791
 endloop
endfacet
facet normal -0.3014062 -0 -0.9534958
 outer loop
  vertex 10.16323 -81.59999 -7.245791
  vertex 9.05181 -81.59999 -6.894464
  vertex 9.05181 -40.79999 -6.894464
 endloop
endfacet
facet normal -0.3014062 0 -0.9534958
 outer loop
  vertex 10.16323 -81.59999 -7.245791
  vertex 9.05181 -40.79999 -6.894464
  vertex 10.16323 -40.79999 -7.245791
 endloop
endfacet
facet normal -0.3014062 -0 -0.9534958
 outer loop
  vertex 10.16323 -40.79999 -7.245791
  vertex 9.05181 -40.79999 -6.894464
  vertex 9.05181 7.6293945e-06 -6.894464
 endloop
endfacet
facet normal -0.3014062 0 -0.9534958
 outer loop
  vertex 10.16323 -40.79999 -7.245791
  vertex 9.05181 7.6293945e-06 -6.894464
  vertex 10.16323 7.6293945e-06 -7.245791
 endloop
endfacet
facet normal -0.3014062 -0 -0.9534958
 outer loop
  vertex 10.16323 7.6293945e-06 -7.245791
  vertex 9.05181 7.6293945e-06 -6.894464
  vertex 9.05181 40.800007 -6.894464
 endloop
endfacet
facet normal -0.3014062 0 -0.9534958
 outer loop
  vertex 10.16323 7.6293945e-06 -7.245791
  vertex 9.05181 40.800007 -6.894464
  vertex 10.16323 40.800007 -7.245791
 endloop
endfacet
facet normal -0.3014062 -0 -0.9534958
 outer loop
  vertex 10.16323 40.800007 -7.245791
  vertex 9.05181 40.800007 -6.894464
  vertex 9.05181 81.600006 -6.894464
 endloop
endfacet
facet normal -0.3014062 0 -0.9534958
 outer loop
  vertex 10.16323 40.800007 -7.245791
  vertex 9.05181 81.600006 -6.894464
  vertex 10.16323 81.600006 -7.245791
 endloop
endfacet
facet normal -0.3014062 -0 -0.95349586
 outer loop
  vertex 10.16323 81.600006 -7.245791
  vertex 9.05181 81.600006 -6.894464
  vertex 9.05181 122.40001 -6.894464
 endloop
endfacet
facet normal -0.3014062 0 -0.95349586
 outer loop
  vertex 10.16323 81.600006 -7.245791
  vertex 9.05181 122.40001 -6.894464
  vertex 10.16323 122.40001 -7.245791
 endloop
endfacet
facet normal -0.3014062 -0 -0.95349586
 outer loop
  vertex 10.16323 122.40001 -7.245791
  vertex 9.05181 122.40001 -6.894464
  vertex 9.05181 163.20001 -6.894464
 endloop
endfacet
facet normal -0.3014062 0 -0.95349586
 outer loop
  vertex 10.16323 122.40001 -7.245791
  vertex 9.05181 163.20001 -6.894464
  vertex 10.16323 163.20001 -7.245791
 endloop
endfacet
facet normal -0.78547037 0 -0.6188992
 outer loop
  vertex 1.114224 204 -2.570937
  vertex 1.114224 163.20001 -2.570937
  vertex 0.792426 163.20001 -2.16253
 endloop
endfacet
facet normal -0.78547037 -0 -0.6188992
 outer loop
  vertex 1.114224 204 -2.570937
  vertex 0.792426 163.20001 -2.16253
  vertex 0.792426 204 -2.16253
 endloop
endfacet
facet normal -0.78547037 0 -0.6188992
 outer loop
  vertex 1.114224 163.20001 -2.570937
  vertex 1.114224 122.40001 -2.570937
  vertex 0.792426 122.40001 -2.16253
 endloop
endfacet
facet normal -0.78547037 -0 -0.6188992
 outer loop
  vertex 1.114224 163.20001 -2.570937
  vertex 0.792426 122.40001 -2.16253
  vertex 0.792426 163.20001 -2.16253
 endloop
endfacet
facet normal -0.78547037 0 -0.6188992
 outer loop
  vertex 1.114224 122.40001 -2.570937
  vertex 1.114224 81.600006 -2.570937
  vertex 0.792426 81.600006 -2.16253
 endloop
endfacet
facet normal -0.78547037 -0 -0.6188992
 outer loop
  vertex 1.114224 122.40001 -2.570937
  vertex 0.792426 81.600006 -2.16253
  vertex 0.792426 122.40001 -2.16253
 endloop
endfacet
facet normal -0.78547037 0 -0.6188992
 outer loop
  vertex 1.114224 81.600006 -2.570937
  vertex 1.114224 40.800007 -2.570937
  vertex 0.792426 40.800007 -2.16253
 endloop
endfacet
facet normal -0.78547037 -0 -0.6188992
 outer loop
  vertex 1.114224 81.600006 -2.570937
  vertex 0.792426 40.800007 -2.16253
  vertex 0.792426 81.600006 -2.16253
 endloop
endfacet
facet normal -0.78547037 0 -0.6188992
 outer loop
  vertex 1.114224 40.800007 -2.570937
  vertex 1.114224 7.6293945e-06 -2.570937
  vertex 0.792426 7.6293945e-06 -2.16253
 endloop
endfacet
facet normal -0.78547037 -0 -0.6188992
 outer loop
  vertex 1.114224 40.800007 -2.570937
  vertex 0.792426 7.6293945e-06 -2.16253
  vertex 0.792426 40.800007 -2.16253
 endloop
endfacet
facet normal -0.78547037 0 -0.6188992
 outer loop
  vertex 1.114224 7.6293945e-06 -2.570937
  vertex 1.114224 -40.79999 -2.570937
  vertex 0.792426 -40.79999 -2.16253
 endloop
endfacet
facet normal -0.78547037 -0 -0.6188992
 outer loop
  vertex 1.114224 7.6293945e-06 -2.570937
  vertex 0.792426 -40.79999 -2.16253
  vertex 0.792426 7.6293945e-06 -2.16253
 endloop
endfacet
facet normal -0.78547037 0 -0.6188992
 outer loop
  vertex 1.114224 -40.79999 -2.570937
  vertex 1.114224 -81.59999 -2.570937
  vertex 0.792426 -81.59999 -2.16253
 endloop
endfacet
facet normal -0.78547037 -0 -0.6188992
 outer loop
  vertex 1.114224 -40.79999 -2.570937
  vertex 0.792426 -81.59999 -2.16253
  vertex 0.792426 -40.79999 -2.16253
 endloop
endfacet
facet normal -0.78547037 0 -0.6188992
 outer loop
  vertex 1.114224 -81.59999 -2.570937
  vertex 1.114224 -122.399994 -2.570937
  vertex 0.792426 -122.399994 -2.16253
 endloop
endfacet
facet normal -0.78547037 -0 -0.6188992
 outer loop
  vertex 1.114224 -81.59999 -2.570937
  vertex 0.792426 -122.399994 -2.16253
  vertex 0.792426 -81.59999 -2.16253
 endloop
endfacet
facet normal -0.78547037 0 -0.6188992
 outer loop
  vertex 1.114224 -122.399994 -2.570937
  vertex 1.114224 -163.2 -2.570937
  vertex 0.792426 -163.2 -2.16253
 endloop
endfacet
facet normal -0.78547037 -0 -0.6188992
 outer loop
  vertex 1.114224 -122.399994 -2.570937
  vertex 0.792426 -163.2 -2.16253
  vertex 0.792426 -122.399994 -2.16253
 endloop
endfacet
facet normal 0.00073283655 -0 0.9999997
 outer loop
  vertex 56.36142 204 12.21978
  vertex 56.36142 163.20001 12.21978
  vertex 66.51322 163.20001 12.21234
 endloop
endfacet
facet normal 0.00073283655 0 0.9999997
 outer loop
  vertex 56.36142 204 12.21978
  vertex 66.51322 163.20001 12.21234
  vertex 66.51322 204 12.21234
 endloop
endfacet
facet normal 0.0007328365 -0 0.9999997
 outer loop
  vertex 56.36142 163.20001 12.21978
  vertex 56.36142 122.40001 12.21978
  vertex 66.51322 122.40001 12.21234
 endloop
endfacet
facet normal 0.0007328365 0 0.9999997
 outer loop
  vertex 56.36142 163.20001 12.21978
  vertex 66.51322 122.40001 12.21234
  vertex 66.51322 163.20001 12.21234
 endloop
endfacet
facet normal 0.0007328365 -0 0.9999997
 outer loop
  vertex 56.36142 122.40001 12.21978
  vertex 56.36142 81.600006 12.21978
  vertex 66.51322 81.600006 12.21234
 endloop
endfacet
facet normal 0.0007328365 0 0.9999997
 outer loop
  vertex 56.36142 122.40001 12.21978
  vertex 66.51322 81.600006 12.21234
  vertex 66.51322 122.40001 12.21234
 endloop
endfacet
facet normal 0.0007328365 -0 0.9999997
 outer loop
  vertex 56.36142 81.600006 12.21978
  vertex 56.36142 40.800007 12.21978
  vertex 66.51322 40.800007 12.21234
 endloop
endfacet
facet normal 0.0007328365 0 0.9999997
 outer loop
  vertex 56.36142 81.600006 12.21978
  vertex 66.51322 40.800007 12.21234
  vertex 66.51322 81.600006 12.21234
 endloop
endfacet
facet normal 0.0007328365 -0 0.9999997
 outer loop
  vertex 56.36142 40.800007 12.21978
  vertex 56.36142 7.6293945e-06 12.21978
  vertex 66.51322 7.6293945e-06 12.21234
 endloop
endfacet
facet normal 0.0007328365 0 0.9999997
 outer loop
  vertex 56.36142 40.800007 12.21978
  vertex 66.51322 7.6293945e-06 12.21234
  vertex 66.51322 40.800007 12.21234
 endloop
endfacet
facet normal 0.0007328365 -0 0.9999997
 outer loop
  vertex 56.36142 7.6293945e-06 12.21978
  vertex 56.36142 -40.79999 12.21978
  vertex 66.51322 -40.79999 12.21234
 endloop
endfacet
facet normal 0.0007328365 0 0.9999997
 outer loop
  vertex 56.36142 7.6293945e-06 12.21978
  vertex 66.51322 -40.79999 12.21234
  vertex 66.51322 7.6293945e-06 12.21234
 endloop
endfacet
facet normal 0.0007328365 -0 0.9999997
 outer loop
  vertex 56.36142 -40.79999 12.21978
  vertex 56.36142 -81.59999 12.21978
  vertex 66.51322 -81.59999 12.21234
 endloop
endfacet
facet normal 0.0007328365 0 0.9999997
 outer loop
  vertex 56.36142 -40.79999 12.21978
  vertex 66.51322 -81.59999 12.21234
  vertex 66.51322 -40.79999 12.21234
 endloop
endfacet
facet normal 0.0007328365 -0 0.9999997
 outer loop
  vertex 56.36142 -81.59999 12.21978
  vertex 56.36142 -122.399994 12.21978
  vertex 66.51322 -122.399994 12.21234
 endloop
endfacet
facet normal 0.0007328365 0 0.9999997
 outer loop
  vertex 56.36142 -81.59999 12.21978
  vertex 66.51322 -122.399994 12.21234
  vertex 66.51322 -81.59999 12.21234
 endloop
endfacet
facet normal 0.0007328365 -0 0.9999997
 outer loop
  vertex 56.36142 -122.399994 12.21978
  vertex 56.36142 -163.2 12.21978
  vertex 66.51322 -163.2 12.21234
 endloop
endfacet
facet normal 0.0007328365 0 0.9999997
 outer loop
  vertex 56.36142 -122.399994 12.21978
  vertex 66.51322 -163.2 12.21234
  vertex 66.51322 -122.399994 12.21234
 endloop
endfacet
endsolid 
